Survey_Round,CID,Community,WC1_Set1,WC1_Set2,WC1_Set3,WC1_TnoF,WC1_NoLO,WC1_NoPTNLO,WC1_NoCArr_2y,WC1_NoZ,WC1_Name1,WC1_Percent1,WC1_Name2,WC1_Percent2,WC1_Name3,WC1_Percent3,WC1_HAH_Acres,WC1_MAH_Acres,WC1_TAH_Acres,WC1_LH_FLargest,WC1_LH_Slargest,WC1_LH_TLargest,WC1_LO_IA,WC1_LO_IAHP,WC1_LO_OP,WC1_LO_OPHP,WC1_LO_Pol,WC1_LO_PolHP,WC1_FO,WC1_FOStart_y,WC1_FO_Init,WC1_FO_EWC,WC1_FO_HWC,WC1_FO_MWC,WC1_FO_TWC,WC1_FMnI_EWC,WC1_FMnI_HWC,WC1_FMnI_MWC,WC1_FMnI_TWC,WC1_FO_CoActive,WC1_FExchCT,WC1_FExchCT_Percent,WC1_FExchCT_Head,WC1_FExchCT_Mid,WC1_FExchCT_Tail,WC1_FSCT,WC1_FSCT_Percent,WC1_FSCT_Head,WC1_FSCT_Mid,WC1_FSCT_Tail,WC1_Lining_Init,WC1_OpenK_w,WC1_OpenR_w,WC2_Set1,WC2_Set2,WC2_Set3,WC2_TnoF,WC2_NoLO,WC2_NoPTNLO,WC2_NoCArr_2y,WC2_NoZ,WC2_Name1,WC2_Percent1,WC2_Name2,WC2_Percent2,WC2_Name3,WC2_Percent3,WC2_HAH_Acres,WC2_MAH_Acres,WC2_TAH_Acres,WC2_LH_FLargest,WC2_LH_Slargest,WC2_LH_TLargest,WC2_LO_IA,WC2_LO_IAHP,WC2_LO_OP,WC2_LO_OPHP,WC2_LO_Pol,WC2_LO_PolHP,WC2_FO,WC2_FOStart_y,WC2_FO_Init,WC2_FO_EWC,WC2_FO_HWC,WC2_FO_MWC,WC2_FO_TWC,WC2_FMnI_EWC,WC2_FMnI_HWC,WC2_FMnI_MWC,WC2_FMnI_TWC,WC2_FO_CoActive,WC2_FExchCT,WC2_FExchCT_Percent,WC2_FExchCT_Head,WC2_FExchCT_Mid,WC2_FExchCT_Tail,WC2_FSCT,WC2_FSCT_Percent,WC2_FSCT_Head,WC2_FSCT_Mid,S11_Q_23_C_WC2_TAIL,WC2_Lining_Init,WC3_Set1,WC3_Set2,WC3_Set3,WC3_TnoF,WC3_NoLO,WC3_NoPTNLO,WC3_NoCArr_2y,WC3_NoZ,WC3_Name1,WC3_Percent1,WC3_Name2,WC3_Percent2,WC3_Name3,WC3_Percent3,WC3_HAH_Acres,WC3_MAH_Acres,WC3_TAH_Acres,WC3_LH_FLargest,WC3_LH_Slargest,WC3_LH_TLargest,WC3_LO_IA,WC3_LO_IAHP,WC3_LO_OP,WC3_LO_OPHP,WC3_LO_Pol,WC3_LO_PolHP,WC3_FO,WC3_FOStart_y,WC3_FO_Init,WC3_FO_EWC,WC3_FO_HWC,WC3_FO_MWC,WC3_FO_TWC,WC3_FMnI_EWC,WC3_FMnI_HWC,WC3_FMnI_MWC,WC3_FMnI_TWC,WC3_FO_CoActive,WC3_FExchCT,WC3_FExchCT_Percent,WC3_FExchCT_Head,WC3_FExchCT_Mid,WC3_FExchCT_Tail,WC3_FSCT,WC3_FSCT_Percent,WC3_FSCT_Head,WC3_FSCT_Mid,WC3_FSCT_Tail,WC3_Lining_Init,FID,P_ID,D_ID,T_ID,UC_ID,M_ID,Item_ID,WC_CanalFull_w,WC_CanalHalf_w,WC_CanalQuarter_w,WC_CanalEmpty_w,WC_CNotFull_Res
1,101010101,1,GARA SINGH WALA,,,18.0,15.0,3.0,0.0,2.0,MEO,70.0,PUNJABI,30.0,,0.0,4.0,5.0,3.0,70.0,32.0,16.0,0.0,,0.0,,0.0,,4.0,,,,,,,100.0,10.0,50.0,40.0,0.0,1.0,10.0,2.0,3.0,1.0,1.0,3.0,2.0,3.0,1.0,2.0,,,,,,,,,,,,,,,,,,,,,,,,,,,,,,,,,,,,,,,,,,,,,,,,,,,,,,,,,,,,,,,,,,,,,,,,,,,,,,,,,,,,,,,,,,,,,,,,,,,,,1010101011.0,1,1,1,1,1,,,,,,
1,101010202,2,BHUNE KI HITHAR,FATEH MUHAMMAD,FATEH MUHAMMAD,20.0,20.0,0.0,0.0,1.0,JUTT,100.0,,0.0,,0.0,25.0,10.0,7.0,27.0,22.0,16.0,0.0,,0.0,,0.0,,4.0,,,,,,,100.0,50.0,25.0,25.0,0.0,0.0,,,,,0.0,,,,,,,,BHUNE KI HITHAR,,,10.0,8.0,1.0,1.0,1.0,,0.0,MALIK,100.0,,0.0,3.0,5.0,6.0,30.0,28.0,24.0,0.0,,0.0,,0.0,,4.0,,,,,,,100.0,50.0,25.0,25.0,0.0,0.0,,,,,0.0,,,,,,BHUNE KI HITHAR,,,10.0,10.0,0.0,0.0,1.0,,100.0,,-99.0,,-99.0,5.0,4.0,7.0,26.0,18.0,15.0,0.0,,0.0,,0.0,,4.0,,,,,,,100.0,50.0,25.0,25.0,0.0,0.0,,,,,0.0,,,,,,1010102022.0,1,1,1,2,2,,,,,,
1,101010203,3,DHON,,,30.0,25.0,5.0,0.0,2.0,MEO,50.0,CHAUDHARY,50.0,MALIK,0.0,5.0,5.0,5.0,10.0,7.0,5.0,0.0,,0.0,,0.0,,4.0,,,,,,,100.0,30.0,40.0,30.0,0.0,1.0,100.0,1.0,2.0,3.0,0.0,,,,,,,,DHON,MOKAL,LADHA SINGH,24.0,12.0,12.0,0.0,4.0,MEO,50.0,CHAUDHARY,40.0,MALIK,10.0,6.0,10.0,5.0,25.0,10.0,5.0,0.0,,0.0,,0.0,,4.0,,,,,,,100.0,40.0,30.0,30.0,0.0,1.0,100.0,1.0,2.0,3.0,0.0,,,,,,,,,,,,,,,,,,,,,,,,,,,,,,,,,,,,,,,,,,,,,,,,,,,,,,,1010102033.0,1,1,1,2,3,,,,,,
1,101020304,4,DHOLAN GANGA,,,150.0,125.0,25.0,0.0,2.0,,70.0,,30.0,,-99.0,2.0,5.0,3.0,16.0,15.0,10.0,0.0,,0.0,,0.0,,4.0,,,,,,,100.0,40.0,30.0,30.0,0.0,0.0,,,,,0.0,,,,,,20.0,18.0,,,,,,,,,,,,,,,,,,,,,,,,,,,,,,,,,,,,,,,,,,,,,,,,,,,,,,,,,,,,,,,,,,,,,,,,,,,,,,,,,,,,,,,,,,,,,,,,,,,1010203044.0,1,1,2,3,4,,,,,,
1,102030405,1,CHACK 53 TDA,,,50.0,40.0,10.0,0.0,2.0,,50.0,,50.0,,0.0,2.0,4.0,5.0,17.0,15.0,10.0,0.0,,1.0,PATWARI,0.0,,4.0,,,,,,,100.0,38.67,33.0,28.3,0.0,0.0,,,,,0.0,,,,,1.0,18.0,16.0,CHACK 53 TDA,,,85.0,70.0,15.0,0.0,4.0,,60.0,,15.0,,15.0,6.0,7.0,3.0,7.5,7.5,5.0,0.0,,1.0,TEACHER,0.0,,4.0,,,,,,,100.0,12.5,37.5,50.0,0.0,0.0,,,,,0.0,,,,,1.0,CHACK 53 TDA,,,120.0,100.0,20.0,0.0,4.0,,60.0,,15.0,,15.0,4.0,5.0,2.0,15.0,10.0,7.5,0.0,,1.0,HEALTH,0.0,,4.0,,,,,,,100.0,16.6,50.0,33.3,0.0,0.0,,,,,0.0,,,,,3.0,1020304051.0,1,2,3,4,5,,,,,,
1,102030506,2,CHAH PATHORI,JHAKHAR,SAHOO,75.0,35.0,40.0,75.0,6.0,,50.0,,35.0,,15.0,2.0,4.0,5.0,16.0,13.0,12.0,0.0,,0.0,,0.0,,4.0,,,,,,,100.0,40.0,30.0,30.0,0.0,0.0,,,,,0.0,,,,,1.0,12.0,12.0,NARA BASTI,JHAKHAR,PATHAN,75.0,35.0,40.0,75.0,10.0,,50.0,,20.0,,15.0,8.0,4.0,5.0,100.0,20.0,16.0,0.0,,0.0,,0.0,,4.0,,,,,,,100.0,20.0,50.0,30.0,0.0,0.0,,,,,0.0,,,,,1.0,,,,,,,,,,,,,,,,,,,,,,,,,,,,,,,,,,,,,,,,,,,,,,,,,,1020305062.0,1,2,3,5,6,,,,,,
1,102030607,3,QABOLYAN WALA,,,10.0,10.0,0.0,0.0,1.0,SHEENA,100.0,,0.0,,0.0,6.0,4.0,4.0,16.0,10.0,7.0,1.0,PATWARI,1.0,TEACHER,1.0,MEMBER,4.0,,,,,,,100.0,30.0,40.0,30.0,0.0,1.0,100.0,1.0,3.0,2.0,0.0,,,,,2.0,20.0,20.0,NAWAN GUSSO,,,14.0,12.0,2.0,0.0,2.0,SHENA,70.0,MASALI,30.0,-99,0.0,6.0,4.0,4.0,12.0,8.0,5.0,0.0,,1.0,ARMY,0.0,,4.0,0.0,4.0,,,,,100.0,50.0,30.0,20.0,0.0,1.0,100.0,1.0,2.0,3.0,0.0,,,,,2.0,SARWAR WALA,,,9.0,9.0,0.0,0.0,2.0,SHEENA,70.0,MASALI,30.0,,-99.0,4.0,5.0,4.0,20.0,8.0,7.0,0.0,,1.0,POLICE,1.0,COUNCLER,4.0,,,,,,,100.0,40.0,30.0,30.0,0.0,1.0,100.0,1.0,2.0,3.0,0.0,,,,,2.0,1020306073.0,1,2,3,6,7,,,,,,
1,102040708,4,,,,,,,,,,,,,,,,,,,,,,,,,,,,,,,,,,,,,,,,,,,,,,,,,,,,,,,,,,,,,,,,,,,,,,,,,,,,,,,,,,,,,,,,,,,,,,,,,,,,,,,,,,,,,,,,,,,,,,,,,,,,,,,,,,,,,,,,,,,,,,,,,,,,,,1020407084.0,1,2,4,7,8,,,,,,
1,103050809,1,20/V,,,90.0,70.0,20.0,3.0,12.0,SIAL,40.0,RAI,30.0,KHARAL,15.0,5.0,6.0,7.5,20.0,15.0,12.0,0.0,,0.0,,0.0,,4.0,,,,,,,40.0,5.0,5.0,30.0,0.0,1.0,10.0,3.0,2.0,1.0,1.0,20.0,3.0,2.0,1.0,,20.0,20.0,,,,,,,,,,,,,,,,,,,,,,,,,,,,,,,,,,,,,,,,,,,,,,,,,,,,,,,,,,,,,,,,,,,,,,,,,,,,,,,,,,,,,,,,,,,,,,,,,,,1030508091.0,1,3,5,8,9,,,,,,
1,103060910,2,137/16.L,,,180.0,150.0,30.0,10.0,15.0,JUTT,50.0,ARAIN,20.0,JHATTA,15.0,10.0,11.0,11.0,45.0,40.0,36.0,0.0,,0.0,,0.0,,1.0,1998.0,1.0,80.0,25.0,25.0,30.0,70.0,1.0,1.0,68.0,1.0,1.0,50.0,3.0,2.0,1.0,1.0,15.0,3.0,2.0,1.0,,22.0,26.0,,,,,,,,,,,,,,,,,,,,,,,,,,,,,,,,,,,,,,,,,,,,,,,,,,,,,,,,,,,,,,,,,,,,,,,,,,,,,,,,,,,,,,,,,,,,,,,,,,,1030609102.0,1,3,6,9,10,,,,,,
1,103061011,3,MURABBA 1-6,MURABBA 7-12,MURABBA 12-6,50.0,25.0,25.0,2.0,4.0,MAITLA,50.0,ARAIN,40.0,BHATTI,10.0,2.0,5.0,14.0,50.0,30.0,25.0,0.0,,0.0,,1.0,NAIB NAZIM,4.0,,,,,,,100.0,20.0,20.0,60.0,0.0,1.0,50.0,3.0,2.0,1.0,1.0,15.0,3.0,2.0,1.0,,21.0,26.0,,,,,,,,,,,,,,,,,,,,,,,,,,,,,,,,,,,,,,,,,,,,,,,,,,,,,,,,,,,,,,,,,,,,,,,,,,,,,,,,,,,,,,,,,,,,,,,,,,,1030610113.0,1,3,6,10,11,,,,,,
1,103071112,4,MURABA 1-12,MURABA 13-24,MURABA 25-36,85.0,75.0,10.0,3.0,13.0,PATHAN,80.0,BHATTI,15.0,SOLGI,5.0,15.0,8.0,4.0,50.0,35.0,30.0,0.0,,0.0,,0.0,,4.0,,,,,,,100.0,10.0,15.0,75.0,0.0,1.0,20.0,3.0,2.0,1.0,1.0,15.0,3.0,2.0,1.0,2.0,20.0,26.0,MURABA 37-48,MURABA 49-60,MURABA 61-72,85.0,75.0,10.0,3.0,8.0,PATHAN,80.0,BHATTI,15.0,DHADHORE,5.0,10.0,6.0,3.0,55.0,40.0,25.0,0.0,,0.0,,0.0,,4.0,,,,,,,100.0,10.0,25.0,65.0,0.0,1.0,20.0,3.0,2.0,1.0,1.0,15.0,3.0,2.0,1.0,2.0,,,,,,,,,,,,,,,,,,,,,,,,,,,,,,,,,,,,,,,,,,,,,,,,,,1030711124.0,1,3,7,11,12,,,,,,
1,104081213,1,,,,,,,,,,,,,,,,,,,,,,,,,,,,,,,,,,,,,,,,,,,,,,,,,,,,,,,,,,,,,,,,,,,,,,,,,,,,,,,,,,,,,,,,,,,,,,,,,,,,,,,,,,,,,,,,,,,,,,,,,,,,,,,,,,,,,,,,,,,,,,,,,,,,,,1040812131.0,1,4,8,12,13,,,,,,
1,104081314,2,,,,,,,,,,,,,,,,,,,,,,,,,,,,,,,,,,,,,,,,,,,,,,,,,,,,,,,,,,,,,,,,,,,,,,,,,,,,,,,,,,,,,,,,,,,,,,,,,,,,,,,,,,,,,,,,,,,,,,,,,,,,,,,,,,,,,,,,,,,,,,,,,,,,,,1040813142.0,1,4,8,13,14,,,,,,
1,104081415,3,,,,,,,,,,,,,,,,,,,,,,,,,,,,,,,,,,,,,,,,,,,,,,,,,,,,,,,,,,,,,,,,,,,,,,,,,,,,,,,,,,,,,,,,,,,,,,,,,,,,,,,,,,,,,,,,,,,,,,,,,,,,,,,,,,,,,,,,,,,,,,,,,,,,,,1040814153.0,1,4,8,14,15,,,,,,
1,104091516,4,,,,,,,,,,,,,,,,,,,,,,,,,,,,,,,,,,,,,,,,,,,,,,,,,,,,,,,,,,,,,,,,,,,,,,,,,,,,,,,,,,,,,,,,,,,,,,,,,,,,,,,,,,,,,,,,,,,,,,,,,,,,,,,,,,,,,,,,,,,,,,,,,,,,,,1040915164.0,1,4,9,15,16,,,,,,
1,105101617,1,SHAH PUR SANI,FADDA,NOOR PUR,215.0,150.0,20.0,10.0,3.0,SARAIKI,80.0,PUNJABI,10.0,URDU,10.0,3.0,5.0,2.0,93.0,40.0,15.0,0.0,,0.0,,0.0,,1.0,2008.0,1.0,25.0,15.0,5.0,5.0,100.0,40.0,30.0,30.0,1.0,0.0,,,,,0.0,,,,,2.0,17.0,25.0,SHAH PUR SANI,,,130.0,115.0,15.0,4.0,5.0,,80.0,,14.0,,6.0,25.0,50.0,25.0,50.0,45.0,40.0,0.0,,,,,,,,,,,,,100.0,50.0,25.0,25.0,0.0,0.0,,,,,0.0,,,,,,SHAH PUR SANI,,,180.0,130.0,50.0,3.0,3.0,,13.0,,12.0,,5.0,5.0,6.0,5.0,60.0,35.0,30.0,0.0,,0.0,,0.0,,4.0,,,,,,,100.0,45.0,35.0,20.0,0.0,0.0,,,,,0.0,,,,,,1051016171.0,1,5,10,16,17,,,,,,
1,105101718,2,,,,,,,,,,,,,,,,,,,,,,,,,,,,,,,,,,,,,,,,,,,,,,,,,,,,,,,,,,,,,,,,,,,,,,,,,,,,,,,,,,,,,,,,,,,,,,,,,,,,,,,,,,,,,,,,,,,,,,,,,,,,,,,,,,,,,,,,,,,,,,,,,,,,,,1051017182.0,1,5,10,17,18,,,,,,
1,105111819,3,CHAK 172 EB,DARAJUT,DARAGULAM,35.0,27.0,8.0,6.0,3.0,,60.0,,25.0,,15.0,3.0,3.0,7.0,75.0,20.0,10.0,0.0,,0.0,,0.0,5,4.0,,,,,,,100.0,40.0,30.0,30.0,0.0,0.0,,,,,0.0,,,,,,19.0,25.0,CHAK 172 EB,,,25.0,20.0,5.0,3.0,3.0,,70.0,,15.0,,15.0,5.0,4.0,5.0,25.0,20.0,18.0,0.0,,,,,,,,,,,,,100.0,40.0,30.0,30.0,0.0,0.0,,,,,0.0,,,,,,CHAK 172 EB,,,75.0,72.0,3.0,5.0,4.0,,50.0,,20.0,,10.0,2.0,5.0,6.0,50.0,30.0,25.0,0.0,,0.0,,0.0,,4.0,,,,,,,100.0,33.0,33.0,34.0,0.0,0.0,,,,,0.0,,,,,,1051118193.0,1,5,11,18,19,,,,,,
1,105121920,4,CHAK 471 E.B,BASTI DARA,BASTI THEEM,300.0,285.0,15.0,5.0,3.0,,70.0,,20.0,,10.0,2.0,2.0,3.0,29.0,25.0,20.0,0.0,,0.0,,0.0,,4.0,,,,,,,100.0,30.0,40.0,30.0,0.0,0.0,,,,,0.0,,,,,,18.0,24.0,CHAK 471 EB,,,150.0,140.0,10.0,3.0,4.0,,70.0,,15.0,,15.0,10.0,10.0,10.0,45.0,40.0,35.0,0.0,,,,,,,,,,,,,100.0,45.0,35.0,20.0,0.0,0.0,,,,,0.0,,,,,,CHAK 471 EB,,,200.0,175.0,25.0,4.0,5.0,,45.0,,20.0,,10.0,10.0,10.0,10.0,45.0,40.0,34.0,0.0,,0.0,,0.0,,4.0,,,,,,,100.0,40.0,30.0,30.0,0.0,0.0,,,,,0.0,,,,,,1051219204.0,1,5,12,19,20,,,,,,
1,106132021,1,,,,,,,,,,,,,,,,,,,,,,,,,,,,,,,,,,,,,,,,,,,,,,,,,,,,,,,,,,,,,,,,,,,,,,,,,,,,,,,,,,,,,,,,,,,,,,,,,,,,,,,,,,,,,,,,,,,,,,,,,,,,,,,,,,,,,,,,,,,,,,,,,,,,,,1061320211.0,1,6,13,20,21,,,,,,
1,106132122,2,KEKAR WALA KHO,AGAY WALA KHO,BASTI GUJJAR,50.0,40.0,10.0,0.0,3.0,BHATTI,50.0,GUJJAR,30.0,DUBB,20.0,10.0,10.0,2.0,70.0,60.0,40.0,0.0,,0.0,,0.0,,4.0,,,,,,,50.0,20.0,20.0,10.0,0.0,0.0,,,,,0.0,,,,,2.0,,,,,,,,,,,,,,,,,,,,,,,,,,,,,,,,,,,,,,,,,,,,,,,,,,,,,,,,,,,,,,,,,,,,,,,,,,,,,,,,,,,,,,,,,,,,,,,,,,,,,1061321222.0,1,6,13,21,22,,,,,,
1,106142223,3,,,,,,,,,,,,,,,,,,,,,,,,,,,,,,,,,,,,,,,,,,,,,,,,,,,,,,,,,,,,,,,,,,,,,,,,,,,,,,,,,,,,,,,,,,,,,,,,,,,,,,,,,,,,,,,,,,,,,,,,,,,,,,,,,,,,,,,,,,,,,,,,,,,,,,1061422233.0,1,6,14,22,23,,,,,,
1,106142324,4,,,,,,,,,,,,,,,,,,,,,,,,,,,,,,,,,,,,,,,,,,,,,,,,,,,,,,,,,,,,,,,,,,,,,,,,,,,,,,,,,,,,,,,,,,,,,,,,,,,,,,,,,,,,,,,,,,,,,,,,,,,,,,,,,,,,,,,,,,,,,,,,,,,,,,1061423244.0,1,6,14,23,24,,,,,,
1,107152425,1,BASTI BIADAR KHAN,BASTI HAJI GHULAM ALI,BASTI FAQIR,45.0,30.0,15.0,0.0,4.0,GABOOL,70.0,BHIRMANI,20.0,MASUWANI,10.0,6.0,5.0,3.0,25.0,15.0,5.0,0.0,,1.0,TEACHER,0.0,,1.0,2009.0,1.0,100.0,30.0,40.0,30.0,100.0,30.0,40.0,30.0,1.0,0.0,,,,,0.0,,,,,30.0,8.0,16.0,BASTI PEER BAKSH,BASTI GHULAM SARWAR,BASTI GHULAM MUHAMMAD,50.0,45.0,5.0,0.0,5.0,RAMDANI,60.0,GABOOL,35.0,KHOSA,5.0,8.0,7.0,6.0,25.0,15.0,10.0,0.0,,0.0,,0.0,,1.0,2009.0,1.0,100.0,20.0,70.0,10.0,100.0,60.0,25.0,15.0,1.0,1.0,20.0,1.0,2.0,3.0,0.0,,,,,1.0,BASTI RAJBANI,BASTI HAJI FAQEER,BASTI HAJI KAMAL,25.0,25.0,0.0,0.0,3.0,GABOOL,60.0,HAJBANI,35.0,BHIRMANI,5.0,10.0,5.0,3.0,50.0,30.0,20.0,0.0,,0.0,,0.0,,1.0,2009.0,1.0,100.0,30.0,40.0,30.0,100.0,50.0,30.0,20.0,1.0,1.0,30.0,2.0,1.0,3.0,0.0,,,,,2.0,1071524251.0,1,7,15,24,25,,,,,,
1,107162526,2,,,,,,,,,,,,,,,,,,,,,,,,,,,,,,,,,,,,,,,,,,,,,,,,,,,,,,,,,,,,,,,,,,,,,,,,,,,,,,,,,,,,,,,,,,,,,,,,,,,,,,,,,,,,,,,,,,,,,,,,,,,,,,,,,,,,,,,,,,,,,,,,,,,,,,1071625262.0,1,7,16,25,26,,,,,,
1,107162627,3,,,,,,,,,,,,,,,,,,,,,,,,,,,,,,,,,,,,,,,,,,,,,,,,,,,,KHAN MUHAMMAD,MALOOK,JADA,120.0,90.0,30.0,0.0,3.0,,80.0,,10.0,,10.0,15.0,10.0,5.0,100.0,20.0,15.0,0.0,,0.0,,0.0,,4.0,,,,,,,100.0,50.0,20.0,30.0,0.0,0.0,,,,,0.0,,,,,2.0,GAMAN WALA,WARHAY WALA,JIND WADA,150.0,100.0,50.0,0.0,7.0,,30.0,,20.0,,18.0,4.0,5.0,3.0,20.0,15.0,12.0,0.0,,0.0,,0.0,,4.0,,,,,,,100.0,30.0,30.0,40.0,0.0,0.0,0.0,,,,0.0,,,,,2.0,1071626273.0,1,7,16,26,27,,,,,,
1,107172728,4,,,,,,,,,,,,,,,,,,,,,,,,,,,,,,,,,,,,,,,,,,,,,,,,,,,,,,,,,,,,,,,,,,,,,,,,,,,,,,,,,,,,,,,,,,,,,,,,,,,,,,,,,,,,,,,,,,,,,,,,,,,,,,,,,,,,,,,,,,,,,,,,,,,,,,1071727284.0,1,7,17,27,28,,,,,,
1,108182829,1,181/7R,1801/7R,,80.0,70.0,10.0,0.0,5.0,BALOCH,60.0,JUTT,30.0,ARAIN,10.0,3.0,2.0,5.0,30.0,15.0,10.0,0.0,,0.0,,0.0,,4.0,,,,,,,100.0,30.0,40.0,30.0,0.0,0.0,,,,,0.0,,,,,2.0,16.0,16.0,181/7R,,,100.0,95.0,5.0,0.0,7.0,BALOCH,50.0,ARYIN,40.0,JUTT,10.0,10.0,8.0,5.0,28.0,18.0,12.0,0.0,,0.0,,0.0,,4.0,,,,,,,100.0,30.0,40.0,30.0,0.0,0.0,,,,,0.0,,,,,2.0,181/7R,AZAFI BASTI 171/7R,,80.0,72.0,8.0,0.0,7.0,BALOCH,35.0,ARYIN,30.0,JUTT,20.0,3.0,4.0,5.0,32.0,18.0,12.5,1.0,BAILDAR,0.0,,0.0,,4.0,,,,,,,100.0,33.0,34.0,33.0,0.0,0.0,,,,,0.0,,,,,2.0,1081828291.0,1,8,18,28,29,,,,,,
1,108192930,2,NOOR JAHANIA,,,8.0,8.0,0.0,0.0,3.0,JOTEYA,50.0,BALOCH,30.0,SUPPRY,20.0,25.0,25.0,25.0,55.0,50.0,50.0,0.0,,0.0,,0.0,,4.0,,,,,,,100.0,25.0,50.0,25.0,0.0,1.0,5.0,3.0,2.0,1.0,0.0,,,,,2.0,24.0,24.0,NOOR JAHANIA,,,20.0,15.0,5.0,0.0,8.0,JOTEYA,40.0,BALOCH,40.0,SUPPARY,20.0,10.0,10.0,10.0,35.0,23.0,10.0,0.0,,0.0,,0.0,,4.0,,,,,,,100.0,33.0,34.0,33.0,0.0,1.0,10.0,3.0,1.0,2.0,0.0,,,,,2.0,NOOR JAHANIAN,,,25.0,23.0,2.0,0.0,6.0,JOTEYA,30.0,BALOCH,30.0,SUPPARY,25.0,6.0,8.0,5.0,15.0,10.0,9.0,0.0,,0.0,,0.0,,4.0,,,,,,,100.0,40.0,30.0,30.0,0.0,1.0,10.0,1.0,2.0,3.0,0.0,,,,,2.0,1081929302.0,1,8,19,29,30,,,,,,
1,108203031,3,122 MURAD,125 MURAD,,300.0,280.0,20.0,3.0,8.0,JUTT,40.0,MALIK,40.0,ARYIN,20.0,10.0,10.0,5.0,23.0,20.0,15.0,0.0,,0.0,,0.0,,4.0,,,,,,,100.0,30.0,40.0,30.0,0.0,0.0,,,,,0.0,,,,,2.0,20.0,20.0,122 M,125 MURAD,,285.0,260.0,15.0,5.0,6.0,JUTT,40.0,MALIK,35.0,ARAYIN,25.0,8.0,10.0,5.0,25.0,20.0,15.0,0.0,,0.0,,0.0,,4.0,,,,,,,100.0,50.0,25.0,25.0,0.0,0.0,,,,,0.0,,,,,2.0,122 M,,,150.0,120.0,30.0,8.0,5.0,JUTT,40.0,MALIK,30.0,ARAIN,20.0,6.5,10.0,5.0,25.0,20.0,15.0,0.0,,0.0,,0.0,,4.0,,,,,,,100.0,50.0,30.0,20.0,0.0,0.0,,,,,0.0,,,,,2.0,1082030313.0,1,8,20,30,31,,,,,,
1,108213132,4,MASA SINGH KHONA,,,60.0,50.0,10.0,0.0,4.0,SAPRIA,75.0,BALOCH,20.0,CHADAR,5.0,75.0,5.0,4.0,30.0,25.0,25.0,0.0,,1.0,PRESIDENT OF PIDA,0.0,,4.0,,,,,,,100.0,40.0,30.0,30.0,0.0,1.0,50.0,1.0,2.0,3.0,0.0,,,,,2.0,0.0,18.0,MASA SINGH KHONA,,,45.0,45.0,0.0,0.0,10.0,SAPRAY,50.0,BALOCH,25.0,CHADAR,15.0,5.0,3.0,5.0,50.0,25.0,20.0,0.0,,1.0,PRESEDENT PIDA,0.0,,4.0,,,,,,,100.0,34.0,33.0,33.0,0.0,1.0,50.0,1.0,2.0,3.0,0.0,,,,,,MASA SING KHONA,,,60.0,35.0,25.0,0.0,5.0,SAPRAY,38.0,BALOCH,30.0,CHADAR,27.0,4.0,5.0,5.0,13.0,11.0,8.0,0.0,,1.0,PRESIDENT PIDA,0.0,,4.0,,,,,,,100.0,30.0,40.0,30.0,0.0,1.0,50.0,1.0,2.0,3.0,0.0,,,,,2.0,1082131324.0,1,8,21,31,32,,,,,,
1,109223233,1,305/2,285/14,285/10,10.0,3.0,7.0,0.0,3.0,ARAIN,65.0,JUTT,25.0,MISAN,10.0,5.0,6.0,7.5,13.0,12.0,6.0,0.0,,0.0,,0.0,,4.0,,,,,,,100.0,30.0,30.0,40.0,0.0,0.0,,,,,0.0,,,,,1.0,20.0,22.0,305/4,285/12,285/7,13.0,4.0,9.0,1.0,3.0,ARAIN,40.0,MISAN,35.0,JUTT,25.0,12.5,4.0,1.0,50.0,45.0,40.0,0.0,,0.0,,0.0,,4.0,,,,,,,100.0,33.0,33.0,34.0,0.0,0.0,,,,,0.0,,,,,1.0,286/9,306/1,306/13,8.0,5.0,3.0,0.0,3.0,ARAIN,60.0,MISAN,35.0,RAJPUT,5.0,5.0,4.0,6.0,25.5,22.0,20.0,0.0,,0.0,,0.0,,4.0,,,,,,,100.0,33.0,33.0,34.0,0.0,0.0,,,,,0.0,,,,,1.0,1092232331.0,1,9,22,32,33,,,,,,
1,109223334,2,MALIK MEHBOOB PLOT,HAFIZ WALA PLOT,YAR MUHAMMAD PLOT,230.0,200.0,30.0,0.0,5.0,ARAIN,65.0,KAPAHI,20.0,BALOCH,15.0,5.0,7.0,3.0,27.0,20.0,20.0,0.0,,0.0,,0.0,,4.0,,,,,,,100.0,33.3,33.3,33.3,0.0,1.0,50.0,1.0,2.0,3.0,0.0,,,,,,12.0,12.0,HAFIZ WALA PLOT,ABDUL SAMAD WALA PLOT,BASHIR AHMED WALA PLOT,300.0,280.0,20.0,0.0,3.0,ARAIN,50.0,DIRIG,30.0,DHANDU,20.0,50.0,50.0,50.0,4.0,3.0,2.5,0.0,,0.0,,0.0,,4.0,,,,,,,100.0,33.3,33.3,33.3,0.0,1.0,40.0,1.0,2.0,3.0,0.0,,,,,,HAJI IRSHAD AHMED,HAFIZ MUHAMMAD ARSHAD,HAJI MUHAMMAD HUSSAIN,280.0,270.0,10.0,0.0,1.0,ARAIN,100.0,,-99.0,,-99.0,5.0,4.0,3.5,52.0,46.0,32.0,0.0,,0.0,,0.0,,4.0,,,,,,,100.0,33.4,33.3,33.3,0.0,0.0,,,,,0.0,,,,,,1092233342.0,1,9,22,33,34,,,,,,
1,109233435,3,JUTT KA MURABA,HASSAN BALOUCH MURABA,TINDAR MURRABA,80.0,50.0,30.0,0.0,4.0,ARAIN,60.0,KHOKHAR,30.0,BALOCH,10.0,5.0,3.0,5.0,45.0,20.0,15.0,0.0,,0.0,,0.0,,4.0,,,,,,,75.0,25.0,25.0,25.0,0.0,1.0,100.0,1.0,2.0,3.0,0.0,,,,,2.0,22.0,20.0,,,,,,,,,,,,,,,,,,,,,,,,,,,,,,,,,,,,,,,,,,,,,,,,,,,,,,,,,,,,,,,,,,,,,,,,,,,,,,,,,,,,,,,,,,,,,,,,,,,1092334353.0,1,9,23,34,35,,,,,,
1,109233536,4,CHAK 29/P,,,50.0,30.0,20.0,0.0,3.0,ARAIN,40.0,PATHAN,35.0,SARAKI,25.0,4.0,8.0,6.0,50.0,45.0,42.0,0.0,,0.0,,0.0,,4.0,,,,,,,30.0,0.0,30.0,0.0,0.0,0.0,,,,,0.0,,,,,,3.0,3.0,,,,,,,,,,,,,,,,,,,,,,,,,,,,,,,,,,,,,,,,,,,,,,,,,,,,,,,,,,,,,,,,,,,,,,,,,,,,,,,,,,,,,,,,,,,,,,,,,,,1092335364.0,1,9,23,35,36,,,,,,
1,110243637,1,KULYAR WALA,QAZI WALA,CUT WALA,200.0,100.0,100.0,0.0,4.0,,100.0,,-99.0,,-99.0,7.0,8.0,6.0,50.0,40.0,20.0,0.0,,0.0,,0.0,,4.0,,,,,,,50.0,20.0,20.0,10.0,0.0,0.0,,,,,0.0,,,,,2.0,,,CUT WALA,TIBI WALA,PANDI KHOO,105.0,25.0,80.0,0.0,5.0,,80.0,,10.0,,10.0,5.0,6.0,8.0,45.0,30.0,28.0,0.0,,0.0,,0.0,,4.0,,,,,,,75.0,25.0,25.0,25.0,0.0,0.0,,,,,0.0,,,,,,MOZA BOHAR,FRADI KHOO,MUHAMMAD WALA,160.0,60.0,100.0,0.0,1.0,,100.0,,-99.0,,-99.0,8.0,6.0,6.0,50.0,44.0,38.0,0.0,,0.0,,0.0,,4.0,,,,,,,100.0,50.0,25.0,25.0,0.0,0.0,,,,,0.0,,,,,,1102436371.0,1,10,24,36,37,,,,,,
1,110243738,2,75.M CHAK,,,200.0,50.0,150.0,20.0,3.0,,95.0,,4.0,,1.0,25.0,20.0,15.0,90.0,80.0,75.0,0.0,,1.0,GOVT TEACHER,1.0,CONCELOR,4.0,,,,,,,100.0,33.0,34.0,33.0,0.0,1.0,50.0,1.0,2.0,3.0,1.0,10.0,1.0,2.0,3.0,2.0,0.0,24.0,,,,,,,,,,,,,,,,,,,,,,,,,,,,,,,,,,,,,,,,,,,,,,,,,,,,,,,,,,,,,,,,,,,,,,,,,,,,,,,,,,,,,,,,,,,,,,,,,,,1102437382.0,1,10,24,37,38,,,,,,
1,110243839,3,BHATRAIN,MARACHAY WALI,KUBBH,100.0,100.0,0.0,7.0,10.0,,55.0,,25.0,,20.0,7.0,10.0,8.0,125.0,75.0,60.0,0.0,,0.0,,1.0,NAZIM UC,4.0,,,,,,,100.0,34.0,33.0,33.0,0.0,1.0,50.0,1.0,2.0,3.0,1.0,25.0,1.0,2.0,3.0,2.0,0.0,24.0,,,,,,,,,,,,,,,,,,,,,,,,,,,,,,,,,,,,,,,,,,,,,,,,,,,,,,,,,,,,,,,,,,,,,,,,,,,,,,,,,,,,,,,,,,,,,,,,,,,1102438393.0,1,10,24,38,39,,,,,,
1,110253940,4,CHAK 001/GULZAR,CHAK 001/GULZAR,CHAK 001/GULZAR,44.0,44.0,0.0,4.0,7.0,,50.0,,30.0,,20.0,3.0,7.0,4.0,12.5,10.0,8.0,1.0,BAILDAR,1.0,CONSTABLE POLICE,1.0,CONSLER,1.0,1960.0,1.0,20.0,5.0,5.0,10.0,100.0,33.0,33.0,34.0,1.0,1.0,10.0,1.0,2.0,3.0,1.0,20.0,3.0,2.0,1.0,2.0,16.0,20.0,CHAK 001/GULZAR,CHAK 001/GULZAR,CHAK 001/GULZAR,46.0,46.0,0.0,3.0,15.0,,40.0,,25.0,,20.0,8.0,6.0,5.0,44.0,25.0,12.5,0.0,,1.0,CONSATABLE POLICE,0.0,,1.0,1960.0,1.0,20.0,5.0,5.0,10.0,100.0,33.0,33.0,34.0,1.0,1.0,10.0,1.0,3.0,2.0,1.0,20.0,3.0,2.0,1.0,2.0,,,,,,,,,,,,,,,,,,,,,,,,,,,,,,,,,,,,,,,,,,,,,,,,,,1102539404.0,1,10,25,39,40,,,,,,
1,111264041,1,NEW ABADI 1,NEW ABADI 2,NEW ABADI 3,180.0,100.0,80.0,30.0,4.0,RAJPOOT,40.0,ARIAN,40.0,JUTT,20.0,1.5,2.0,1.5,7.0,5.0,4.0,0.0,,0.0,,0.0,,4.0,,,,,,,60.0,20.0,20.0,20.0,0.0,0.0,,,,,0.0,,,,,,25.0,20.0,OLD ABADI,PURANI MASJID WALI,PURANI MASJID WALI,400.0,250.0,150.0,50.0,6.0,RAJPOOT,45.0,ARIAN,40.0,JUTT,15.0,2.0,2.5,4.0,10.0,7.0,5.0,1.0,PIDA MEMBER,0.0,,0.0,,4.0,,,,,,,60.0,20.0,20.0,20.0,0.0,0.0,,,,,0.0,,,,,,,,,,,,,,,,,,,,,,,,,,,,,,,,,,,,,,,,,,,,,,,,,,,,,,,1112640411.0,1,11,26,40,41,,,,,,
1,111274142,2,223 VILLAGE WALI,,,200.0,190.0,10.0,0.0,2.0,JUTT,95.0,ARIEN,5.0,,-99.0,10.0,10.0,10.0,25.0,12.5,12.0,1.0,PIDA MEMBER,0.0,,0.0,,4.0,,,,,,,70.0,20.0,30.0,20.0,0.0,1.0,10.0,1.0,2.0,3.0,0.0,,,,,,24.0,24.0,224 WALI,,,100.0,70.0,30.0,0.0,1.0,JUTT,100.0,,,,,10.0,10.0,10.0,28.0,12.5,10.0,1.0,PIDA MEMBER,0.0,,0.0,,4.0,,,,,,,80.0,30.0,30.0,20.0,0.0,1.0,10.0,1.0,2.0,3.0,0.0,,,,,,DERAY,,,100.0,90.0,10.0,0.0,1.0,JUTT,100.0,,-99.0,,-99.0,6.0,8.0,5.0,25.0,10.0,8.0,1.0,PIDA MEMBER,0.0,,0.0,,4.0,,,,,,,80.0,40.0,20.0,30.0,0.0,1.0,10.0,1.0,2.0,3.0,0.0,,,,,,1112741422.0,1,11,27,41,42,,,,,,
1,111274243,3,530 NARANGWAL,530 NARANGWAL,530 NARANGWAL,150.0,75.0,75.0,0.0,8.0,COMBO,70.0,ARIEN,20.0,JUTT,10.0,12.5,8.0,3.0,12.5,8.0,7.5,1.0,PIDA MEMBER,0.0,,0.0,,4.0,,,,,,,100.0,33.0,33.0,33.0,0.0,0.0,,,,,0.0,,,,,,25.0,25.0,530 NARANGWAL,530 NARANGWAL,530 NARANGWAL,150.0,80.0,70.0,0.0,8.0,ARIEN,60.0,RAJPOOT,20.0,JUTT,10.0,5.0,4.0,6.0,10.0,8.0,7.0,1.0,PIDA MEMBER,0.0,,0.0,,4.0,,,,,,,100.0,33.0,34.0,33.0,0.0,0.0,,,,,0.0,,,,,,,,,,,,,,,,,,,,,,,,,,,,,,,,,,,,,,,,,,,,,,,,,,,,,,,1112742433.0,1,11,27,42,43,,,,,,
1,111284344,4,YOUSAF ABAD,,,45.0,42.0,3.0,0.0,2.0,RAJPOOT,99.0,JUTT,1.0,,0.0,15.0,10.0,10.0,50.0,35.0,18.0,1.0,PIDA MEMBER,0.0,,0.0,,4.0,,,,,,,100.0,33.3,33.3,33.3,0.0,1.0,20.0,1.0,3.0,2.0,0.0,,,,,,23.0,25.0,JUTT WALI ABADI,YOUSAF ABAD,,50.0,45.0,5.0,0.0,1.0,RAJPOOT,100.0,,0.0,,0.0,3.5,6.0,2.0,18.0,12.5,10.0,1.0,PIDA MEMBER,0.0,,0.0,,4.0,,,,,,,100.0,33.3,33.3,33.3,0.0,1.0,20.0,1.0,2.0,3.0,0.0,,,,,,496 G.B ABADI,,,50.0,43.0,7.0,0.0,1.0,RAJPOOT,100.0,,-99.0,,-99.0,8.0,4.0,6.0,25.0,20.0,18.0,1.0,PIDA MEMBER,0.0,,0.0,,4.0,,,,,,,100.0,33.3,33.3,33.3,0.0,1.0,20.0,2.0,1.0,3.0,0.0,,,,,,1112843444.0,1,11,28,43,44,,,,,,
1,112294445,1,,,,,,,,,,,,,,,,,,,,,,,,,,,,,,,,,,,,,,,,,,,,,,,,,,,,,,,,,,,,,,,,,,,,,,,,,,,,,,,,,,,,,,,,,,,,,,,,,,,,,,,,,,,,,,,,,,,,,,,,,,,,,,,,,,,,,,,,,,,,,,,,,,,,,,1122944451.0,1,12,29,44,45,,,,,,
1,112304546,2,RAQBA AQIL SHAH,DERAY SAYADAN,DERA HAFIZ KHUDAD,35.0,20.0,15.0,5.0,10.0,SAYAD,50.0,MAIKAN,30.0,PATHAN,20.0,3.0,5.0,5.0,125.0,50.0,25.0,0.0,,1.0,AGRICULTURE OFFICER,0.0,,1.0,2004.0,1.0,100.0,50.0,30.0,20.0,90.0,40.0,30.0,20.0,1.0,1.0,50.0,2.0,1.0,3.0,0.0,,,,,2.0,5.0,30.0,DERA MIAN FAIZ,DERA ZIA KHAN,DERAY CHOCHRI,17.0,10.0,7.0,2.0,8.0,PATHAN,50.0,MIANAY,25.0,CHOCHRI,25.0,12.0,15.0,8.0,50.0,25.0,25.0,0.0,,1.0,AGRICULTURE OFFICER,0.0,,1.0,2004.0,1.0,100.0,50.0,25.0,25.0,100.0,50.0,25.0,25.0,1.0,1.0,50.0,3.0,2.0,1.0,0.0,,,,,2.0,,,,,,,,,,,,,,,,,,,,,,,,,,,,,,,,,,,,,,,,,,,,,,,,,,1123045462.0,1,12,30,45,46,,,,,,
1,112304647,3,BUNGA SIGWAL RAQBA,RAQBA GONDALAN,,5.0,5.0,0.0,0.0,3.0,,70.0,,20.0,,10.0,6.0,2.0,5.0,162.0,12.5,12.0,0.0,,0.0,,1.0,MPA TICKET HOLDER,4.0,,,,,,,95.0,30.0,40.0,25.0,0.0,0.0,,,,,0.0,,,,,2.0,5.0,24.0,,,,,,,,,,,,,,,,,,,,,,,,,,,,,,,,,,,,,,,,,,,,,,,,,,,,,,,,,,,,,,,,,,,,,,,,,,,,,,,,,,,,,,,,,,,,,,,,,,,1123046473.0,1,12,30,46,47,,,,,,
1,112314748,4,RAQBA PAKA DERA,MIRZA IJAZ RAQBA,JINNAH ABADI,35.0,30.0,5.0,1.0,10.0,RAJPOOT,45.0,ARAIN,25.0,SIAL,20.0,10.0,8.0,6.0,15.0,12.0,10.0,0.0,,0.0,,0.0,,4.0,,,,,,,90.0,30.0,25.0,35.0,0.0,1.0,3.0,1.0,2.0,3.0,0.0,,,,,2.0,21.0,26.0,HAJI FAIZ],RAQBAA ARAIYAN,BABU KHAN DERA,30.0,28.0,2.0,0.0,5.0,AGHA,60.0,ARAIN,20.0,NATH,20.0,8.0,4.0,4.0,28.0,25.0,12.0,1.0,CLERK,0.0,,0.0,,4.0,,,,,,,95.0,30.0,25.0,40.0,0.0,1.0,3.0,2.0,1.0,3.0,0.0,,,,,2.0,KACHI COLONY,RAQBA AWANAN,RAQBA JUTTAN,25.0,20.0,5.0,2.0,5.0,AWAN,40.0,NATH,30.0,SHAIKH,20.0,8.0,2.0,3.0,20.0,13.0,10.0,0.0,,0.0,,0.0,,4.0,,,,,,,95.0,40.0,20.0,35.0,0.0,1.0,50.0,3.0,2.0,1.0,0.0,,,,,2.0,1123147484.0,1,12,31,47,48,,,,,,
1,213324849,1,LADHO JOKHIO,LADHO JOKHIO,LADHO JOKHIO,16.0,6.0,10.0,7.0,6.0,PUNJAB,50.0,JOKHIO,25.0,BALOCH,25.0,16.0,32.0,40.0,32.0,40.0,32.0,0.0,,0.0,,0.0,,4.0,,,,,,,100.0,50.0,15.0,35.0,0.0,1.0,75.0,2.0,3.0,1.0,0.0,,,,,,28.0,20.0,HAJI PEER MUHAMMAD,HAJI PEER MUHAMMAD,HAJI PEER MUHAMMAD,12.0,4.0,8.0,1.0,3.0,JOKHIO,80.0,BALOCH,10.0,PUNJABI,10.0,3.0,4.0,16.0,40.0,25.0,20.0,0.0,,0.0,,0.0,,4.0,,,,,,,100.0,75.0,10.0,15.0,0.0,1.0,50.0,3.0,2.0,1.0,0.0,,,,,,HAMZA JOKHIO,HAMZA JOKHIO,HAMZA JOKHIO,6.0,3.0,3.0,2.0,3.0,JOKHIO,85.0,BALOCH,10.0,PUNJABI,5.0,8.0,6.0,5.0,40.0,32.0,25.0,0.0,,0.0,,0.0,,4.0,,,,,,,100.0,20.0,50.0,30.0,0.0,1.0,85.0,3.0,1.0,2.0,0.0,,,,,,2133248491.0,2,13,32,48,49,,,,,,
1,213324950,2,JAM BAIRAGE,,,,20.0,,,3.0,JOKHIO,60.0,MOHANA,25.0,AMRO,15.0,3.0,2.5,5.0,60.0,30.0,17.0,0.0,,0.0,,0.0,,4.0,,,,,,,80.0,30.0,20.0,50.0,0.0,0.0,,,,,0.0,,,,,,20.0,28.0,MINORI,,,,15.0,,,1.0,JOKHIO,100.0,,,,,50.0,15.0,10.0,,,,0.0,,0.0,,0.0,,4.0,,,,,,,100.0,25.0,25.0,50.0,0.0,0.0,,,,,0.0,,,,,,W/C 3,,,50.0,25.0,25.0,,1.0,JOKHIO,100.0,,-99.0,,-99.0,2.0,5.0,5.0,10.0,7.0,5.0,0.0,,0.0,,0.0,,4.0,,,,,,,100.0,35.0,35.0,30.0,0.0,0.0,,,,,0.0,,,,,,2133249502.0,2,13,32,49,50,,,,,,
1,213324952,3,KHATHOR,,,120.0,40.0,80.0,0.0,4.0,JOKHIO,60.0,ZOHRA,20.0,MOHNA,20.0,6.0,10.0,8.0,22.0,15.0,12.0,0.0,,0.0,,0.0,,4.0,,,,,,,90.0,30.0,30.0,30.0,0.0,0.0,,,,,0.0,,,,,2.0,20.0,24.0,JARO,,,150.0,60.0,90.0,0.0,3.0,JOKHIO,60.0,ZOHAR,20.0,MOHANA,20.0,6.0,5.0,6.0,20.0,18.0,16.0,0.0,,0.0,,0.0,,4.0,,,,,,,100.0,30.0,15.0,55.0,0.0,0.0,,,,,0.0,,,,,2.0,,,,,,,,,,,,,,,,,,,,,,,,,,,,,,,,,,,,,,,,,,,,,,,,,,2133249523.0,2,13,32,49,52,,,,,,
1,213335051,4,4L,4L,4L,23.0,2.0,21.0,0.0,4.0,LASHARI,80.0,MEMON,15.0,CHANDIO,5.0,17.0,12.0,11.0,50.0,25.0,20.0,0.0,,0.0,,0.0,,4.0,,,,,,,25.0,5.0,10.0,10.0,0.0,0.0,,,,,0.0,,,,,,28.0,20.0,5R,5R,5R,25.0,2.0,23.0,0.0,4.0,LASHARI,80.0,MEMON,15.0,CHANDIO,5.0,17.0,12.0,11.0,50.0,25.0,20.0,0.0,,0.0,,0.0,,4.0,,,,,,,25.0,5.0,10.0,10.0,0.0,0.0,,,,,0.0,,,,,,,,,,,,,,,,,,,,,,,,,,,,,,,,,,,,,,,,,,,,,,,,,,,,,,,2133351514.0,2,13,33,50,51,,,,,,
1,214345253,1,KHUDABABAD,,,100.0,25.0,75.0,5.0,2.0,MANG NAJA,50.0,RANJHANI,50.0,,0.0,10.0,6.0,7.0,30.0,20.0,15.0,0.0,,0.0,,0.0,,4.0,,,,,,,75.0,25.0,25.0,25.0,0.0,0.0,,,,,0.0,,,,,,17.0,17.0,MANGNAJA,,,100.0,25.0,75.0,5.0,3.0,PHANWAR,70.0,BHUND,20.0,MIRASI,10.0,8.0,6.0,3.0,30.0,18.0,12.0,0.0,,0.0,,0.0,,4.0,0.0,0.0,,,,,50.0,30.0,10.0,10.0,0.0,0.0,,,,,0.0,,,,,,,,,,,,,,,,,,,,,,,,,,,,,,,,,,,,,,,,,,,,,,,,,,,,,,,2143452531.0,2,14,34,52,53,,,,,,
1,214355354,2,,,,,,,,,,,,,,,,,,,,,,,,,,,,,,,,,,,,,,,,,,,,,,,,,,,,,,,,,,,,,,,,,,,,,,,,,,,,,,,,,,,,,,,,,,,,,,,,,,,,,,,,,,,,,,,,,,,,,,,,,,,,,,,,,,,,,,,,,,,,,,,,,,,,,,2143553542.0,2,14,35,53,54,,,,,,
1,214365455,3,,,,,,,,,,,,,,,,,,,,,,,,,,,,,,,,,,,,,,,,,,,,,,,,,,,,,,,,,,,,,,,,,,,,,,,,,,,,,,,,,,,,,,,,,,,,,,,,,,,,,,,,,,,,,,,,,,,,,,,,,,,,,,,,,,,,,,,,,,,,,,,,,,,,,,2143654553.0,2,14,36,54,55,,,,,,
1,214375556,4,GHARO,,,50.0,40.0,10.0,0.0,5.0,BHUTTO,40.0,LAGARI,35.0,BABAR,25.0,2.0,1.5,1.0,5.0,3.0,2.0,0.0,,0.0,,0.0,,4.0,,,,,,,60.0,20.0,20.0,20.0,0.0,0.0,,,,,0.0,,,,,,24.0,0.0,GHARO,,,50.0,35.0,15.0,0.0,5.0,LAGARI,100.0,,,,,2.0,1.0,1.0,10.0,6.0,4.0,0.0,,0.0,,0.0,,4.0,,,,,,,70.0,25.0,25.0,20.0,0.0,0.0,,,,,0.0,,,,,,GHARO,,,25.0,20.0,5.0,0.0,5.0,BABAR,80.0,LAGARI,5.0,BHUTTO,4.0,2.0,1.0,1.0,3.0,2.0,2.0,0.0,,0.0,,0.0,,4.0,,,,,,,50.0,20.0,15.0,15.0,0.0,0.0,,,,,0.0,,,,,,2143755564.0,2,14,37,55,56,,,,,,
1,215385657,1,SALIM DARS,KALOO RAJAR,M SIDDIQUE DARS,100.0,4.0,96.0,8.0,5.0,MANGHWAR,45.0,KACHI,35.0,BHEEL,20.0,5.0,3.0,3.0,250.0,40.0,24.0,0.0,,0.0,,0.0,,4.0,,,,,,,100.0,40.0,30.0,30.0,0.0,,2.0,1.0,3.0,2.0,0.0,,,,,2.0,12.0,12.0,,,,,,,,,,,,,,,,,,,,,,,,,,,,,,,,,,,,,,,,,,,,,,,,,,,,,,,,,,,,,,,,,,,,,,,,,,,,,,,,,,,,,,,,,,,,,,,,,,,2153856571.0,2,15,38,56,57,,,,,,
1,215395758,2,GUJRI,SAMATHARI,CHACH NO 1,80.0,15.0,65.0,3.0,3.0,BHEEL,50.0,MALLAH,30.0,KHATAK,20.0,2.0,3.0,4.0,48.0,32.0,32.0,0.0,,0.0,,0.0,,1.0,2005.0,1.0,100.0,50.0,30.0,20.0,100.0,40.0,30.0,30.0,1.0,1.0,10.0,2.0,1.0,3.0,0.0,,,,,2.0,12.0,12.0,,,,,,,,,,,,,,,,,,,,,,,,,,,,,,,,,,,,,,,,,,,,,,,,,,,,,,,,,,,,,,,,,,,,,,,,,,,,,,,,,,,,,,,,,,,,,,,,,,,2153957582.0,2,15,39,57,58,,,,,,
1,215395859,3,KARIMDAD JUNEJO,PIR BUX RAHOO,HAJI BACHAL,250.0,25.0,225.0,10.0,3.0,KHINDON,40.0,BHAT,30.0,JUNOTA,30.0,3.0,3.0,3.0,150.0,32.0,32.0,0.0,,0.0,,0.0,,1.0,2005.0,1.0,100.0,40.0,30.0,30.0,100.0,40.0,30.0,30.0,1.0,1.0,10.0,2.0,1.0,3.0,0.0,,,,,2.0,12.0,12.0,,,,,,,,,,,,,,,,,,,,,,,,,,,,,,,,,,,,,,,,,,,,,,,,,,,,,,,,,,,,,,,,,,,,,,,,,,,,,,,,,,,,,,,,,,,,,,,,,,,2153958593.0,2,15,39,58,59,,,,,,
1,215405960,4,MUHAMMAD HASSAN,MIR HASSAN,HAJI JUMOON,115.0,15.0,100.0,10.0,8.0,MANGWAR,40.0,BHEEL,30.0,BABAR,30.0,3.0,5.0,5.0,200.0,150.0,100.0,0.0,,0.0,,0.0,,4.0,,,,,,,100.0,40.0,40.0,20.0,0.0,0.0,,,,,0.0,,,,,,12.0,12.0,,,,,,,,,,,,,,,,,,,,,,,,,,,,,,,,,,,,,,,,,,,,,,,,,,,,,,,,,,,,,,,,,,,,,,,,,,,,,,,,,,,,,,,,,,,,,,,,,,,2154059604.0,2,15,40,59,60,,,,,,
1,216416061,1,38 A,,,25.0,10.0,15.0,0.0,4.0,KHOSO,70.0,MANJHO,15.0,DASTI,15.0,40.0,100.0,85.0,40.0,30.0,25.0,0.0,,0.0,,0.0,,4.0,,,,,,,75.0,20.0,30.0,25.0,0.0,0.0,,,,,0.0,,,,,2.0,,,38 L,,,31.0,8.0,23.0,0.0,3.0,BASTI,50.0,KHOSO,30.0,MAMJHO,20.0,8.0,9.0,12.0,100.0,70.0,50.0,0.0,,0.0,,0.0,,4.0,,,,,,,60.0,20.0,18.0,22.0,0.0,0.0,,,,,0.0,,,,,2.0,36,,,10.0,10.0,10.0,20.0,3.0,JAKHRANI,40.0,KHOSO,30.0,JALANI,30.0,11.0,8.0,8.0,100.0,70.0,50.0,0.0,,0.0,,0.0,,4.0,,,,,,,80.0,30.0,35.0,15.0,0.0,0.0,,,,,0.0,,,,,2.0,2164160611.0,2,16,41,60,61,,,,,,
1,216416162,2,EAST AREA,NORTH AREA,NORTH AREA,16.0,1.0,16.0,0.0,2.0,JAKHRANI,62.5,SIPPER,37.5,,-99.0,5.0,3.0,4.0,175.0,15.0,10.0,0.0,,0.0,,0.0,,4.0,,,,,,,100.0,35.0,35.0,30.0,0.0,0.0,,,,,0.0,,,,,,5.0,10.0,WEST AREA,SOUTH AREA,SOUTH AREA,16.0,1.0,15.0,0.0,2.0,JAKHRANI,93.75,SIPPER,6.25,-99,,5.0,4.0,6.0,65.0,45.0,42.0,0.0,,0.0,,0.0,,4.0,,,,,,,100.0,35.0,35.0,30.0,0.0,0.0,,,,,0.0,,,,,,,,,,,,,,,,,,,,,,,,,,,,,,,,,,,,,,,,,,,,,,,,,,,,,,,2164161622.0,2,16,41,61,62,,,,,,
1,216426263,3,EASTERN SIDE,NORTH SIDE,,25.0,20.0,5.0,0.0,1.0,CHACHAR,100.0,,-99.0,,-99.0,3.0,2.0,2.0,8.0,5.0,4.0,0.0,,0.0,,0.0,,4.0,,,,,,,100.0,35.0,35.0,30.0,0.0,0.0,,,,,0.0,,,,,,26.0,26.0,WESTER SIDE,SOTHERN SIDE,,15.0,15.0,0.0,0.0,2.0,CHACHAR,80.0,BALOUCH,20.0,,,3.0,2.0,2.0,20.0,6.0,5.0,0.0,,0.0,,0.0,,4.0,,,,,,,100.0,35.0,40.0,25.0,0.0,0.0,,,,,0.0,,,,,,,,,,,,,,,,,,,,,,,,,,,,,,,,,,,,,,,,,,,,,,,,,,,,,,,2164262633.0,2,16,42,62,63,,,,,,
1,216436364,4,ESTRN SIDE,NORTHERN SIDE,,43.0,38.0,5.0,0.0,2.0,NINDWANI,99.93,BALKANI,0.06,,-99.0,125.0,2.0,5.0,125.0,15.0,14.0,0.0,,0.0,,0.0,,4.0,,,,,,,100.0,30.0,40.0,30.0,0.0,0.0,,,,,0.0,,,,,,0.0,26.0,,,,,,,,,,,,,,,,,,,,,,,,,,,,,,,,,,,,,,,,,,,,,,,,,,,,,,,,,,,,,,,,,,,,,,,,,,,,,,,,,,,,,,,,,,,,,,,,,,,2164363644.0,2,16,43,63,64,,,,,,
1,217446465,1,AALI WAAH,,,60.0,20.0,40.0,0.0,4.0,,50.0,,25.0,,25.0,125.0,100.0,75.0,200.0,150.0,150.0,0.0,,0.0,,0.0,,4.0,,,,,,,30.0,12.0,13.0,5.0,0.0,0.0,,,,,0.0,,,,,,21.0,26.0,DARIWAAH,,,40.0,25.0,15.0,0.0,4.0,,50.0,,25.0,,20.0,30.0,25.0,25.0,115.0,100.0,90.0,0.0,,0.0,,0.0,,4.0,,,,,,,30.0,20.0,5.0,5.0,0.0,0.0,,,,,0.0,,,,,,,,,,,,,,,,,,,,,,,,,,,,,,,,,,,,,,,,,,,,,,,,,,,,,,,2174464651.0,2,17,44,64,65,,,,,,
1,217446566,2,AUTHON WATER,PANJO WATER,,85.0,15.0,70.0,70.0,3.0,,60.0,,40.0,,0.0,25.0,10.0,13.0,40.0,20.0,15.0,0.0,,0.0,,1.0,MDA 8,4.0,,,,,,,90.0,20.0,20.0,50.0,0.0,0.0,,,,,0.0,,,,,,24.0,24.0,,,,,,,,,,,,,,,,,,,,,,,,,,,,,,,,,,,,,,,,,,,,,,,,,,,,,,,,,,,,,,,,,,,,,,,,,,,,,,,,,,,,,,,,,,,,,,,,,,,2174465662.0,2,17,44,65,66,,,,,,
1,217446667,3,R D-13,NAE GHONI WAAH,,45.0,20.0,25.0,0.0,8.0,,50.0,,30.0,,20.0,15.0,15.0,12.0,60.0,50.0,25.0,0.0,,0.0,,0.0,,4.0,,,,,,,100.0,10.0,20.0,70.0,0.0,0.0,,,,,0.0,,,,,2.0,20.0,26.0,,,,,,,,,,,,,,,,,,,,,,,,,,,,,,,,,,,,,,,,,,,,,,,,,,,,,,,,,,,,,,,,,,,,,,,,,,,,,,,,,,,,,,,,,,,,,,,,,,,2174466673.0,2,17,44,66,67,,,,,,
1,217456768,4,,,,,,,,,,,,,,,,,,,,,,,,,,,,,,,,,,,,,,,,,,,,,,,,,,,,,,,,,,,,,,,,,,,,,,,,,,,,,,,,,,,,,,,,,,,,,,,,,,,,,,,,,,,,,,,,,,,,,,,,,,,,,,,,,,,,,,,,,,,,,,,,,,,,,,2174567684.0,2,17,45,67,68,,,,,,
1,318466869,1,SKEEM PATI,ZAHAI PATI,BANDA PATI,400.0,100.0,300.0,0.0,10.0,GHAMARYANI,50.0,MIANGAN,35.0,PADARYIAN,15.0,10.0,1.0,1.0,20.0,5.0,4.0,0.0,,0.0,,0.0,,4.0,,,,,,,50.0,10.0,20.0,20.0,0.0,1.0,80.0,1.0,2.0,3.0,0.0,,,,,2.0,20.0,16.0,,,,,,,,,,,,,,,,,,,,,,,,,,,,,,,,,,,,,,,,,,,,,,,,,,,,,,,,,,,,,,,,,,,,,,,,,,,,,,,,,,,,,,,,,,,,,,,,,,,3184668691.0,3,18,46,68,69,,,,,,
1,318466970,2,,,,,,,,,,,,,,,,,,,,,,,,,,,,,,,,,,,,,,,,,,,,,,,,,,,,,,,,,,,,,,,,,,,,,,,,,,,,,,,,,,,,,,,,,,,,,,,,,,,,,,,,,,,,,,,,,,,,,,,,,,,,,,,,,,,,,,,,,,,,,,,,,,,,,,3184669702.0,3,18,46,69,70,,,,,,
1,318467071,3,BANDA CHAIL,BAHRAM,KHORABAD,100.0,50.0,50.0,0.0,7.0,AFRIDI,50.0,GUJJAR,35.0,MOHMAND,15.0,5.0,3.0,4.0,20.0,15.0,10.0,0.0,,1.0,TEACHER,1.0,COUNCELLOR,4.0,,,,,,,50.0,20.0,10.0,20.0,0.0,1.0,5.0,2.0,1.0,3.0,0.0,,,,,2.0,7.0,5.0,,,,,,,,,,,,,,,,,,,,,,,,,,,,,,,,,,,,,,,,,,,,,,,,,,,,,,,,,,,,,,,,,,,,,,,,,,,,,,,,,,,,,,,,,,,,,,,,,,,3184670713.0,3,18,46,70,71,,,,,,
1,318467172,4,,,,,,,,,,,,,,,,,,,,,,,,,,,,,,,,,,,,,,,,,,,,,,,,,,,,,,,,,,,,,,,,,,,,,,,,,,,,,,,,,,,,,,,,,,,,,,,,,,,,,,,,,,,,,,,,,,,,,,,,,,,,,,,,,,,,,,,,,,,,,,,,,,,,,,3184671724.0,3,18,46,71,72,,,,,,
1,319477273,1,,,,,,,,,,,,,,,,,,,,,,,,,,,,,,,,,,,,,,,,,,,,,,,,,,,,,,,,,,,,,,,,,,,,,,,,,,,,,,,,,,,,,,,,,,,,,,,,,,,,,,,,,,,,,,,,,,,,,,,,,,,,,,,,,,,,,,,,,,,,,,,,,,,,,,3194772731.0,3,19,47,72,73,,,,,,
1,319477274,2,,,,,,,,,,,,,,,,,,,,,,,,,,,,,,,,,,,,,,,,,,,,,,,,,,,,,,,,,,,,,,,,,,,,,,,,,,,,,,,,,,,,,,,,,,,,,,,,,,,,,,,,,,,,,,,,,,,,,,,,,,,,,,,,,,,,,,,,,,,,,,,,,,,,,,3194772742.0,3,19,47,72,74,,,,,,
1,319477375,3,,,,,,,,,,,,,,,,,,,,,,,,,,,,,,,,,,,,,,,,,,,,,,,,,,,,,,,,,,,,,,,,,,,,,,,,,,,,,,,,,,,,,,,,,,,,,,,,,,,,,,,,,,,,,,,,,,,,,,,,,,,,,,,,,,,,,,,,,,,,,,,,,,,,,,3194773753.0,3,19,47,73,75,,,,,,
1,319487476,4,,,,,,,,,,,,,,,,,,,,,,,,,,,,,,,,,,,,,,,,,,,,,,,,,,,,,,,,,,,,,,,,,,,,,,,,,,,,,,,,,,,,,,,,,,,,,,,,,,,,,,,,,,,,,,,,,,,,,,,,,,,,,,,,,,,,,,,,,,,,,,,,,,,,,,3194874764.0,3,19,48,74,76,,,,,,
1,101010101,1,,,,,,,,,,,,,,,,,,,,,,,,,,,,,,,,,,,,,,,,,,,,,,,,,,,,,,,,,,,,,,,,,,,,,,,,,,,,,,,,,,,,,,,,,,,,,,,,,,,,,,,,,,,,,,,,,,,,,,,,,,,,,,,,,,,,,,,,,,,,,,,,,,,,,,1010101011.0,1,1,1,1,1,1.0,,,,,
1,101010101,1,,,,,,,,,,,,,,,,,,,,,,,,,,,,,,,,,,,,,,,,,,,,,,,,,,,,,,,,,,,,,,,,,,,,,,,,,,,,,,,,,,,,,,,,,,,,,,,,,,,,,,,,,,,,,,,,,,,,,,,,,,,,,,,,,,,,,,,,,,,,,,,,,,,,,,1010101011.0,1,1,1,1,1,2.0,,,,,
1,101010202,2,,,,,,,,,,,,,,,,,,,,,,,,,,,,,,,,,,,,,,,,,,,,,,,,,,,,,,,,,,,,,,,,,,,,,,,,,,,,,,,,,,,,,,,,,,,,,,,,,,,,,,,,,,,,,,,,,,,,,,,,,,,,,,,,,,,,,,,,,,,,,,,,,,,,,,1010102022.0,1,1,1,2,2,,,,,,
1,101010203,3,,,,,,,,,,,,,,,,,,,,,,,,,,,,,,,,,,,,,,,,,,,,,,,,,,,,,,,,,,,,,,,,,,,,,,,,,,,,,,,,,,,,,,,,,,,,,,,,,,,,,,,,,,,,,,,,,,,,,,,,,,,,,,,,,,,,,,,,,,,,,,,,,,,,,,1010102033.0,1,1,1,2,3,,,,,,
1,101010203,3,,,,,,,,,,,,,,,,,,,,,,,,,,,,,,,,,,,,,,,,,,,,,,,,,,,,,,,,,,,,,,,,,,,,,,,,,,,,,,,,,,,,,,,,,,,,,,,,,,,,,,,,,,,,,,,,,,,,,,,,,,,,,,,,,,,,,,,,,,,,,,,,,,,,,,1010102033.0,1,1,1,2,3,,,,,,
1,101020304,4,,,,,,,,,,,,,,,,,,,,,,,,,,,,,,,,,,,,,,,,,,,,,,,,,,,,,,,,,,,,,,,,,,,,,,,,,,,,,,,,,,,,,,,,,,,,,,,,,,,,,,,,,,,,,,,,,,,,,,,,,,,,,,,,,,,,,,,,,,,,,,,,,,,,,,1010203044.0,1,1,2,3,4,1.0,0.0,16.0,4.0,0.0,
1,101020304,4,,,,,,,,,,,,,,,,,,,,,,,,,,,,,,,,,,,,,,,,,,,,,,,,,,,,,,,,,,,,,,,,,,,,,,,,,,,,,,,,,,,,,,,,,,,,,,,,,,,,,,,,,,,,,,,,,,,,,,,,,,,,,,,,,,,,,,,,,,,,,,,,,,,,,,1010203044.0,1,1,2,3,4,2.0,15.0,3.0,0.0,0.0,
1,102030405,1,,,,,,,,,,,,,,,,,,,,,,,,,,,,,,,,,,,,,,,,,,,,,,,,,,,,,,,,,,,,,,,,,,,,,,,,,,,,,,,,,,,,,,,,,,,,,,,,,,,,,,,,,,,,,,,,,,,,,,,,,,,,,,,,,,,,,,,,,,,,,,,,,,,,,,1020304051.0,1,2,3,4,5,1.0,18.0,0.0,0.0,34.0,
1,102030405,1,,,,,,,,,,,,,,,,,,,,,,,,,,,,,,,,,,,,,,,,,,,,,,,,,,,,,,,,,,,,,,,,,,,,,,,,,,,,,,,,,,,,,,,,,,,,,,,,,,,,,,,,,,,,,,,,,,,,,,,,,,,,,,,,,,,,,,,,,,,,,,,,,,,,,,1020304051.0,1,2,3,4,5,2.0,16.0,0.0,0.0,36.0,
1,102030506,2,,,,,,,,,,,,,,,,,,,,,,,,,,,,,,,,,,,,,,,,,,,,,,,,,,,,,,,,,,,,,,,,,,,,,,,,,,,,,,,,,,,,,,,,,,,,,,,,,,,,,,,,,,,,,,,,,,,,,,,,,,,,,,,,,,,,,,,,,,,,,,,,,,,,,,1020305062.0,1,2,3,5,6,1.0,12.0,0.0,0.0,40.0,
1,102030506,2,,,,,,,,,,,,,,,,,,,,,,,,,,,,,,,,,,,,,,,,,,,,,,,,,,,,,,,,,,,,,,,,,,,,,,,,,,,,,,,,,,,,,,,,,,,,,,,,,,,,,,,,,,,,,,,,,,,,,,,,,,,,,,,,,,,,,,,,,,,,,,,,,,,,,,1020305062.0,1,2,3,5,6,2.0,12.0,0.0,0.0,40.0,
1,102030607,3,,,,,,,,,,,,,,,,,,,,,,,,,,,,,,,,,,,,,,,,,,,,,,,,,,,,,,,,,,,,,,,,,,,,,,,,,,,,,,,,,,,,,,,,,,,,,,,,,,,,,,,,,,,,,,,,,,,,,,,,,,,,,,,,,,,,,,,,,,,,,,,,,,,,,,1020306073.0,1,2,3,6,7,1.0,10.0,10.0,0.0,32.0,
1,102030607,3,,,,,,,,,,,,,,,,,,,,,,,,,,,,,,,,,,,,,,,,,,,,,,,,,,,,,,,,,,,,,,,,,,,,,,,,,,,,,,,,,,,,,,,,,,,,,,,,,,,,,,,,,,,,,,,,,,,,,,,,,,,,,,,,,,,,,,,,,,,,,,,,,,,,,,1020306073.0,1,2,3,6,7,2.0,10.0,10.0,0.0,32.0,
1,102040708,4,,,,,,,,,,,,,,,,,,,,,,,,,,,,,,,,,,,,,,,,,,,,,,,,,,,,,,,,,,,,,,,,,,,,,,,,,,,,,,,,,,,,,,,,,,,,,,,,,,,,,,,,,,,,,,,,,,,,,,,,,,,,,,,,,,,,,,,,,,,,,,,,,,,,,,1020407084.0,1,2,4,7,8,,,,,,
1,103050809,1,,,,,,,,,,,,,,,,,,,,,,,,,,,,,,,,,,,,,,,,,,,,,,,,,,,,,,,,,,,,,,,,,,,,,,,,,,,,,,,,,,,,,,,,,,,,,,,,,,,,,,,,,,,,,,,,,,,,,,,,,,,,,,,,,,,,,,,,,,,,,,,,,,,,,,1030508091.0,1,3,5,8,9,1.0,7.0,10.0,0.0,3.0,
1,103050809,1,,,,,,,,,,,,,,,,,,,,,,,,,,,,,,,,,,,,,,,,,,,,,,,,,,,,,,,,,,,,,,,,,,,,,,,,,,,,,,,,,,,,,,,,,,,,,,,,,,,,,,,,,,,,,,,,,,,,,,,,,,,,,,,,,,,,,,,,,,,,,,,,,,,,,,1030508091.0,1,3,5,8,9,2.0,7.0,10.0,0.0,3.0,
1,103060910,2,,,,,,,,,,,,,,,,,,,,,,,,,,,,,,,,,,,,,,,,,,,,,,,,,,,,,,,,,,,,,,,,,,,,,,,,,,,,,,,,,,,,,,,,,,,,,,,,,,,,,,,,,,,,,,,,,,,,,,,,,,,,,,,,,,,,,,,,,,,,,,,,,,,,,,1030609102.0,1,3,6,9,10,1.0,13.0,6.0,3.0,0.0,
1,103060910,2,,,,,,,,,,,,,,,,,,,,,,,,,,,,,,,,,,,,,,,,,,,,,,,,,,,,,,,,,,,,,,,,,,,,,,,,,,,,,,,,,,,,,,,,,,,,,,,,,,,,,,,,,,,,,,,,,,,,,,,,,,,,,,,,,,,,,,,,,,,,,,,,,,,,,,1030609102.0,1,3,6,9,10,2.0,20.0,2.0,2.0,2.0,
1,103061011,3,,,,,,,,,,,,,,,,,,,,,,,,,,,,,,,,,,,,,,,,,,,,,,,,,,,,,,,,,,,,,,,,,,,,,,,,,,,,,,,,,,,,,,,,,,,,,,,,,,,,,,,,,,,,,,,,,,,,,,,,,,,,,,,,,,,,,,,,,,,,,,,,,,,,,,1030610113.0,1,3,6,10,11,1.0,6.0,10.0,5.0,0.0,
1,103061011,3,,,,,,,,,,,,,,,,,,,,,,,,,,,,,,,,,,,,,,,,,,,,,,,,,,,,,,,,,,,,,,,,,,,,,,,,,,,,,,,,,,,,,,,,,,,,,,,,,,,,,,,,,,,,,,,,,,,,,,,,,,,,,,,,,,,,,,,,,,,,,,,,,,,,,,1030610113.0,1,3,6,10,11,2.0,10.0,6.0,10.0,0.0,
1,103071112,4,,,,,,,,,,,,,,,,,,,,,,,,,,,,,,,,,,,,,,,,,,,,,,,,,,,,,,,,,,,,,,,,,,,,,,,,,,,,,,,,,,,,,,,,,,,,,,,,,,,,,,,,,,,,,,,,,,,,,,,,,,,,,,,,,,,,,,,,,,,,,,,,,,,,,,1030711124.0,1,3,7,11,12,1.0,5.0,10.0,5.0,0.0,
1,103071112,4,,,,,,,,,,,,,,,,,,,,,,,,,,,,,,,,,,,,,,,,,,,,,,,,,,,,,,,,,,,,,,,,,,,,,,,,,,,,,,,,,,,,,,,,,,,,,,,,,,,,,,,,,,,,,,,,,,,,,,,,,,,,,,,,,,,,,,,,,,,,,,,,,,,,,,1030711124.0,1,3,7,11,12,2.0,10.0,8.0,8.0,0.0,
1,104081213,1,,,,,,,,,,,,,,,,,,,,,,,,,,,,,,,,,,,,,,,,,,,,,,,,,,,,,,,,,,,,,,,,,,,,,,,,,,,,,,,,,,,,,,,,,,,,,,,,,,,,,,,,,,,,,,,,,,,,,,,,,,,,,,,,,,,,,,,,,,,,,,,,,,,,,,1040812131.0,1,4,8,12,13,,,,,,
1,104081314,2,,,,,,,,,,,,,,,,,,,,,,,,,,,,,,,,,,,,,,,,,,,,,,,,,,,,,,,,,,,,,,,,,,,,,,,,,,,,,,,,,,,,,,,,,,,,,,,,,,,,,,,,,,,,,,,,,,,,,,,,,,,,,,,,,,,,,,,,,,,,,,,,,,,,,,1040813142.0,1,4,8,13,14,,,,,,
1,104081415,3,,,,,,,,,,,,,,,,,,,,,,,,,,,,,,,,,,,,,,,,,,,,,,,,,,,,,,,,,,,,,,,,,,,,,,,,,,,,,,,,,,,,,,,,,,,,,,,,,,,,,,,,,,,,,,,,,,,,,,,,,,,,,,,,,,,,,,,,,,,,,,,,,,,,,,1040814153.0,1,4,8,14,15,,,,,,
1,104091516,4,,,,,,,,,,,,,,,,,,,,,,,,,,,,,,,,,,,,,,,,,,,,,,,,,,,,,,,,,,,,,,,,,,,,,,,,,,,,,,,,,,,,,,,,,,,,,,,,,,,,,,,,,,,,,,,,,,,,,,,,,,,,,,,,,,,,,,,,,,,,,,,,,,,,,,1040915164.0,1,4,9,15,16,,,,,,
1,105101617,1,,,,,,,,,,,,,,,,,,,,,,,,,,,,,,,,,,,,,,,,,,,,,,,,,,,,,,,,,,,,,,,,,,,,,,,,,,,,,,,,,,,,,,,,,,,,,,,,,,,,,,,,,,,,,,,,,,,,,,,,,,,,,,,,,,,,,,,,,,,,,,,,,,,,,,1051016171.0,1,5,10,16,17,1.0,10.0,4.0,0.0,3.0,
1,105101617,1,,,,,,,,,,,,,,,,,,,,,,,,,,,,,,,,,,,,,,,,,,,,,,,,,,,,,,,,,,,,,,,,,,,,,,,,,,,,,,,,,,,,,,,,,,,,,,,,,,,,,,,,,,,,,,,,,,,,,,,,,,,,,,,,,,,,,,,,,,,,,,,,,,,,,,1051016171.0,1,5,10,16,17,2.0,18.0,5.0,0.0,2.0,
1,105101718,2,,,,,,,,,,,,,,,,,,,,,,,,,,,,,,,,,,,,,,,,,,,,,,,,,,,,,,,,,,,,,,,,,,,,,,,,,,,,,,,,,,,,,,,,,,,,,,,,,,,,,,,,,,,,,,,,,,,,,,,,,,,,,,,,,,,,,,,,,,,,,,,,,,,,,,1051017182.0,1,5,10,17,18,1.0,0.0,0.0,0.0,0.0,
1,105101718,2,,,,,,,,,,,,,,,,,,,,,,,,,,,,,,,,,,,,,,,,,,,,,,,,,,,,,,,,,,,,,,,,,,,,,,,,,,,,,,,,,,,,,,,,,,,,,,,,,,,,,,,,,,,,,,,,,,,,,,,,,,,,,,,,,,,,,,,,,,,,,,,,,,,,,,1051017182.0,1,5,10,17,18,2.0,0.0,0.0,0.0,0.0,
1,105111819,3,,,,,,,,,,,,,,,,,,,,,,,,,,,,,,,,,,,,,,,,,,,,,,,,,,,,,,,,,,,,,,,,,,,,,,,,,,,,,,,,,,,,,,,,,,,,,,,,,,,,,,,,,,,,,,,,,,,,,,,,,,,,,,,,,,,,,,,,,,,,,,,,,,,,,,1051118193.0,1,5,11,18,19,1.0,10.0,6.0,0.0,3.0,
1,105111819,3,,,,,,,,,,,,,,,,,,,,,,,,,,,,,,,,,,,,,,,,,,,,,,,,,,,,,,,,,,,,,,,,,,,,,,,,,,,,,,,,,,,,,,,,,,,,,,,,,,,,,,,,,,,,,,,,,,,,,,,,,,,,,,,,,,,,,,,,,,,,,,,,,,,,,,1051118193.0,1,5,11,18,19,2.0,18.0,3.0,0.0,4.0,
1,105121920,4,,,,,,,,,,,,,,,,,,,,,,,,,,,,,,,,,,,,,,,,,,,,,,,,,,,,,,,,,,,,,,,,,,,,,,,,,,,,,,,,,,,,,,,,,,,,,,,,,,,,,,,,,,,,,,,,,,,,,,,,,,,,,,,,,,,,,,,,,,,,,,,,,,,,,,1051219204.0,1,5,12,19,20,1.0,9.0,5.0,0.0,4.0,
1,105121920,4,,,,,,,,,,,,,,,,,,,,,,,,,,,,,,,,,,,,,,,,,,,,,,,,,,,,,,,,,,,,,,,,,,,,,,,,,,,,,,,,,,,,,,,,,,,,,,,,,,,,,,,,,,,,,,,,,,,,,,,,,,,,,,,,,,,,,,,,,,,,,,,,,,,,,,1051219204.0,1,5,12,19,20,2.0,17.0,3.0,0.0,4.0,
1,106132021,1,,,,,,,,,,,,,,,,,,,,,,,,,,,,,,,,,,,,,,,,,,,,,,,,,,,,,,,,,,,,,,,,,,,,,,,,,,,,,,,,,,,,,,,,,,,,,,,,,,,,,,,,,,,,,,,,,,,,,,,,,,,,,,,,,,,,,,,,,,,,,,,,,,,,,,1061320211.0,1,6,13,20,21,,,,,,
1,106132122,2,,,,,,,,,,,,,,,,,,,,,,,,,,,,,,,,,,,,,,,,,,,,,,,,,,,,,,,,,,,,,,,,,,,,,,,,,,,,,,,,,,,,,,,,,,,,,,,,,,,,,,,,,,,,,,,,,,,,,,,,,,,,,,,,,,,,,,,,,,,,,,,,,,,,,,1061321222.0,1,6,13,21,22,1.0,0.0,0.0,0.0,52.0,
1,106132122,2,,,,,,,,,,,,,,,,,,,,,,,,,,,,,,,,,,,,,,,,,,,,,,,,,,,,,,,,,,,,,,,,,,,,,,,,,,,,,,,,,,,,,,,,,,,,,,,,,,,,,,,,,,,,,,,,,,,,,,,,,,,,,,,,,,,,,,,,,,,,,,,,,,,,,,1061321222.0,1,6,13,21,22,2.0,0.0,0.0,0.0,52.0,
1,106142223,3,,,,,,,,,,,,,,,,,,,,,,,,,,,,,,,,,,,,,,,,,,,,,,,,,,,,,,,,,,,,,,,,,,,,,,,,,,,,,,,,,,,,,,,,,,,,,,,,,,,,,,,,,,,,,,,,,,,,,,,,,,,,,,,,,,,,,,,,,,,,,,,,,,,,,,1061422233.0,1,6,14,22,23,,,,,,
1,106142324,4,,,,,,,,,,,,,,,,,,,,,,,,,,,,,,,,,,,,,,,,,,,,,,,,,,,,,,,,,,,,,,,,,,,,,,,,,,,,,,,,,,,,,,,,,,,,,,,,,,,,,,,,,,,,,,,,,,,,,,,,,,,,,,,,,,,,,,,,,,,,,,,,,,,,,,1061423244.0,1,6,14,23,24,,,,,,
1,107152425,1,,,,,,,,,,,,,,,,,,,,,,,,,,,,,,,,,,,,,,,,,,,,,,,,,,,,,,,,,,,,,,,,,,,,,,,,,,,,,,,,,,,,,,,,,,,,,,,,,,,,,,,,,,,,,,,,,,,,,,,,,,,,,,,,,,,,,,,,,,,,,,,,,,,,,,1071524251.0,1,7,15,24,25,1.0,8.0,0.0,0.0,0.0,
1,107152425,1,,,,,,,,,,,,,,,,,,,,,,,,,,,,,,,,,,,,,,,,,,,,,,,,,,,,,,,,,,,,,,,,,,,,,,,,,,,,,,,,,,,,,,,,,,,,,,,,,,,,,,,,,,,,,,,,,,,,,,,,,,,,,,,,,,,,,,,,,,,,,,,,,,,,,,1071524251.0,1,7,15,24,25,2.0,16.0,0.0,0.0,0.0,
1,107162526,2,,,,,,,,,,,,,,,,,,,,,,,,,,,,,,,,,,,,,,,,,,,,,,,,,,,,,,,,,,,,,,,,,,,,,,,,,,,,,,,,,,,,,,,,,,,,,,,,,,,,,,,,,,,,,,,,,,,,,,,,,,,,,,,,,,,,,,,,,,,,,,,,,,,,,,1071625262.0,1,7,16,25,26,,,,,,
1,107162627,3,,,,,,,,,,,,,,,,,,,,,,,,,,,,,,,,,,,,,,,,,,,,,,,,,,,,,,,,,,,,,,,,,,,,,,,,,,,,,,,,,,,,,,,,,,,,,,,,,,,,,,,,,,,,,,,,,,,,,,,,,,,,,,,,,,,,,,,,,,,,,,,,,,,,,,1071626273.0,1,7,16,26,27,1.0,1.0,3.0,0.0,0.0,
1,107162627,3,,,,,,,,,,,,,,,,,,,,,,,,,,,,,,,,,,,,,,,,,,,,,,,,,,,,,,,,,,,,,,,,,,,,,,,,,,,,,,,,,,,,,,,,,,,,,,,,,,,,,,,,,,,,,,,,,,,,,,,,,,,,,,,,,,,,,,,,,,,,,,,,,,,,,,1071626273.0,1,7,16,26,27,2.0,2.0,3.0,0.0,0.0,
1,107172728,4,,,,,,,,,,,,,,,,,,,,,,,,,,,,,,,,,,,,,,,,,,,,,,,,,,,,,,,,,,,,,,,,,,,,,,,,,,,,,,,,,,,,,,,,,,,,,,,,,,,,,,,,,,,,,,,,,,,,,,,,,,,,,,,,,,,,,,,,,,,,,,,,,,,,,,1071727284.0,1,7,17,27,28,,,,,,
1,108182829,1,,,,,,,,,,,,,,,,,,,,,,,,,,,,,,,,,,,,,,,,,,,,,,,,,,,,,,,,,,,,,,,,,,,,,,,,,,,,,,,,,,,,,,,,,,,,,,,,,,,,,,,,,,,,,,,,,,,,,,,,,,,,,,,,,,,,,,,,,,,,,,,,,,,,,,1081828291.0,1,8,18,28,29,1.0,8.0,8.0,0.0,8.0,
1,108182829,1,,,,,,,,,,,,,,,,,,,,,,,,,,,,,,,,,,,,,,,,,,,,,,,,,,,,,,,,,,,,,,,,,,,,,,,,,,,,,,,,,,,,,,,,,,,,,,,,,,,,,,,,,,,,,,,,,,,,,,,,,,,,,,,,,,,,,,,,,,,,,,,,,,,,,,1081828291.0,1,8,18,28,29,2.0,8.0,8.0,0.0,8.0,
1,108192930,2,,,,,,,,,,,,,,,,,,,,,,,,,,,,,,,,,,,,,,,,,,,,,,,,,,,,,,,,,,,,,,,,,,,,,,,,,,,,,,,,,,,,,,,,,,,,,,,,,,,,,,,,,,,,,,,,,,,,,,,,,,,,,,,,,,,,,,,,,,,,,,,,,,,,,,1081929302.0,1,8,19,29,30,1.0,12.0,12.0,0.0,0.0,
1,108192930,2,,,,,,,,,,,,,,,,,,,,,,,,,,,,,,,,,,,,,,,,,,,,,,,,,,,,,,,,,,,,,,,,,,,,,,,,,,,,,,,,,,,,,,,,,,,,,,,,,,,,,,,,,,,,,,,,,,,,,,,,,,,,,,,,,,,,,,,,,,,,,,,,,,,,,,1081929302.0,1,8,19,29,30,2.0,12.0,12.0,0.0,0.0,
1,108203031,3,,,,,,,,,,,,,,,,,,,,,,,,,,,,,,,,,,,,,,,,,,,,,,,,,,,,,,,,,,,,,,,,,,,,,,,,,,,,,,,,,,,,,,,,,,,,,,,,,,,,,,,,,,,,,,,,,,,,,,,,,,,,,,,,,,,,,,,,,,,,,,,,,,,,,,1082030313.0,1,8,20,30,31,1.0,10.0,10.0,0.0,4.0,
1,108203031,3,,,,,,,,,,,,,,,,,,,,,,,,,,,,,,,,,,,,,,,,,,,,,,,,,,,,,,,,,,,,,,,,,,,,,,,,,,,,,,,,,,,,,,,,,,,,,,,,,,,,,,,,,,,,,,,,,,,,,,,,,,,,,,,,,,,,,,,,,,,,,,,,,,,,,,1082030313.0,1,8,20,30,31,2.0,10.0,10.0,0.0,4.0,
1,108213132,4,,,,,,,,,,,,,,,,,,,,,,,,,,,,,,,,,,,,,,,,,,,,,,,,,,,,,,,,,,,,,,,,,,,,,,,,,,,,,,,,,,,,,,,,,,,,,,,,,,,,,,,,,,,,,,,,,,,,,,,,,,,,,,,,,,,,,,,,,,,,,,,,,,,,,,1082131324.0,1,8,21,31,32,1.0,0.0,0.0,0.0,0.0,
1,108213132,4,,,,,,,,,,,,,,,,,,,,,,,,,,,,,,,,,,,,,,,,,,,,,,,,,,,,,,,,,,,,,,,,,,,,,,,,,,,,,,,,,,,,,,,,,,,,,,,,,,,,,,,,,,,,,,,,,,,,,,,,,,,,,,,,,,,,,,,,,,,,,,,,,,,,,,1082131324.0,1,8,21,31,32,2.0,9.0,9.0,0.0,6.0,
1,109223233,1,,,,,,,,,,,,,,,,,,,,,,,,,,,,,,,,,,,,,,,,,,,,,,,,,,,,,,,,,,,,,,,,,,,,,,,,,,,,,,,,,,,,,,,,,,,,,,,,,,,,,,,,,,,,,,,,,,,,,,,,,,,,,,,,,,,,,,,,,,,,,,,,,,,,,,1092232331.0,1,9,22,32,33,1.0,20.0,0.0,0.0,4.0,
1,109223233,1,,,,,,,,,,,,,,,,,,,,,,,,,,,,,,,,,,,,,,,,,,,,,,,,,,,,,,,,,,,,,,,,,,,,,,,,,,,,,,,,,,,,,,,,,,,,,,,,,,,,,,,,,,,,,,,,,,,,,,,,,,,,,,,,,,,,,,,,,,,,,,,,,,,,,,1092232331.0,1,9,22,32,33,2.0,22.0,0.0,0.0,2.0,
1,109223334,2,,,,,,,,,,,,,,,,,,,,,,,,,,,,,,,,,,,,,,,,,,,,,,,,,,,,,,,,,,,,,,,,,,,,,,,,,,,,,,,,,,,,,,,,,,,,,,,,,,,,,,,,,,,,,,,,,,,,,,,,,,,,,,,,,,,,,,,,,,,,,,,,,,,,,,1092233342.0,1,9,22,33,34,1.0,6.0,6.0,0.0,12.0,
1,109223334,2,,,,,,,,,,,,,,,,,,,,,,,,,,,,,,,,,,,,,,,,,,,,,,,,,,,,,,,,,,,,,,,,,,,,,,,,,,,,,,,,,,,,,,,,,,,,,,,,,,,,,,,,,,,,,,,,,,,,,,,,,,,,,,,,,,,,,,,,,,,,,,,,,,,,,,1092233342.0,1,9,22,33,34,2.0,6.0,6.0,0.0,12.0,
1,109233435,3,,,,,,,,,,,,,,,,,,,,,,,,,,,,,,,,,,,,,,,,,,,,,,,,,,,,,,,,,,,,,,,,,,,,,,,,,,,,,,,,,,,,,,,,,,,,,,,,,,,,,,,,,,,,,,,,,,,,,,,,,,,,,,,,,,,,,,,,,,,,,,,,,,,,,,1092334353.0,1,9,23,34,35,1.0,22.0,0.0,0.0,2.0,
1,109233435,3,,,,,,,,,,,,,,,,,,,,,,,,,,,,,,,,,,,,,,,,,,,,,,,,,,,,,,,,,,,,,,,,,,,,,,,,,,,,,,,,,,,,,,,,,,,,,,,,,,,,,,,,,,,,,,,,,,,,,,,,,,,,,,,,,,,,,,,,,,,,,,,,,,,,,,1092334353.0,1,9,23,34,35,2.0,20.0,0.0,0.0,4.0,
1,109233536,4,,,,,,,,,,,,,,,,,,,,,,,,,,,,,,,,,,,,,,,,,,,,,,,,,,,,,,,,,,,,,,,,,,,,,,,,,,,,,,,,,,,,,,,,,,,,,,,,,,,,,,,,,,,,,,,,,,,,,,,,,,,,,,,,,,,,,,,,,,,,,,,,,,,,,,1092335364.0,1,9,23,35,36,1.0,2.0,0.5,0.0,0.0,
1,109233536,4,,,,,,,,,,,,,,,,,,,,,,,,,,,,,,,,,,,,,,,,,,,,,,,,,,,,,,,,,,,,,,,,,,,,,,,,,,,,,,,,,,,,,,,,,,,,,,,,,,,,,,,,,,,,,,,,,,,,,,,,,,,,,,,,,,,,,,,,,,,,,,,,,,,,,,1092335364.0,1,9,23,35,36,2.0,2.0,0.5,0.0,0.0,
1,110243637,1,,,,,,,,,,,,,,,,,,,,,,,,,,,,,,,,,,,,,,,,,,,,,,,,,,,,,,,,,,,,,,,,,,,,,,,,,,,,,,,,,,,,,,,,,,,,,,,,,,,,,,,,,,,,,,,,,,,,,,,,,,,,,,,,,,,,,,,,,,,,,,,,,,,,,,1102436371.0,1,10,24,36,37,1.0,0.0,0.0,0.0,0.0,
1,110243637,1,,,,,,,,,,,,,,,,,,,,,,,,,,,,,,,,,,,,,,,,,,,,,,,,,,,,,,,,,,,,,,,,,,,,,,,,,,,,,,,,,,,,,,,,,,,,,,,,,,,,,,,,,,,,,,,,,,,,,,,,,,,,,,,,,,,,,,,,,,,,,,,,,,,,,,1102436371.0,1,10,24,36,37,2.0,0.0,0.0,0.0,0.0,
1,110243738,2,,,,,,,,,,,,,,,,,,,,,,,,,,,,,,,,,,,,,,,,,,,,,,,,,,,,,,,,,,,,,,,,,,,,,,,,,,,,,,,,,,,,,,,,,,,,,,,,,,,,,,,,,,,,,,,,,,,,,,,,,,,,,,,,,,,,,,,,,,,,,,,,,,,,,,1102437382.0,1,10,24,37,38,2.0,2.0,20.0,2.0,28.0,
1,110243839,3,,,,,,,,,,,,,,,,,,,,,,,,,,,,,,,,,,,,,,,,,,,,,,,,,,,,,,,,,,,,,,,,,,,,,,,,,,,,,,,,,,,,,,,,,,,,,,,,,,,,,,,,,,,,,,,,,,,,,,,,,,,,,,,,,,,,,,,,,,,,,,,,,,,,,,1102438393.0,1,10,24,38,39,1.0,0.0,0.0,0.0,28.0,
1,110243839,3,,,,,,,,,,,,,,,,,,,,,,,,,,,,,,,,,,,,,,,,,,,,,,,,,,,,,,,,,,,,,,,,,,,,,,,,,,,,,,,,,,,,,,,,,,,,,,,,,,,,,,,,,,,,,,,,,,,,,,,,,,,,,,,,,,,,,,,,,,,,,,,,,,,,,,1102438393.0,1,10,24,38,39,2.0,16.0,6.0,2.0,0.0,
1,110253940,4,,,,,,,,,,,,,,,,,,,,,,,,,,,,,,,,,,,,,,,,,,,,,,,,,,,,,,,,,,,,,,,,,,,,,,,,,,,,,,,,,,,,,,,,,,,,,,,,,,,,,,,,,,,,,,,,,,,,,,,,,,,,,,,,,,,,,,,,,,,,,,,,,,,,,,1102539404.0,1,10,25,39,40,1.0,10.0,4.0,2.0,0.0,
1,110253940,4,,,,,,,,,,,,,,,,,,,,,,,,,,,,,,,,,,,,,,,,,,,,,,,,,,,,,,,,,,,,,,,,,,,,,,,,,,,,,,,,,,,,,,,,,,,,,,,,,,,,,,,,,,,,,,,,,,,,,,,,,,,,,,,,,,,,,,,,,,,,,,,,,,,,,,1102539404.0,1,10,25,39,40,2.0,14.0,4.0,2.0,0.0,
1,111264041,1,,,,,,,,,,,,,,,,,,,,,,,,,,,,,,,,,,,,,,,,,,,,,,,,,,,,,,,,,,,,,,,,,,,,,,,,,,,,,,,,,,,,,,,,,,,,,,,,,,,,,,,,,,,,,,,,,,,,,,,,,,,,,,,,,,,,,,,,,,,,,,,,,,,,,,1112640411.0,1,11,26,40,41,1.0,8.0,9.0,8.0,0.0,
1,111264041,1,,,,,,,,,,,,,,,,,,,,,,,,,,,,,,,,,,,,,,,,,,,,,,,,,,,,,,,,,,,,,,,,,,,,,,,,,,,,,,,,,,,,,,,,,,,,,,,,,,,,,,,,,,,,,,,,,,,,,,,,,,,,,,,,,,,,,,,,,,,,,,,,,,,,,,1112640411.0,1,11,26,40,41,2.0,8.0,8.0,4.0,0.0,
1,111274142,2,,,,,,,,,,,,,,,,,,,,,,,,,,,,,,,,,,,,,,,,,,,,,,,,,,,,,,,,,,,,,,,,,,,,,,,,,,,,,,,,,,,,,,,,,,,,,,,,,,,,,,,,,,,,,,,,,,,,,,,,,,,,,,,,,,,,,,,,,,,,,,,,,,,,,,1112741422.0,1,11,27,41,42,1.0,15.0,6.0,3.0,0.0,
1,111274142,2,,,,,,,,,,,,,,,,,,,,,,,,,,,,,,,,,,,,,,,,,,,,,,,,,,,,,,,,,,,,,,,,,,,,,,,,,,,,,,,,,,,,,,,,,,,,,,,,,,,,,,,,,,,,,,,,,,,,,,,,,,,,,,,,,,,,,,,,,,,,,,,,,,,,,,1112741422.0,1,11,27,41,42,2.0,15.0,6.0,3.0,0.0,
1,111274243,3,,,,,,,,,,,,,,,,,,,,,,,,,,,,,,,,,,,,,,,,,,,,,,,,,,,,,,,,,,,,,,,,,,,,,,,,,,,,,,,,,,,,,,,,,,,,,,,,,,,,,,,,,,,,,,,,,,,,,,,,,,,,,,,,,,,,,,,,,,,,,,,,,,,,,,1112742433.0,1,11,27,42,43,1.0,15.0,5.0,5.0,0.0,
1,111274243,3,,,,,,,,,,,,,,,,,,,,,,,,,,,,,,,,,,,,,,,,,,,,,,,,,,,,,,,,,,,,,,,,,,,,,,,,,,,,,,,,,,,,,,,,,,,,,,,,,,,,,,,,,,,,,,,,,,,,,,,,,,,,,,,,,,,,,,,,,,,,,,,,,,,,,,1112742433.0,1,11,27,42,43,2.0,15.0,5.0,5.0,0.0,
1,111284344,4,,,,,,,,,,,,,,,,,,,,,,,,,,,,,,,,,,,,,,,,,,,,,,,,,,,,,,,,,,,,,,,,,,,,,,,,,,,,,,,,,,,,,,,,,,,,,,,,,,,,,,,,,,,,,,,,,,,,,,,,,,,,,,,,,,,,,,,,,,,,,,,,,,,,,,1112843444.0,1,11,28,43,44,1.0,15.0,5.0,3.0,0.0,
1,111284344,4,,,,,,,,,,,,,,,,,,,,,,,,,,,,,,,,,,,,,,,,,,,,,,,,,,,,,,,,,,,,,,,,,,,,,,,,,,,,,,,,,,,,,,,,,,,,,,,,,,,,,,,,,,,,,,,,,,,,,,,,,,,,,,,,,,,,,,,,,,,,,,,,,,,,,,1112843444.0,1,11,28,43,44,2.0,20.0,2.0,3.0,0.0,
1,112294445,1,,,,,,,,,,,,,,,,,,,,,,,,,,,,,,,,,,,,,,,,,,,,,,,,,,,,,,,,,,,,,,,,,,,,,,,,,,,,,,,,,,,,,,,,,,,,,,,,,,,,,,,,,,,,,,,,,,,,,,,,,,,,,,,,,,,,,,,,,,,,,,,,,,,,,,1122944451.0,1,12,29,44,45,,,,,,
1,112304546,2,,,,,,,,,,,,,,,,,,,,,,,,,,,,,,,,,,,,,,,,,,,,,,,,,,,,,,,,,,,,,,,,,,,,,,,,,,,,,,,,,,,,,,,,,,,,,,,,,,,,,,,,,,,,,,,,,,,,,,,,,,,,,,,,,,,,,,,,,,,,,,,,,,,,,,1123045462.0,1,12,30,45,46,1.0,3.0,1.0,1.0,0.0,
1,112304546,2,,,,,,,,,,,,,,,,,,,,,,,,,,,,,,,,,,,,,,,,,,,,,,,,,,,,,,,,,,,,,,,,,,,,,,,,,,,,,,,,,,,,,,,,,,,,,,,,,,,,,,,,,,,,,,,,,,,,,,,,,,,,,,,,,,,,,,,,,,,,,,,,,,,,,,1123045462.0,1,12,30,45,46,2.0,25.0,3.0,2.0,0.0,
1,112304647,3,,,,,,,,,,,,,,,,,,,,,,,,,,,,,,,,,,,,,,,,,,,,,,,,,,,,,,,,,,,,,,,,,,,,,,,,,,,,,,,,,,,,,,,,,,,,,,,,,,,,,,,,,,,,,,,,,,,,,,,,,,,,,,,,,,,,,,,,,,,,,,,,,,,,,,1123046473.0,1,12,30,46,47,1.0,0.0,1.0,3.0,1.0,
1,112304647,3,,,,,,,,,,,,,,,,,,,,,,,,,,,,,,,,,,,,,,,,,,,,,,,,,,,,,,,,,,,,,,,,,,,,,,,,,,,,,,,,,,,,,,,,,,,,,,,,,,,,,,,,,,,,,,,,,,,,,,,,,,,,,,,,,,,,,,,,,,,,,,,,,,,,,,1123046473.0,1,12,30,46,47,2.0,0.0,8.0,14.0,2.0,
1,112314748,4,,,,,,,,,,,,,,,,,,,,,,,,,,,,,,,,,,,,,,,,,,,,,,,,,,,,,,,,,,,,,,,,,,,,,,,,,,,,,,,,,,,,,,,,,,,,,,,,,,,,,,,,,,,,,,,,,,,,,,,,,,,,,,,,,,,,,,,,,,,,,,,,,,,,,,1123147484.0,1,12,31,47,48,1.0,14.0,5.0,2.0,0.0,
1,112314748,4,,,,,,,,,,,,,,,,,,,,,,,,,,,,,,,,,,,,,,,,,,,,,,,,,,,,,,,,,,,,,,,,,,,,,,,,,,,,,,,,,,,,,,,,,,,,,,,,,,,,,,,,,,,,,,,,,,,,,,,,,,,,,,,,,,,,,,,,,,,,,,,,,,,,,,1123147484.0,1,12,31,47,48,2.0,18.0,4.0,4.0,0.0,
1,213324849,1,,,,,,,,,,,,,,,,,,,,,,,,,,,,,,,,,,,,,,,,,,,,,,,,,,,,,,,,,,,,,,,,,,,,,,,,,,,,,,,,,,,,,,,,,,,,,,,,,,,,,,,,,,,,,,,,,,,,,,,,,,,,,,,,,,,,,,,,,,,,,,,,,,,,,,2133248491.0,2,13,32,48,49,1.0,17.0,5.0,6.0,0.0,
1,213324849,1,,,,,,,,,,,,,,,,,,,,,,,,,,,,,,,,,,,,,,,,,,,,,,,,,,,,,,,,,,,,,,,,,,,,,,,,,,,,,,,,,,,,,,,,,,,,,,,,,,,,,,,,,,,,,,,,,,,,,,,,,,,,,,,,,,,,,,,,,,,,,,,,,,,,,,2133248491.0,2,13,32,48,49,2.0,18.0,1.0,1.0,0.0,
1,213324950,2,,,,,,,,,,,,,,,,,,,,,,,,,,,,,,,,,,,,,,,,,,,,,,,,,,,,,,,,,,,,,,,,,,,,,,,,,,,,,,,,,,,,,,,,,,,,,,,,,,,,,,,,,,,,,,,,,,,,,,,,,,,,,,,,,,,,,,,,,,,,,,,,,,,,,,2133249502.0,2,13,32,49,50,1.0,17.0,3.0,0.0,0.0,
1,213324950,2,,,,,,,,,,,,,,,,,,,,,,,,,,,,,,,,,,,,,,,,,,,,,,,,,,,,,,,,,,,,,,,,,,,,,,,,,,,,,,,,,,,,,,,,,,,,,,,,,,,,,,,,,,,,,,,,,,,,,,,,,,,,,,,,,,,,,,,,,,,,,,,,,,,,,,2133249502.0,2,13,32,49,50,2.0,20.0,8.0,0.0,0.0,
1,213324952,3,,,,,,,,,,,,,,,,,,,,,,,,,,,,,,,,,,,,,,,,,,,,,,,,,,,,,,,,,,,,,,,,,,,,,,,,,,,,,,,,,,,,,,,,,,,,,,,,,,,,,,,,,,,,,,,,,,,,,,,,,,,,,,,,,,,,,,,,,,,,,,,,,,,,,,2133249523.0,2,13,32,49,52,1.0,15.0,5.0,0.0,0.0,
1,213324952,3,,,,,,,,,,,,,,,,,,,,,,,,,,,,,,,,,,,,,,,,,,,,,,,,,,,,,,,,,,,,,,,,,,,,,,,,,,,,,,,,,,,,,,,,,,,,,,,,,,,,,,,,,,,,,,,,,,,,,,,,,,,,,,,,,,,,,,,,,,,,,,,,,,,,,,2133249523.0,2,13,32,49,52,2.0,21.0,3.0,0.0,0.0,
1,213335051,4,,,,,,,,,,,,,,,,,,,,,,,,,,,,,,,,,,,,,,,,,,,,,,,,,,,,,,,,,,,,,,,,,,,,,,,,,,,,,,,,,,,,,,,,,,,,,,,,,,,,,,,,,,,,,,,,,,,,,,,,,,,,,,,,,,,,,,,,,,,,,,,,,,,,,,2133351514.0,2,13,33,50,51,1.0,18.0,5.0,5.0,0.0,
1,213335051,4,,,,,,,,,,,,,,,,,,,,,,,,,,,,,,,,,,,,,,,,,,,,,,,,,,,,,,,,,,,,,,,,,,,,,,,,,,,,,,,,,,,,,,,,,,,,,,,,,,,,,,,,,,,,,,,,,,,,,,,,,,,,,,,,,,,,,,,,,,,,,,,,,,,,,,2133351514.0,2,13,33,50,51,2.0,10.0,5.0,5.0,0.0,
1,214345253,1,,,,,,,,,,,,,,,,,,,,,,,,,,,,,,,,,,,,,,,,,,,,,,,,,,,,,,,,,,,,,,,,,,,,,,,,,,,,,,,,,,,,,,,,,,,,,,,,,,,,,,,,,,,,,,,,,,,,,,,,,,,,,,,,,,,,,,,,,,,,,,,,,,,,,,2143452531.0,2,14,34,52,53,1.0,10.0,20.0,30.0,60.0,
1,214345253,1,,,,,,,,,,,,,,,,,,,,,,,,,,,,,,,,,,,,,,,,,,,,,,,,,,,,,,,,,,,,,,,,,,,,,,,,,,,,,,,,,,,,,,,,,,,,,,,,,,,,,,,,,,,,,,,,,,,,,,,,,,,,,,,,,,,,,,,,,,,,,,,,,,,,,,2143452531.0,2,14,34,52,53,2.0,50.0,50.0,20.0,0.0,
1,214355354,2,,,,,,,,,,,,,,,,,,,,,,,,,,,,,,,,,,,,,,,,,,,,,,,,,,,,,,,,,,,,,,,,,,,,,,,,,,,,,,,,,,,,,,,,,,,,,,,,,,,,,,,,,,,,,,,,,,,,,,,,,,,,,,,,,,,,,,,,,,,,,,,,,,,,,,2143553542.0,2,14,35,53,54,,,,,,
1,214365455,3,,,,,,,,,,,,,,,,,,,,,,,,,,,,,,,,,,,,,,,,,,,,,,,,,,,,,,,,,,,,,,,,,,,,,,,,,,,,,,,,,,,,,,,,,,,,,,,,,,,,,,,,,,,,,,,,,,,,,,,,,,,,,,,,,,,,,,,,,,,,,,,,,,,,,,2143654553.0,2,14,36,54,55,,,,,,
1,214375556,4,,,,,,,,,,,,,,,,,,,,,,,,,,,,,,,,,,,,,,,,,,,,,,,,,,,,,,,,,,,,,,,,,,,,,,,,,,,,,,,,,,,,,,,,,,,,,,,,,,,,,,,,,,,,,,,,,,,,,,,,,,,,,,,,,,,,,,,,,,,,,,,,,,,,,,2143755564.0,2,14,37,55,56,1.0,0.0,10.0,10.0,4.0,
1,214375556,4,,,,,,,,,,,,,,,,,,,,,,,,,,,,,,,,,,,,,,,,,,,,,,,,,,,,,,,,,,,,,,,,,,,,,,,,,,,,,,,,,,,,,,,,,,,,,,,,,,,,,,,,,,,,,,,,,,,,,,,,,,,,,,,,,,,,,,,,,,,,,,,,,,,,,,2143755564.0,2,14,37,55,56,2.0,0.0,0.0,0.0,0.0,
1,215385657,1,,,,,,,,,,,,,,,,,,,,,,,,,,,,,,,,,,,,,,,,,,,,,,,,,,,,,,,,,,,,,,,,,,,,,,,,,,,,,,,,,,,,,,,,,,,,,,,,,,,,,,,,,,,,,,,,,,,,,,,,,,,,,,,,,,,,,,,,,,,,,,,,,,,,,,2153856571.0,2,15,38,56,57,1.0,8.0,3.0,1.0,12.0,
1,215385657,1,,,,,,,,,,,,,,,,,,,,,,,,,,,,,,,,,,,,,,,,,,,,,,,,,,,,,,,,,,,,,,,,,,,,,,,,,,,,,,,,,,,,,,,,,,,,,,,,,,,,,,,,,,,,,,,,,,,,,,,,,,,,,,,,,,,,,,,,,,,,,,,,,,,,,,2153856571.0,2,15,38,56,57,2.0,10.0,1.0,1.0,12.0,
1,215395758,2,,,,,,,,,,,,,,,,,,,,,,,,,,,,,,,,,,,,,,,,,,,,,,,,,,,,,,,,,,,,,,,,,,,,,,,,,,,,,,,,,,,,,,,,,,,,,,,,,,,,,,,,,,,,,,,,,,,,,,,,,,,,,,,,,,,,,,,,,,,,,,,,,,,,,,2153957582.0,2,15,39,57,58,1.0,8.0,3.0,1.0,12.0,
1,215395758,2,,,,,,,,,,,,,,,,,,,,,,,,,,,,,,,,,,,,,,,,,,,,,,,,,,,,,,,,,,,,,,,,,,,,,,,,,,,,,,,,,,,,,,,,,,,,,,,,,,,,,,,,,,,,,,,,,,,,,,,,,,,,,,,,,,,,,,,,,,,,,,,,,,,,,,2153957582.0,2,15,39,57,58,2.0,10.0,1.0,1.0,12.0,
1,215395859,3,,,,,,,,,,,,,,,,,,,,,,,,,,,,,,,,,,,,,,,,,,,,,,,,,,,,,,,,,,,,,,,,,,,,,,,,,,,,,,,,,,,,,,,,,,,,,,,,,,,,,,,,,,,,,,,,,,,,,,,,,,,,,,,,,,,,,,,,,,,,,,,,,,,,,,2153958593.0,2,15,39,58,59,1.0,9.0,2.0,1.0,12.0,
1,215395859,3,,,,,,,,,,,,,,,,,,,,,,,,,,,,,,,,,,,,,,,,,,,,,,,,,,,,,,,,,,,,,,,,,,,,,,,,,,,,,,,,,,,,,,,,,,,,,,,,,,,,,,,,,,,,,,,,,,,,,,,,,,,,,,,,,,,,,,,,,,,,,,,,,,,,,,2153958593.0,2,15,39,58,59,2.0,10.0,1.0,1.0,12.0,
1,215405960,4,,,,,,,,,,,,,,,,,,,,,,,,,,,,,,,,,,,,,,,,,,,,,,,,,,,,,,,,,,,,,,,,,,,,,,,,,,,,,,,,,,,,,,,,,,,,,,,,,,,,,,,,,,,,,,,,,,,,,,,,,,,,,,,,,,,,,,,,,,,,,,,,,,,,,,2154059604.0,2,15,40,59,60,1.0,8.0,2.0,2.0,16.0,
1,215405960,4,,,,,,,,,,,,,,,,,,,,,,,,,,,,,,,,,,,,,,,,,,,,,,,,,,,,,,,,,,,,,,,,,,,,,,,,,,,,,,,,,,,,,,,,,,,,,,,,,,,,,,,,,,,,,,,,,,,,,,,,,,,,,,,,,,,,,,,,,,,,,,,,,,,,,,2154059604.0,2,15,40,59,60,2.0,10.0,1.0,1.0,16.0,
1,216416061,1,,,,,,,,,,,,,,,,,,,,,,,,,,,,,,,,,,,,,,,,,,,,,,,,,,,,,,,,,,,,,,,,,,,,,,,,,,,,,,,,,,,,,,,,,,,,,,,,,,,,,,,,,,,,,,,,,,,,,,,,,,,,,,,,,,,,,,,,,,,,,,,,,,,,,,2164160611.0,2,16,41,60,61,,,,,,
1,216416162,2,,,,,,,,,,,,,,,,,,,,,,,,,,,,,,,,,,,,,,,,,,,,,,,,,,,,,,,,,,,,,,,,,,,,,,,,,,,,,,,,,,,,,,,,,,,,,,,,,,,,,,,,,,,,,,,,,,,,,,,,,,,,,,,,,,,,,,,,,,,,,,,,,,,,,,2164161622.0,2,16,41,61,62,1.0,5.0,0.0,0.0,0.0,
1,216416162,2,,,,,,,,,,,,,,,,,,,,,,,,,,,,,,,,,,,,,,,,,,,,,,,,,,,,,,,,,,,,,,,,,,,,,,,,,,,,,,,,,,,,,,,,,,,,,,,,,,,,,,,,,,,,,,,,,,,,,,,,,,,,,,,,,,,,,,,,,,,,,,,,,,,,,,2164161622.0,2,16,41,61,62,2.0,16.0,0.0,0.0,0.0,
1,216426263,3,,,,,,,,,,,,,,,,,,,,,,,,,,,,,,,,,,,,,,,,,,,,,,,,,,,,,,,,,,,,,,,,,,,,,,,,,,,,,,,,,,,,,,,,,,,,,,,,,,,,,,,,,,,,,,,,,,,,,,,,,,,,,,,,,,,,,,,,,,,,,,,,,,,,,,2164262633.0,2,16,42,62,63,1.0,20.0,6.0,0.0,0.0,
1,216426263,3,,,,,,,,,,,,,,,,,,,,,,,,,,,,,,,,,,,,,,,,,,,,,,,,,,,,,,,,,,,,,,,,,,,,,,,,,,,,,,,,,,,,,,,,,,,,,,,,,,,,,,,,,,,,,,,,,,,,,,,,,,,,,,,,,,,,,,,,,,,,,,,,,,,,,,2164262633.0,2,16,42,62,63,2.0,20.0,6.0,0.0,0.0,
1,216436364,4,,,,,,,,,,,,,,,,,,,,,,,,,,,,,,,,,,,,,,,,,,,,,,,,,,,,,,,,,,,,,,,,,,,,,,,,,,,,,,,,,,,,,,,,,,,,,,,,,,,,,,,,,,,,,,,,,,,,,,,,,,,,,,,,,,,,,,,,,,,,,,,,,,,,,,2164363644.0,2,16,43,63,64,1.0,,,,,
1,216436364,4,,,,,,,,,,,,,,,,,,,,,,,,,,,,,,,,,,,,,,,,,,,,,,,,,,,,,,,,,,,,,,,,,,,,,,,,,,,,,,,,,,,,,,,,,,,,,,,,,,,,,,,,,,,,,,,,,,,,,,,,,,,,,,,,,,,,,,,,,,,,,,,,,,,,,,2164363644.0,2,16,43,63,64,2.0,1.0,25.0,0.0,0.0,
1,217446465,1,,,,,,,,,,,,,,,,,,,,,,,,,,,,,,,,,,,,,,,,,,,,,,,,,,,,,,,,,,,,,,,,,,,,,,,,,,,,,,,,,,,,,,,,,,,,,,,,,,,,,,,,,,,,,,,,,,,,,,,,,,,,,,,,,,,,,,,,,,,,,,,,,,,,,,2174464651.0,2,17,44,64,65,1.0,5.0,10.0,3.0,3.0,
1,217446465,1,,,,,,,,,,,,,,,,,,,,,,,,,,,,,,,,,,,,,,,,,,,,,,,,,,,,,,,,,,,,,,,,,,,,,,,,,,,,,,,,,,,,,,,,,,,,,,,,,,,,,,,,,,,,,,,,,,,,,,,,,,,,,,,,,,,,,,,,,,,,,,,,,,,,,,2174464651.0,2,17,44,64,65,2.0,8.0,14.0,4.0,0.0,
1,217446566,2,,,,,,,,,,,,,,,,,,,,,,,,,,,,,,,,,,,,,,,,,,,,,,,,,,,,,,,,,,,,,,,,,,,,,,,,,,,,,,,,,,,,,,,,,,,,,,,,,,,,,,,,,,,,,,,,,,,,,,,,,,,,,,,,,,,,,,,,,,,,,,,,,,,,,,2174465662.0,2,17,44,65,66,1.0,24.0,0.0,0.0,0.0,
1,217446566,2,,,,,,,,,,,,,,,,,,,,,,,,,,,,,,,,,,,,,,,,,,,,,,,,,,,,,,,,,,,,,,,,,,,,,,,,,,,,,,,,,,,,,,,,,,,,,,,,,,,,,,,,,,,,,,,,,,,,,,,,,,,,,,,,,,,,,,,,,,,,,,,,,,,,,,2174465662.0,2,17,44,65,66,2.0,24.0,0.0,0.0,0.0,
1,217446667,3,,,,,,,,,,,,,,,,,,,,,,,,,,,,,,,,,,,,,,,,,,,,,,,,,,,,,,,,,,,,,,,,,,,,,,,,,,,,,,,,,,,,,,,,,,,,,,,,,,,,,,,,,,,,,,,,,,,,,,,,,,,,,,,,,,,,,,,,,,,,,,,,,,,,,,2174466673.0,2,17,44,66,67,1.0,10.0,10.0,8.0,4.0,
1,217446667,3,,,,,,,,,,,,,,,,,,,,,,,,,,,,,,,,,,,,,,,,,,,,,,,,,,,,,,,,,,,,,,,,,,,,,,,,,,,,,,,,,,,,,,,,,,,,,,,,,,,,,,,,,,,,,,,,,,,,,,,,,,,,,,,,,,,,,,,,,,,,,,,,,,,,,,2174466673.0,2,17,44,66,67,2.0,12.0,12.0,0.0,0.0,
1,217456768,4,,,,,,,,,,,,,,,,,,,,,,,,,,,,,,,,,,,,,,,,,,,,,,,,,,,,,,,,,,,,,,,,,,,,,,,,,,,,,,,,,,,,,,,,,,,,,,,,,,,,,,,,,,,,,,,,,,,,,,,,,,,,,,,,,,,,,,,,,,,,,,,,,,,,,,2174567684.0,2,17,45,67,68,,,,,,
1,318466869,1,,,,,,,,,,,,,,,,,,,,,,,,,,,,,,,,,,,,,,,,,,,,,,,,,,,,,,,,,,,,,,,,,,,,,,,,,,,,,,,,,,,,,,,,,,,,,,,,,,,,,,,,,,,,,,,,,,,,,,,,,,,,,,,,,,,,,,,,,,,,,,,,,,,,,,3184668691.0,3,18,46,68,69,1.0,3.0,12.0,5.0,0.0,
1,318466869,1,,,,,,,,,,,,,,,,,,,,,,,,,,,,,,,,,,,,,,,,,,,,,,,,,,,,,,,,,,,,,,,,,,,,,,,,,,,,,,,,,,,,,,,,,,,,,,,,,,,,,,,,,,,,,,,,,,,,,,,,,,,,,,,,,,,,,,,,,,,,,,,,,,,,,,3184668691.0,3,18,46,68,69,2.0,5.0,8.0,3.0,0.0,
1,318466970,2,,,,,,,,,,,,,,,,,,,,,,,,,,,,,,,,,,,,,,,,,,,,,,,,,,,,,,,,,,,,,,,,,,,,,,,,,,,,,,,,,,,,,,,,,,,,,,,,,,,,,,,,,,,,,,,,,,,,,,,,,,,,,,,,,,,,,,,,,,,,,,,,,,,,,,3184669702.0,3,18,46,69,70,,,,,,
1,318467071,3,,,,,,,,,,,,,,,,,,,,,,,,,,,,,,,,,,,,,,,,,,,,,,,,,,,,,,,,,,,,,,,,,,,,,,,,,,,,,,,,,,,,,,,,,,,,,,,,,,,,,,,,,,,,,,,,,,,,,,,,,,,,,,,,,,,,,,,,,,,,,,,,,,,,,,3184670713.0,3,18,46,70,71,1.0,1.0,4.0,2.0,0.0,
1,318467071,3,,,,,,,,,,,,,,,,,,,,,,,,,,,,,,,,,,,,,,,,,,,,,,,,,,,,,,,,,,,,,,,,,,,,,,,,,,,,,,,,,,,,,,,,,,,,,,,,,,,,,,,,,,,,,,,,,,,,,,,,,,,,,,,,,,,,,,,,,,,,,,,,,,,,,,3184670713.0,3,18,46,70,71,2.0,2.0,2.0,1.0,0.0,
1,318467172,4,,,,,,,,,,,,,,,,,,,,,,,,,,,,,,,,,,,,,,,,,,,,,,,,,,,,,,,,,,,,,,,,,,,,,,,,,,,,,,,,,,,,,,,,,,,,,,,,,,,,,,,,,,,,,,,,,,,,,,,,,,,,,,,,,,,,,,,,,,,,,,,,,,,,,,3184671724.0,3,18,46,71,72,,,,,,
1,319477273,1,,,,,,,,,,,,,,,,,,,,,,,,,,,,,,,,,,,,,,,,,,,,,,,,,,,,,,,,,,,,,,,,,,,,,,,,,,,,,,,,,,,,,,,,,,,,,,,,,,,,,,,,,,,,,,,,,,,,,,,,,,,,,,,,,,,,,,,,,,,,,,,,,,,,,,3194772731.0,3,19,47,72,73,,,,,,
1,319477274,2,,,,,,,,,,,,,,,,,,,,,,,,,,,,,,,,,,,,,,,,,,,,,,,,,,,,,,,,,,,,,,,,,,,,,,,,,,,,,,,,,,,,,,,,,,,,,,,,,,,,,,,,,,,,,,,,,,,,,,,,,,,,,,,,,,,,,,,,,,,,,,,,,,,,,,3194772742.0,3,19,47,72,74,,,,,,
1,319477375,3,,,,,,,,,,,,,,,,,,,,,,,,,,,,,,,,,,,,,,,,,,,,,,,,,,,,,,,,,,,,,,,,,,,,,,,,,,,,,,,,,,,,,,,,,,,,,,,,,,,,,,,,,,,,,,,,,,,,,,,,,,,,,,,,,,,,,,,,,,,,,,,,,,,,,,3194773753.0,3,19,47,73,75,,,,,,
1,319487476,4,,,,,,,,,,,,,,,,,,,,,,,,,,,,,,,,,,,,,,,,,,,,,,,,,,,,,,,,,,,,,,,,,,,,,,,,,,,,,,,,,,,,,,,,,,,,,,,,,,,,,,,,,,,,,,,,,,,,,,,,,,,,,,,,,,,,,,,,,,,,,,,,,,,,,,3194874764.0,3,19,48,74,76,,,,,,
1,101010101,1,,,,,,,,,,,,,,,,,,,,,,,,,,,,,,,,,,,,,,,,,,,,,,,,,,,,,,,,,,,,,,,,,,,,,,,,,,,,,,,,,,,,,,,,,,,,,,,,,,,,,,,,,,,,,,,,,,,,,,,,,,,,,,,,,,,,,,,,,,,,,,,,,,,,,,1010101011.0,1,1,1,1,1,,,,,,
1,101010202,2,,,,,,,,,,,,,,,,,,,,,,,,,,,,,,,,,,,,,,,,,,,,,,,,,,,,,,,,,,,,,,,,,,,,,,,,,,,,,,,,,,,,,,,,,,,,,,,,,,,,,,,,,,,,,,,,,,,,,,,,,,,,,,,,,,,,,,,,,,,,,,,,,,,,,,1010102022.0,1,1,1,2,2,,,,,,
1,101010203,3,,,,,,,,,,,,,,,,,,,,,,,,,,,,,,,,,,,,,,,,,,,,,,,,,,,,,,,,,,,,,,,,,,,,,,,,,,,,,,,,,,,,,,,,,,,,,,,,,,,,,,,,,,,,,,,,,,,,,,,,,,,,,,,,,,,,,,,,,,,,,,,,,,,,,,1010102033.0,1,1,1,2,3,,,,,,
1,101020304,4,,,,,,,,,,,,,,,,,,,,,,,,,,,,,,,,,,,,,,,,,,,,,,,,,,,,,,,,,,,,,,,,,,,,,,,,,,,,,,,,,,,,,,,,,,,,,,,,,,,,,,,,,,,,,,,,,,,,,,,,,,,,,,,,,,,,,,,,,,,,,,,,,,,,,,1010203044.0,1,1,2,3,4,,,,,,3.0
1,102030405,1,,,,,,,,,,,,,,,,,,,,,,,,,,,,,,,,,,,,,,,,,,,,,,,,,,,,,,,,,,,,,,,,,,,,,,,,,,,,,,,,,,,,,,,,,,,,,,,,,,,,,,,,,,,,,,,,,,,,,,,,,,,,,,,,,,,,,,,,,,,,,,,,,,,,,,1020304051.0,1,2,3,4,5,,,,,,
1,102030506,2,,,,,,,,,,,,,,,,,,,,,,,,,,,,,,,,,,,,,,,,,,,,,,,,,,,,,,,,,,,,,,,,,,,,,,,,,,,,,,,,,,,,,,,,,,,,,,,,,,,,,,,,,,,,,,,,,,,,,,,,,,,,,,,,,,,,,,,,,,,,,,,,,,,,,,1020305062.0,1,2,3,5,6,,,,,,
1,102030607,3,,,,,,,,,,,,,,,,,,,,,,,,,,,,,,,,,,,,,,,,,,,,,,,,,,,,,,,,,,,,,,,,,,,,,,,,,,,,,,,,,,,,,,,,,,,,,,,,,,,,,,,,,,,,,,,,,,,,,,,,,,,,,,,,,,,,,,,,,,,,,,,,,,,,,,1020306073.0,1,2,3,6,7,,,,,,2.0
1,102040708,4,,,,,,,,,,,,,,,,,,,,,,,,,,,,,,,,,,,,,,,,,,,,,,,,,,,,,,,,,,,,,,,,,,,,,,,,,,,,,,,,,,,,,,,,,,,,,,,,,,,,,,,,,,,,,,,,,,,,,,,,,,,,,,,,,,,,,,,,,,,,,,,,,,,,,,1020407084.0,1,2,4,7,8,,,,,,
1,103050809,1,,,,,,,,,,,,,,,,,,,,,,,,,,,,,,,,,,,,,,,,,,,,,,,,,,,,,,,,,,,,,,,,,,,,,,,,,,,,,,,,,,,,,,,,,,,,,,,,,,,,,,,,,,,,,,,,,,,,,,,,,,,,,,,,,,,,,,,,,,,,,,,,,,,,,,1030508091.0,1,3,5,8,9,,,,,,2.0
1,103060910,2,,,,,,,,,,,,,,,,,,,,,,,,,,,,,,,,,,,,,,,,,,,,,,,,,,,,,,,,,,,,,,,,,,,,,,,,,,,,,,,,,,,,,,,,,,,,,,,,,,,,,,,,,,,,,,,,,,,,,,,,,,,,,,,,,,,,,,,,,,,,,,,,,,,,,,1030609102.0,1,3,6,9,10,,,,,,2.0
1,103061011,3,,,,,,,,,,,,,,,,,,,,,,,,,,,,,,,,,,,,,,,,,,,,,,,,,,,,,,,,,,,,,,,,,,,,,,,,,,,,,,,,,,,,,,,,,,,,,,,,,,,,,,,,,,,,,,,,,,,,,,,,,,,,,,,,,,,,,,,,,,,,,,,,,,,,,,1030610113.0,1,3,6,10,11,,,,,,2.0
1,103071112,4,,,,,,,,,,,,,,,,,,,,,,,,,,,,,,,,,,,,,,,,,,,,,,,,,,,,,,,,,,,,,,,,,,,,,,,,,,,,,,,,,,,,,,,,,,,,,,,,,,,,,,,,,,,,,,,,,,,,,,,,,,,,,,,,,,,,,,,,,,,,,,,,,,,,,,1030711124.0,1,3,7,11,12,,,,,,2.0
1,104081213,1,,,,,,,,,,,,,,,,,,,,,,,,,,,,,,,,,,,,,,,,,,,,,,,,,,,,,,,,,,,,,,,,,,,,,,,,,,,,,,,,,,,,,,,,,,,,,,,,,,,,,,,,,,,,,,,,,,,,,,,,,,,,,,,,,,,,,,,,,,,,,,,,,,,,,,1040812131.0,1,4,8,12,13,,,,,,
1,104081314,2,,,,,,,,,,,,,,,,,,,,,,,,,,,,,,,,,,,,,,,,,,,,,,,,,,,,,,,,,,,,,,,,,,,,,,,,,,,,,,,,,,,,,,,,,,,,,,,,,,,,,,,,,,,,,,,,,,,,,,,,,,,,,,,,,,,,,,,,,,,,,,,,,,,,,,1040813142.0,1,4,8,13,14,,,,,,
1,104081415,3,,,,,,,,,,,,,,,,,,,,,,,,,,,,,,,,,,,,,,,,,,,,,,,,,,,,,,,,,,,,,,,,,,,,,,,,,,,,,,,,,,,,,,,,,,,,,,,,,,,,,,,,,,,,,,,,,,,,,,,,,,,,,,,,,,,,,,,,,,,,,,,,,,,,,,1040814153.0,1,4,8,14,15,,,,,,
1,104091516,4,,,,,,,,,,,,,,,,,,,,,,,,,,,,,,,,,,,,,,,,,,,,,,,,,,,,,,,,,,,,,,,,,,,,,,,,,,,,,,,,,,,,,,,,,,,,,,,,,,,,,,,,,,,,,,,,,,,,,,,,,,,,,,,,,,,,,,,,,,,,,,,,,,,,,,1040915164.0,1,4,9,15,16,,,,,,
1,105101617,1,,,,,,,,,,,,,,,,,,,,,,,,,,,,,,,,,,,,,,,,,,,,,,,,,,,,,,,,,,,,,,,,,,,,,,,,,,,,,,,,,,,,,,,,,,,,,,,,,,,,,,,,,,,,,,,,,,,,,,,,,,,,,,,,,,,,,,,,,,,,,,,,,,,,,,1051016171.0,1,5,10,16,17,,,,,,2.0
1,105101718,2,,,,,,,,,,,,,,,,,,,,,,,,,,,,,,,,,,,,,,,,,,,,,,,,,,,,,,,,,,,,,,,,,,,,,,,,,,,,,,,,,,,,,,,,,,,,,,,,,,,,,,,,,,,,,,,,,,,,,,,,,,,,,,,,,,,,,,,,,,,,,,,,,,,,,,1051017182.0,1,5,10,17,18,,,,,,
1,105111819,3,,,,,,,,,,,,,,,,,,,,,,,,,,,,,,,,,,,,,,,,,,,,,,,,,,,,,,,,,,,,,,,,,,,,,,,,,,,,,,,,,,,,,,,,,,,,,,,,,,,,,,,,,,,,,,,,,,,,,,,,,,,,,,,,,,,,,,,,,,,,,,,,,,,,,,1051118193.0,1,5,11,18,19,,,,,,2.0
1,105121920,4,,,,,,,,,,,,,,,,,,,,,,,,,,,,,,,,,,,,,,,,,,,,,,,,,,,,,,,,,,,,,,,,,,,,,,,,,,,,,,,,,,,,,,,,,,,,,,,,,,,,,,,,,,,,,,,,,,,,,,,,,,,,,,,,,,,,,,,,,,,,,,,,,,,,,,1051219204.0,1,5,12,19,20,,,,,,2.0
1,106132021,1,,,,,,,,,,,,,,,,,,,,,,,,,,,,,,,,,,,,,,,,,,,,,,,,,,,,,,,,,,,,,,,,,,,,,,,,,,,,,,,,,,,,,,,,,,,,,,,,,,,,,,,,,,,,,,,,,,,,,,,,,,,,,,,,,,,,,,,,,,,,,,,,,,,,,,1061320211.0,1,6,13,20,21,,,,,,
1,106132122,2,,,,,,,,,,,,,,,,,,,,,,,,,,,,,,,,,,,,,,,,,,,,,,,,,,,,,,,,,,,,,,,,,,,,,,,,,,,,,,,,,,,,,,,,,,,,,,,,,,,,,,,,,,,,,,,,,,,,,,,,,,,,,,,,,,,,,,,,,,,,,,,,,,,,,,1061321222.0,1,6,13,21,22,,,,,,
1,106142223,3,,,,,,,,,,,,,,,,,,,,,,,,,,,,,,,,,,,,,,,,,,,,,,,,,,,,,,,,,,,,,,,,,,,,,,,,,,,,,,,,,,,,,,,,,,,,,,,,,,,,,,,,,,,,,,,,,,,,,,,,,,,,,,,,,,,,,,,,,,,,,,,,,,,,,,1061422233.0,1,6,14,22,23,,,,,,
1,106142324,4,,,,,,,,,,,,,,,,,,,,,,,,,,,,,,,,,,,,,,,,,,,,,,,,,,,,,,,,,,,,,,,,,,,,,,,,,,,,,,,,,,,,,,,,,,,,,,,,,,,,,,,,,,,,,,,,,,,,,,,,,,,,,,,,,,,,,,,,,,,,,,,,,,,,,,1061423244.0,1,6,14,23,24,,,,,,
1,107152425,1,,,,,,,,,,,,,,,,,,,,,,,,,,,,,,,,,,,,,,,,,,,,,,,,,,,,,,,,,,,,,,,,,,,,,,,,,,,,,,,,,,,,,,,,,,,,,,,,,,,,,,,,,,,,,,,,,,,,,,,,,,,,,,,,,,,,,,,,,,,,,,,,,,,,,,1071524251.0,1,7,15,24,25,,,,,,
1,107162526,2,,,,,,,,,,,,,,,,,,,,,,,,,,,,,,,,,,,,,,,,,,,,,,,,,,,,,,,,,,,,,,,,,,,,,,,,,,,,,,,,,,,,,,,,,,,,,,,,,,,,,,,,,,,,,,,,,,,,,,,,,,,,,,,,,,,,,,,,,,,,,,,,,,,,,,1071625262.0,1,7,16,25,26,,,,,,
1,107162627,3,,,,,,,,,,,,,,,,,,,,,,,,,,,,,,,,,,,,,,,,,,,,,,,,,,,,,,,,,,,,,,,,,,,,,,,,,,,,,,,,,,,,,,,,,,,,,,,,,,,,,,,,,,,,,,,,,,,,,,,,,,,,,,,,,,,,,,,,,,,,,,,,,,,,,,1071626273.0,1,7,16,26,27,,,,,,2.0
1,107172728,4,,,,,,,,,,,,,,,,,,,,,,,,,,,,,,,,,,,,,,,,,,,,,,,,,,,,,,,,,,,,,,,,,,,,,,,,,,,,,,,,,,,,,,,,,,,,,,,,,,,,,,,,,,,,,,,,,,,,,,,,,,,,,,,,,,,,,,,,,,,,,,,,,,,,,,1071727284.0,1,7,17,27,28,,,,,,
1,108182829,1,,,,,,,,,,,,,,,,,,,,,,,,,,,,,,,,,,,,,,,,,,,,,,,,,,,,,,,,,,,,,,,,,,,,,,,,,,,,,,,,,,,,,,,,,,,,,,,,,,,,,,,,,,,,,,,,,,,,,,,,,,,,,,,,,,,,,,,,,,,,,,,,,,,,,,1081828291.0,1,8,18,28,29,,,,,,2.0
1,108192930,2,,,,,,,,,,,,,,,,,,,,,,,,,,,,,,,,,,,,,,,,,,,,,,,,,,,,,,,,,,,,,,,,,,,,,,,,,,,,,,,,,,,,,,,,,,,,,,,,,,,,,,,,,,,,,,,,,,,,,,,,,,,,,,,,,,,,,,,,,,,,,,,,,,,,,,1081929302.0,1,8,19,29,30,,,,,,2.0
1,108203031,3,,,,,,,,,,,,,,,,,,,,,,,,,,,,,,,,,,,,,,,,,,,,,,,,,,,,,,,,,,,,,,,,,,,,,,,,,,,,,,,,,,,,,,,,,,,,,,,,,,,,,,,,,,,,,,,,,,,,,,,,,,,,,,,,,,,,,,,,,,,,,,,,,,,,,,1082030313.0,1,8,20,30,31,,,,,,2.0
1,108213132,4,,,,,,,,,,,,,,,,,,,,,,,,,,,,,,,,,,,,,,,,,,,,,,,,,,,,,,,,,,,,,,,,,,,,,,,,,,,,,,,,,,,,,,,,,,,,,,,,,,,,,,,,,,,,,,,,,,,,,,,,,,,,,,,,,,,,,,,,,,,,,,,,,,,,,,1082131324.0,1,8,21,31,32,,,,,,2.0
1,109223233,1,,,,,,,,,,,,,,,,,,,,,,,,,,,,,,,,,,,,,,,,,,,,,,,,,,,,,,,,,,,,,,,,,,,,,,,,,,,,,,,,,,,,,,,,,,,,,,,,,,,,,,,,,,,,,,,,,,,,,,,,,,,,,,,,,,,,,,,,,,,,,,,,,,,,,,1092232331.0,1,9,22,32,33,,,,,,2.0
1,109223334,2,,,,,,,,,,,,,,,,,,,,,,,,,,,,,,,,,,,,,,,,,,,,,,,,,,,,,,,,,,,,,,,,,,,,,,,,,,,,,,,,,,,,,,,,,,,,,,,,,,,,,,,,,,,,,,,,,,,,,,,,,,,,,,,,,,,,,,,,,,,,,,,,,,,,,,1092233342.0,1,9,22,33,34,,,,,,2.0
1,109233435,3,,,,,,,,,,,,,,,,,,,,,,,,,,,,,,,,,,,,,,,,,,,,,,,,,,,,,,,,,,,,,,,,,,,,,,,,,,,,,,,,,,,,,,,,,,,,,,,,,,,,,,,,,,,,,,,,,,,,,,,,,,,,,,,,,,,,,,,,,,,,,,,,,,,,,,1092334353.0,1,9,23,34,35,,,,,,
1,109233536,4,,,,,,,,,,,,,,,,,,,,,,,,,,,,,,,,,,,,,,,,,,,,,,,,,,,,,,,,,,,,,,,,,,,,,,,,,,,,,,,,,,,,,,,,,,,,,,,,,,,,,,,,,,,,,,,,,,,,,,,,,,,,,,,,,,,,,,,,,,,,,,,,,,,,,,1092335364.0,1,9,23,35,36,,,,,,3.0
1,110243637,1,,,,,,,,,,,,,,,,,,,,,,,,,,,,,,,,,,,,,,,,,,,,,,,,,,,,,,,,,,,,,,,,,,,,,,,,,,,,,,,,,,,,,,,,,,,,,,,,,,,,,,,,,,,,,,,,,,,,,,,,,,,,,,,,,,,,,,,,,,,,,,,,,,,,,,1102436371.0,1,10,24,36,37,,,,,,
1,110243738,2,,,,,,,,,,,,,,,,,,,,,,,,,,,,,,,,,,,,,,,,,,,,,,,,,,,,,,,,,,,,,,,,,,,,,,,,,,,,,,,,,,,,,,,,,,,,,,,,,,,,,,,,,,,,,,,,,,,,,,,,,,,,,,,,,,,,,,,,,,,,,,,,,,,,,,1102437382.0,1,10,24,37,38,,,,,,3.0
1,110243839,3,,,,,,,,,,,,,,,,,,,,,,,,,,,,,,,,,,,,,,,,,,,,,,,,,,,,,,,,,,,,,,,,,,,,,,,,,,,,,,,,,,,,,,,,,,,,,,,,,,,,,,,,,,,,,,,,,,,,,,,,,,,,,,,,,,,,,,,,,,,,,,,,,,,,,,1102438393.0,1,10,24,38,39,,,,,,2.0
1,110253940,4,,,,,,,,,,,,,,,,,,,,,,,,,,,,,,,,,,,,,,,,,,,,,,,,,,,,,,,,,,,,,,,,,,,,,,,,,,,,,,,,,,,,,,,,,,,,,,,,,,,,,,,,,,,,,,,,,,,,,,,,,,,,,,,,,,,,,,,,,,,,,,,,,,,,,,1102539404.0,1,10,25,39,40,,,,,,2.0
1,111264041,1,,,,,,,,,,,,,,,,,,,,,,,,,,,,,,,,,,,,,,,,,,,,,,,,,,,,,,,,,,,,,,,,,,,,,,,,,,,,,,,,,,,,,,,,,,,,,,,,,,,,,,,,,,,,,,,,,,,,,,,,,,,,,,,,,,,,,,,,,,,,,,,,,,,,,,1112640411.0,1,11,26,40,41,,,,,,2.0
1,111274142,2,,,,,,,,,,,,,,,,,,,,,,,,,,,,,,,,,,,,,,,,,,,,,,,,,,,,,,,,,,,,,,,,,,,,,,,,,,,,,,,,,,,,,,,,,,,,,,,,,,,,,,,,,,,,,,,,,,,,,,,,,,,,,,,,,,,,,,,,,,,,,,,,,,,,,,1112741422.0,1,11,27,41,42,,,,,,2.0
1,111274243,3,,,,,,,,,,,,,,,,,,,,,,,,,,,,,,,,,,,,,,,,,,,,,,,,,,,,,,,,,,,,,,,,,,,,,,,,,,,,,,,,,,,,,,,,,,,,,,,,,,,,,,,,,,,,,,,,,,,,,,,,,,,,,,,,,,,,,,,,,,,,,,,,,,,,,,1112742433.0,1,11,27,42,43,,,,,,2.0
1,111284344,4,,,,,,,,,,,,,,,,,,,,,,,,,,,,,,,,,,,,,,,,,,,,,,,,,,,,,,,,,,,,,,,,,,,,,,,,,,,,,,,,,,,,,,,,,,,,,,,,,,,,,,,,,,,,,,,,,,,,,,,,,,,,,,,,,,,,,,,,,,,,,,,,,,,,,,1112843444.0,1,11,28,43,44,,,,,,2.0
1,112294445,1,,,,,,,,,,,,,,,,,,,,,,,,,,,,,,,,,,,,,,,,,,,,,,,,,,,,,,,,,,,,,,,,,,,,,,,,,,,,,,,,,,,,,,,,,,,,,,,,,,,,,,,,,,,,,,,,,,,,,,,,,,,,,,,,,,,,,,,,,,,,,,,,,,,,,,1122944451.0,1,12,29,44,45,,,,,,
1,112304546,2,,,,,,,,,,,,,,,,,,,,,,,,,,,,,,,,,,,,,,,,,,,,,,,,,,,,,,,,,,,,,,,,,,,,,,,,,,,,,,,,,,,,,,,,,,,,,,,,,,,,,,,,,,,,,,,,,,,,,,,,,,,,,,,,,,,,,,,,,,,,,,,,,,,,,,1123045462.0,1,12,30,45,46,,,,,,2.0
1,112304647,3,,,,,,,,,,,,,,,,,,,,,,,,,,,,,,,,,,,,,,,,,,,,,,,,,,,,,,,,,,,,,,,,,,,,,,,,,,,,,,,,,,,,,,,,,,,,,,,,,,,,,,,,,,,,,,,,,,,,,,,,,,,,,,,,,,,,,,,,,,,,,,,,,,,,,,1123046473.0,1,12,30,46,47,,,,,,2.0
1,112314748,4,,,,,,,,,,,,,,,,,,,,,,,,,,,,,,,,,,,,,,,,,,,,,,,,,,,,,,,,,,,,,,,,,,,,,,,,,,,,,,,,,,,,,,,,,,,,,,,,,,,,,,,,,,,,,,,,,,,,,,,,,,,,,,,,,,,,,,,,,,,,,,,,,,,,,,1123147484.0,1,12,31,47,48,,,,,,2.0
1,213324849,1,,,,,,,,,,,,,,,,,,,,,,,,,,,,,,,,,,,,,,,,,,,,,,,,,,,,,,,,,,,,,,,,,,,,,,,,,,,,,,,,,,,,,,,,,,,,,,,,,,,,,,,,,,,,,,,,,,,,,,,,,,,,,,,,,,,,,,,,,,,,,,,,,,,,,,2133248491.0,2,13,32,48,49,,,,,,3.0
1,213324950,2,,,,,,,,,,,,,,,,,,,,,,,,,,,,,,,,,,,,,,,,,,,,,,,,,,,,,,,,,,,,,,,,,,,,,,,,,,,,,,,,,,,,,,,,,,,,,,,,,,,,,,,,,,,,,,,,,,,,,,,,,,,,,,,,,,,,,,,,,,,,,,,,,,,,,,2133249502.0,2,13,32,49,50,,,,,,2.0
1,213324952,3,,,,,,,,,,,,,,,,,,,,,,,,,,,,,,,,,,,,,,,,,,,,,,,,,,,,,,,,,,,,,,,,,,,,,,,,,,,,,,,,,,,,,,,,,,,,,,,,,,,,,,,,,,,,,,,,,,,,,,,,,,,,,,,,,,,,,,,,,,,,,,,,,,,,,,2133249523.0,2,13,32,49,52,,,,,,3.0
1,213335051,4,,,,,,,,,,,,,,,,,,,,,,,,,,,,,,,,,,,,,,,,,,,,,,,,,,,,,,,,,,,,,,,,,,,,,,,,,,,,,,,,,,,,,,,,,,,,,,,,,,,,,,,,,,,,,,,,,,,,,,,,,,,,,,,,,,,,,,,,,,,,,,,,,,,,,,2133351514.0,2,13,33,50,51,,,,,,3.0
1,214345253,1,,,,,,,,,,,,,,,,,,,,,,,,,,,,,,,,,,,,,,,,,,,,,,,,,,,,,,,,,,,,,,,,,,,,,,,,,,,,,,,,,,,,,,,,,,,,,,,,,,,,,,,,,,,,,,,,,,,,,,,,,,,,,,,,,,,,,,,,,,,,,,,,,,,,,,2143452531.0,2,14,34,52,53,,,,,,2.0
1,214355354,2,,,,,,,,,,,,,,,,,,,,,,,,,,,,,,,,,,,,,,,,,,,,,,,,,,,,,,,,,,,,,,,,,,,,,,,,,,,,,,,,,,,,,,,,,,,,,,,,,,,,,,,,,,,,,,,,,,,,,,,,,,,,,,,,,,,,,,,,,,,,,,,,,,,,,,2143553542.0,2,14,35,53,54,,,,,,
1,214365455,3,,,,,,,,,,,,,,,,,,,,,,,,,,,,,,,,,,,,,,,,,,,,,,,,,,,,,,,,,,,,,,,,,,,,,,,,,,,,,,,,,,,,,,,,,,,,,,,,,,,,,,,,,,,,,,,,,,,,,,,,,,,,,,,,,,,,,,,,,,,,,,,,,,,,,,2143654553.0,2,14,36,54,55,,,,,,
1,214375556,4,,,,,,,,,,,,,,,,,,,,,,,,,,,,,,,,,,,,,,,,,,,,,,,,,,,,,,,,,,,,,,,,,,,,,,,,,,,,,,,,,,,,,,,,,,,,,,,,,,,,,,,,,,,,,,,,,,,,,,,,,,,,,,,,,,,,,,,,,,,,,,,,,,,,,,2143755564.0,2,14,37,55,56,,,,,,3.0
1,215385657,1,,,,,,,,,,,,,,,,,,,,,,,,,,,,,,,,,,,,,,,,,,,,,,,,,,,,,,,,,,,,,,,,,,,,,,,,,,,,,,,,,,,,,,,,,,,,,,,,,,,,,,,,,,,,,,,,,,,,,,,,,,,,,,,,,,,,,,,,,,,,,,,,,,,,,,2153856571.0,2,15,38,56,57,,,,,,2.0
1,215395758,2,,,,,,,,,,,,,,,,,,,,,,,,,,,,,,,,,,,,,,,,,,,,,,,,,,,,,,,,,,,,,,,,,,,,,,,,,,,,,,,,,,,,,,,,,,,,,,,,,,,,,,,,,,,,,,,,,,,,,,,,,,,,,,,,,,,,,,,,,,,,,,,,,,,,,,2153957582.0,2,15,39,57,58,,,,,,2.0
1,215395859,3,,,,,,,,,,,,,,,,,,,,,,,,,,,,,,,,,,,,,,,,,,,,,,,,,,,,,,,,,,,,,,,,,,,,,,,,,,,,,,,,,,,,,,,,,,,,,,,,,,,,,,,,,,,,,,,,,,,,,,,,,,,,,,,,,,,,,,,,,,,,,,,,,,,,,,2153958593.0,2,15,39,58,59,,,,,,2.0
1,215405960,4,,,,,,,,,,,,,,,,,,,,,,,,,,,,,,,,,,,,,,,,,,,,,,,,,,,,,,,,,,,,,,,,,,,,,,,,,,,,,,,,,,,,,,,,,,,,,,,,,,,,,,,,,,,,,,,,,,,,,,,,,,,,,,,,,,,,,,,,,,,,,,,,,,,,,,2154059604.0,2,15,40,59,60,,,,,,2.0
1,216416061,1,,,,,,,,,,,,,,,,,,,,,,,,,,,,,,,,,,,,,,,,,,,,,,,,,,,,,,,,,,,,,,,,,,,,,,,,,,,,,,,,,,,,,,,,,,,,,,,,,,,,,,,,,,,,,,,,,,,,,,,,,,,,,,,,,,,,,,,,,,,,,,,,,,,,,,2164160611.0,2,16,41,60,61,,,,,,
1,216416162,2,,,,,,,,,,,,,,,,,,,,,,,,,,,,,,,,,,,,,,,,,,,,,,,,,,,,,,,,,,,,,,,,,,,,,,,,,,,,,,,,,,,,,,,,,,,,,,,,,,,,,,,,,,,,,,,,,,,,,,,,,,,,,,,,,,,,,,,,,,,,,,,,,,,,,,2164161622.0,2,16,41,61,62,,,,,,
1,216426263,3,,,,,,,,,,,,,,,,,,,,,,,,,,,,,,,,,,,,,,,,,,,,,,,,,,,,,,,,,,,,,,,,,,,,,,,,,,,,,,,,,,,,,,,,,,,,,,,,,,,,,,,,,,,,,,,,,,,,,,,,,,,,,,,,,,,,,,,,,,,,,,,,,,,,,,2164262633.0,2,16,42,62,63,,,,,,2.0
1,216436364,4,,,,,,,,,,,,,,,,,,,,,,,,,,,,,,,,,,,,,,,,,,,,,,,,,,,,,,,,,,,,,,,,,,,,,,,,,,,,,,,,,,,,,,,,,,,,,,,,,,,,,,,,,,,,,,,,,,,,,,,,,,,,,,,,,,,,,,,,,,,,,,,,,,,,,,2164363644.0,2,16,43,63,64,,,,,,1.0
1,217446465,1,,,,,,,,,,,,,,,,,,,,,,,,,,,,,,,,,,,,,,,,,,,,,,,,,,,,,,,,,,,,,,,,,,,,,,,,,,,,,,,,,,,,,,,,,,,,,,,,,,,,,,,,,,,,,,,,,,,,,,,,,,,,,,,,,,,,,,,,,,,,,,,,,,,,,,2174464651.0,2,17,44,64,65,,,,,,2.0
1,217446566,2,,,,,,,,,,,,,,,,,,,,,,,,,,,,,,,,,,,,,,,,,,,,,,,,,,,,,,,,,,,,,,,,,,,,,,,,,,,,,,,,,,,,,,,,,,,,,,,,,,,,,,,,,,,,,,,,,,,,,,,,,,,,,,,,,,,,,,,,,,,,,,,,,,,,,,2174465662.0,2,17,44,65,66,,,,,,2.0
1,217446667,3,,,,,,,,,,,,,,,,,,,,,,,,,,,,,,,,,,,,,,,,,,,,,,,,,,,,,,,,,,,,,,,,,,,,,,,,,,,,,,,,,,,,,,,,,,,,,,,,,,,,,,,,,,,,,,,,,,,,,,,,,,,,,,,,,,,,,,,,,,,,,,,,,,,,,,2174466673.0,2,17,44,66,67,,,,,,2.0
1,217456768,4,,,,,,,,,,,,,,,,,,,,,,,,,,,,,,,,,,,,,,,,,,,,,,,,,,,,,,,,,,,,,,,,,,,,,,,,,,,,,,,,,,,,,,,,,,,,,,,,,,,,,,,,,,,,,,,,,,,,,,,,,,,,,,,,,,,,,,,,,,,,,,,,,,,,,,2174567684.0,2,17,45,67,68,,,,,,
1,318466869,1,,,,,,,,,,,,,,,,,,,,,,,,,,,,,,,,,,,,,,,,,,,,,,,,,,,,,,,,,,,,,,,,,,,,,,,,,,,,,,,,,,,,,,,,,,,,,,,,,,,,,,,,,,,,,,,,,,,,,,,,,,,,,,,,,,,,,,,,,,,,,,,,,,,,,,3184668691.0,3,18,46,68,69,,,,,,2.0
1,318466970,2,,,,,,,,,,,,,,,,,,,,,,,,,,,,,,,,,,,,,,,,,,,,,,,,,,,,,,,,,,,,,,,,,,,,,,,,,,,,,,,,,,,,,,,,,,,,,,,,,,,,,,,,,,,,,,,,,,,,,,,,,,,,,,,,,,,,,,,,,,,,,,,,,,,,,,3184669702.0,3,18,46,69,70,,,,,,
1,318467071,3,,,,,,,,,,,,,,,,,,,,,,,,,,,,,,,,,,,,,,,,,,,,,,,,,,,,,,,,,,,,,,,,,,,,,,,,,,,,,,,,,,,,,,,,,,,,,,,,,,,,,,,,,,,,,,,,,,,,,,,,,,,,,,,,,,,,,,,,,,,,,,,,,,,,,,3184670713.0,3,18,46,70,71,,,,,,
1,318467172,4,,,,,,,,,,,,,,,,,,,,,,,,,,,,,,,,,,,,,,,,,,,,,,,,,,,,,,,,,,,,,,,,,,,,,,,,,,,,,,,,,,,,,,,,,,,,,,,,,,,,,,,,,,,,,,,,,,,,,,,,,,,,,,,,,,,,,,,,,,,,,,,,,,,,,,3184671724.0,3,18,46,71,72,,,,,,
1,319477273,1,,,,,,,,,,,,,,,,,,,,,,,,,,,,,,,,,,,,,,,,,,,,,,,,,,,,,,,,,,,,,,,,,,,,,,,,,,,,,,,,,,,,,,,,,,,,,,,,,,,,,,,,,,,,,,,,,,,,,,,,,,,,,,,,,,,,,,,,,,,,,,,,,,,,,,3194772731.0,3,19,47,72,73,,,,,,
1,319477274,2,,,,,,,,,,,,,,,,,,,,,,,,,,,,,,,,,,,,,,,,,,,,,,,,,,,,,,,,,,,,,,,,,,,,,,,,,,,,,,,,,,,,,,,,,,,,,,,,,,,,,,,,,,,,,,,,,,,,,,,,,,,,,,,,,,,,,,,,,,,,,,,,,,,,,,3194772742.0,3,19,47,72,74,,,,,,
1,319477375,3,,,,,,,,,,,,,,,,,,,,,,,,,,,,,,,,,,,,,,,,,,,,,,,,,,,,,,,,,,,,,,,,,,,,,,,,,,,,,,,,,,,,,,,,,,,,,,,,,,,,,,,,,,,,,,,,,,,,,,,,,,,,,,,,,,,,,,,,,,,,,,,,,,,,,,3194773753.0,3,19,47,73,75,,,,,,
1,319487476,4,,,,,,,,,,,,,,,,,,,,,,,,,,,,,,,,,,,,,,,,,,,,,,,,,,,,,,,,,,,,,,,,,,,,,,,,,,,,,,,,,,,,,,,,,,,,,,,,,,,,,,,,,,,,,,,,,,,,,,,,,,,,,,,,,,,,,,,,,,,,,,,,,,,,,,3194874764.0,3,19,48,74,76,,,,,,
