CID,FID,Community,D_ID,M_ID,ND_ABC,ND_AM,ND_EventDesc,ND_Eventno,ND_FG,ND_FNGO,ND_LG,ND_M_5y,ND_M_y,ND_Oth,ND_PG,ND_PNGO,ND_UseAssist,ND_m1,ND_m2,ND_m3,ND_y1,ND_y2,ND_y3,P_ID,T_ID,UC_ID
101010101.0,1010101011.0,8.0,8.0,8.0,2.0,33.0,"Fire, Flood/typhoon, Drought, Earthquake/landslide, Famine, Epidemic, Civil unrest or violence, Crop Insect/disease outbreak",36.0,0.0,0.0,0.0,1.0,1.0,0.0,0.0,0.0,0.0,1.0,0.0,0.0,2011.0,0.0,0.0,8.0,8.0,8.0
101010202.0,1010102022.0,16.0,8.0,16.0,2.0,60.0,"Fire, Flood/typhoon, Drought, Earthquake/landslide, Famine, Epidemic, Civil unrest or violence",36.0,0.0,0.0,0.0,1.0,0.0,0.0,0.0,0.0,0.0,0.0,0.0,0.0,2011.0,2007.0,0.0,8.0,8.0,16.0
101010203.0,1010102033.0,24.0,8.0,24.0,3.0,34.0,"Crop Insect/disease outbreak, Fire, Flood/typhoon, Drought, Earthquake/landslide, Famine, Epidemic",36.0,0.0,0.0,0.0,2.0,1.0,0.0,0.0,0.0,0.0,1.0,0.0,0.0,4022.0,4020.0,2009.0,8.0,8.0,16.0
101020304.0,1010203044.0,32.0,8.0,32.0,1.0,50.0,"Civil unrest or violence, Crop Insect/disease outbreak, Fire, Flood/typhoon, Drought, Earthquake/landslide, Famine",36.0,0.0,0.0,0.0,1.0,3.0,0.0,0.0,0.0,0.0,8.0,2.0,0.0,2011.0,2010.0,2009.0,8.0,16.0,24.0
102030405.0,1020304051.0,8.0,16.0,40.0,3.0,225.0,"Epidemic, Civil unrest or violence, Crop Insect/disease outbreak, Fire, Flood/typhoon, Drought, Earthquake/landslide",36.0,0.0,0.0,0.0,3.0,2.0,0.0,0.0,0.0,0.0,10.0,0.0,0.0,6031.0,6034.0,6031.0,8.0,24.0,32.0
102030506.0,1020305062.0,16.0,16.0,48.0,3.0,110.0,"Famine, Epidemic, Civil unrest or violence, Crop Insect/disease outbreak, Fire, Flood/typhoon, Drought",36.0,0.0,0.0,0.0,2.0,2.0,0.0,0.0,0.0,0.0,18.0,17.0,10.0,4020.0,4017.0,4013.0,8.0,24.0,40.0
102030607.0,1020306073.0,24.0,16.0,56.0,1.0,85.0,"Earthquake/landslide, Famine, Epidemic, Civil unrest or violence, Crop Insect/disease outbreak, Fire, Flood/typhoon",36.0,0.0,0.0,0.0,1.0,2.0,0.0,0.0,0.0,0.0,12.0,5.0,4.0,2008.0,2012.0,0.0,8.0,24.0,48.0
102040708.0,1020407084.0,32.0,16.0,64.0,3.0,92.0,"Drought, Earthquake/landslide, Famine, Epidemic, Civil unrest or violence, Crop Insect/disease outbreak, Fire",36.0,0.0,0.0,0.0,2.0,1.0,0.0,0.0,0.0,0.0,8.0,9.0,0.0,4024.0,4021.0,2008.0,8.0,32.0,56.0
103050809.0,1030508091.0,8.0,24.0,72.0,2.0,50.0,"Flood/typhoon, Drought, Earthquake/landslide, Famine, Epidemic, Civil unrest or violence, Crop Insect/disease outbreak",36.0,0.0,0.0,0.0,1.0,3.0,0.0,0.0,0.0,0.0,19.0,12.0,6.0,2008.0,0.0,0.0,8.0,40.0,64.0
103060910.0,1030609102.0,16.0,24.0,80.0,2.0,20.0,"Fire, Flood/typhoon, Drought, Earthquake/landslide, Famine, Epidemic, Civil unrest or violence, Crop Insect/disease outbreak",36.0,0.0,0.0,0.0,1.0,3.0,0.0,0.0,0.0,0.0,21.0,6.0,7.0,2008.0,0.0,0.0,8.0,48.0,72.0
103061011.0,1030610113.0,24.0,24.0,88.0,0.0,0.0,"Fire, Flood/typhoon, Drought, Earthquake/landslide, Famine, Epidemic, Civil unrest or violence",36.0,0.0,0.0,0.0,0.0,1.0,0.0,0.0,0.0,0.0,5.0,0.0,0.0,0.0,0.0,0.0,8.0,48.0,80.0
103071112.0,1030711124.0,32.0,24.0,96.0,0.0,0.0,"Crop Insect/disease outbreak, Fire, Flood/typhoon, Drought, Earthquake/landslide, Famine, Epidemic",36.0,0.0,0.0,0.0,0.0,3.0,0.0,0.0,0.0,0.0,23.0,14.0,0.0,0.0,0.0,0.0,8.0,56.0,88.0
104081213.0,1040812131.0,8.0,32.0,104.0,0.0,0.0,"Civil unrest or violence, Crop Insect/disease outbreak, Fire, Flood/typhoon, Drought, Earthquake/landslide, Famine",36.0,0.0,0.0,0.0,0.0,1.0,0.0,0.0,0.0,0.0,8.0,9.0,0.0,0.0,0.0,0.0,8.0,64.0,96.0
104081314.0,1040813142.0,16.0,32.0,112.0,2.0,170.0,"Epidemic, Civil unrest or violence, Crop Insect/disease outbreak, Fire, Flood/typhoon, Drought, Earthquake/landslide",36.0,0.0,0.0,1.0,2.0,3.0,0.0,0.0,0.0,0.0,6.0,5.0,7.0,4017.0,2009.0,2010.0,8.0,64.0,104.0
104081415.0,1040814153.0,24.0,32.0,120.0,4.0,130.0,"Famine, Epidemic, Civil unrest or violence, Crop Insect/disease outbreak, Fire, Flood/typhoon, Drought",36.0,0.0,0.0,0.0,2.0,0.0,0.0,0.0,0.0,0.0,0.0,0.0,0.0,4021.0,2010.0,2009.0,8.0,64.0,112.0
104091516.0,1040915164.0,32.0,32.0,128.0,0.0,0.0,"Earthquake/landslide, Famine, Epidemic, Civil unrest or violence, Crop Insect/disease outbreak, Fire, Flood/typhoon",36.0,0.0,0.0,1.0,0.0,2.0,0.0,0.0,0.0,1.0,7.0,10.0,0.0,0.0,0.0,0.0,8.0,72.0,120.0
105101617.0,1051016171.0,8.0,40.0,136.0,2.0,50.0,"Drought, Earthquake/landslide, Famine, Epidemic, Civil unrest or violence, Crop Insect/disease outbreak, Fire",36.0,0.0,0.0,0.0,1.0,2.0,0.0,0.0,0.0,0.0,9.0,8.0,0.0,2007.0,2007.0,0.0,8.0,80.0,128.0
105101718.0,1051017182.0,16.0,40.0,144.0,0.0,0.0,"Flood/typhoon, Drought, Earthquake/landslide, Famine, Epidemic, Civil unrest or violence, Crop Insect/disease outbreak",36.0,0.0,0.0,0.0,0.0,1.0,0.0,0.0,0.0,0.0,3.0,0.0,0.0,0.0,0.0,0.0,8.0,80.0,136.0
105111819.0,1051118193.0,24.0,40.0,152.0,0.0,0.0,"Fire, Flood/typhoon, Drought, Earthquake/landslide, Famine, Epidemic, Civil unrest or violence, Crop Insect/disease outbreak",36.0,0.0,0.0,0.0,0.0,0.0,0.0,0.0,0.0,0.0,0.0,0.0,0.0,0.0,0.0,0.0,8.0,88.0,144.0
105121920.0,1051219204.0,32.0,40.0,160.0,0.0,0.0,"Fire, Flood/typhoon, Drought, Earthquake/landslide, Famine, Epidemic, Civil unrest or violence",36.0,0.0,0.0,0.0,0.0,0.0,0.0,0.0,0.0,0.0,0.0,0.0,0.0,0.0,0.0,0.0,8.0,96.0,152.0
106132021.0,1061320211.0,8.0,48.0,168.0,0.0,0.0,"Crop Insect/disease outbreak, Fire, Flood/typhoon, Drought, Earthquake/landslide, Famine, Epidemic",36.0,0.0,0.0,0.0,0.0,0.0,0.0,0.0,0.0,0.0,0.0,0.0,0.0,0.0,0.0,0.0,8.0,104.0,160.0
106132122.0,1061321222.0,16.0,48.0,176.0,0.0,0.0,"Civil unrest or violence, Crop Insect/disease outbreak, Fire, Flood/typhoon, Drought, Earthquake/landslide, Famine",36.0,0.0,0.0,0.0,0.0,1.0,0.0,0.0,0.0,0.0,7.0,0.0,0.0,0.0,0.0,0.0,8.0,104.0,168.0
106142223.0,1061422233.0,24.0,48.0,184.0,1.0,60.0,"Epidemic, Civil unrest or violence, Crop Insect/disease outbreak, Fire, Flood/typhoon, Drought, Earthquake/landslide",36.0,0.0,0.0,0.0,1.0,0.0,0.0,0.0,0.0,0.0,0.0,0.0,0.0,2010.0,0.0,0.0,8.0,112.0,176.0
106142324.0,1061423244.0,32.0,48.0,192.0,3.0,130.0,"Famine, Epidemic, Civil unrest or violence, Crop Insect/disease outbreak, Fire, Flood/typhoon, Drought",36.0,0.0,0.0,0.0,2.0,1.0,0.0,0.0,0.0,0.0,10.0,11.0,1.0,4020.0,0.0,0.0,8.0,112.0,184.0
107152425.0,1071524251.0,8.0,56.0,200.0,2.0,60.0,"Earthquake/landslide, Famine, Epidemic, Civil unrest or violence, Crop Insect/disease outbreak, Fire, Flood/typhoon",36.0,1.0,0.0,0.0,1.0,2.0,0.0,0.0,0.0,2.0,8.0,10.0,3.0,2012.0,2009.0,0.0,8.0,120.0,192.0
107162526.0,1071625262.0,16.0,56.0,208.0,0.0,0.0,"Drought, Earthquake/landslide, Famine, Epidemic, Civil unrest or violence, Crop Insect/disease outbreak, Fire",36.0,0.0,0.0,0.0,0.0,0.0,0.0,0.0,0.0,0.0,0.0,0.0,0.0,0.0,0.0,0.0,8.0,128.0,200.0
107162627.0,1071626273.0,24.0,56.0,216.0,3.0,100.0,"Flood/typhoon, Drought, Earthquake/landslide, Famine, Epidemic, Civil unrest or violence, Crop Insect/disease outbreak, RAIN",36.0,0.0,0.0,0.0,2.0,3.0,0.0,0.0,0.0,0.0,16.0,17.0,12.0,4022.0,4020.0,4018.0,8.0,128.0,208.0
107172728.0,1071727284.0,32.0,56.0,224.0,4.0,220.0,"Fire, Flood/typhoon, Drought, Earthquake/landslide, Famine, Epidemic, Civil unrest or violence, Crop Insect/disease outbreak",36.0,0.0,0.0,1.0,3.0,1.0,0.0,0.0,1.0,2.0,8.0,9.0,10.0,6034.0,4019.0,0.0,8.0,136.0,216.0
108182829.0,1081828291.0,8.0,64.0,232.0,3.0,130.0,"Fire, Flood/typhoon, Drought, Earthquake/landslide, Famine, Epidemic, Civil unrest or violence",36.0,0.0,0.0,1.0,2.0,1.0,0.0,0.0,1.0,1.0,5.0,6.0,7.0,4018.0,2010.0,2011.0,8.0,144.0,224.0
108192930.0,1081929302.0,18.0,72.0,270.0,2.0,155.0,"Crop Insect/disease outbreak, Fire, Flood/typhoon, Drought, Earthquake/landslide, Famine, Epidemic, Civil unrest or violence",45.0,0.0,0.0,0.0,2.0,2.0,0.0,0.0,0.0,0.0,14.0,16.0,20.0,4019.0,0.0,0.0,9.0,171.0,261.0
108203031.0,1082030313.0,24.0,64.0,248.0,1.0,80.0,"Crop Insect/disease outbreak, Fire, Flood/typhoon, Drought, Earthquake/landslide, Famine, Epidemic",36.0,0.0,0.0,0.0,1.0,0.0,0.0,0.0,0.0,0.0,0.0,0.0,0.0,2005.0,0.0,0.0,8.0,160.0,240.0
108213132.0,1082131324.0,32.0,64.0,256.0,4.0,173.0,"Civil unrest or violence, Crop Insect/disease outbreak, Fire, Flood/typhoon, Drought, Earthquake/landslide, Famine",36.0,0.0,0.0,0.0,3.0,2.0,0.0,0.0,0.0,0.0,15.0,11.0,12.0,6033.0,2010.0,2009.0,8.0,168.0,248.0
109223233.0,1092232331.0,8.0,72.0,264.0,0.0,0.0,"Epidemic, Civil unrest or violence, Crop Insect/disease outbreak, Fire, Flood/typhoon, Drought, Earthquake/landslide",36.0,0.0,0.0,0.0,0.0,1.0,0.0,0.0,0.0,0.0,8.0,0.0,0.0,0.0,0.0,0.0,8.0,176.0,256.0
109223334.0,1092233342.0,16.0,72.0,272.0,3.0,75.0,"Famine, Epidemic, Civil unrest or violence, Crop Insect/disease outbreak, RAIN, Fire, Flood/typhoon, Drought",36.0,0.0,0.0,0.0,2.0,2.0,0.0,0.0,0.0,0.0,16.0,9.0,0.0,4021.0,2011.0,0.0,8.0,176.0,264.0
109233435.0,1092334353.0,24.0,72.0,280.0,1.0,75.0,"Earthquake/landslide, Famine, Epidemic, Civil unrest or violence, Crop Insect/disease outbreak, Fire, Flood/typhoon",36.0,0.0,0.0,0.0,1.0,1.0,0.0,0.0,0.0,0.0,8.0,0.0,0.0,2011.0,2009.0,0.0,8.0,184.0,272.0
109233536.0,1092335364.0,32.0,72.0,288.0,1.0,80.0,"Drought, Earthquake/landslide, Famine, Epidemic, Civil unrest or violence, Crop Insect/disease outbreak, Fire",36.0,0.0,0.0,0.0,1.0,0.0,0.0,0.0,0.0,0.0,0.0,0.0,0.0,2011.0,0.0,0.0,8.0,184.0,280.0
110243637.0,1102436371.0,8.0,80.0,296.0,2.0,140.0,"Flood/typhoon, Drought, Earthquake/landslide, Famine, Epidemic, Civil unrest or violence, Crop Insect/disease outbreak, RAIN",36.0,0.0,0.0,0.0,2.0,1.0,0.0,0.0,0.0,0.0,9.0,0.0,0.0,4017.0,0.0,0.0,8.0,192.0,288.0
110243738.0,1102437382.0,16.0,80.0,304.0,3.0,100.0,"Fire, Flood/typhoon, Drought, Earthquake/landslide, Famine, Epidemic, Civil unrest or violence, Crop Insect/disease outbreak",36.0,0.0,0.0,0.0,2.0,0.0,0.0,0.0,0.0,0.0,0.0,0.0,0.0,4019.0,2010.0,2009.0,8.0,192.0,296.0
110243839.0,1102438393.0,24.0,80.0,312.0,2.0,90.0,"Fire, Flood/typhoon, Drought, Earthquake/landslide, Famine, Epidemic, Civil unrest or violence",36.0,0.0,0.0,0.0,2.0,1.0,0.0,0.0,0.0,0.0,8.0,0.0,0.0,4017.0,0.0,0.0,8.0,192.0,304.0
110253940.0,1102539404.0,32.0,80.0,320.0,1.0,50.0,"Crop Insect/disease outbreak, Fire, Flood/typhoon, Drought, Earthquake/landslide, Famine, Epidemic",36.0,0.0,0.0,0.0,1.0,3.0,0.0,0.0,0.0,0.0,24.0,13.0,0.0,2010.0,0.0,0.0,8.0,200.0,312.0
111264041.0,1112640411.0,8.0,88.0,328.0,0.0,0.0,"Civil unrest or violence, Crop Insect/disease outbreak, Fire, Flood/typhoon, Drought, Earthquake/landslide, Famine",36.0,0.0,0.0,0.0,0.0,1.0,0.0,0.0,0.0,0.0,10.0,0.0,0.0,0.0,0.0,0.0,8.0,208.0,320.0
111274142.0,1112741422.0,16.0,88.0,336.0,0.0,0.0,"Epidemic, Civil unrest or violence, Crop Insect/disease outbreak, Fire, Flood/typhoon, Drought, Earthquake/landslide",36.0,0.0,0.0,0.0,0.0,2.0,0.0,0.0,0.0,0.0,19.0,0.0,0.0,0.0,0.0,0.0,8.0,216.0,328.0
111274243.0,1112742433.0,24.0,88.0,344.0,0.0,0.0,"Famine, Epidemic, Civil unrest or violence, Crop Insect/disease outbreak, Fire, Flood/typhoon, Drought",36.0,0.0,0.0,0.0,0.0,1.0,0.0,0.0,0.0,0.0,6.0,0.0,0.0,0.0,0.0,0.0,8.0,216.0,336.0
111284344.0,1112843444.0,32.0,88.0,352.0,2.0,20.0,"Earthquake/landslide, Famine, Epidemic, Civil unrest or violence, Crop Insect/disease outbreak, Fire, Flood/typhoon",36.0,0.0,0.0,0.0,1.0,1.0,0.0,0.0,0.0,0.0,11.0,0.0,0.0,2008.0,2009.0,2011.0,8.0,224.0,344.0
112294445.0,1122944451.0,8.0,96.0,360.0,3.0,75.0,"Drought, Earthquake/landslide, Famine, Epidemic, Civil unrest or violence, Crop Insect/disease outbreak, Fire",36.0,0.0,0.0,0.0,2.0,1.0,0.0,0.0,0.0,0.0,8.0,0.0,0.0,4022.0,4020.0,4018.0,8.0,232.0,352.0
112304546.0,1123045462.0,16.0,96.0,368.0,2.0,5.0,"Flood/typhoon, Drought, Earthquake/landslide, Famine, Epidemic, Civil unrest or violence, Crop Insect/disease outbreak",36.0,0.0,0.0,0.0,1.0,1.0,0.0,0.0,0.0,0.0,12.0,1.0,2.0,2011.0,2010.0,2009.0,8.0,240.0,360.0
112304647.0,1123046473.0,24.0,96.0,376.0,4.0,40.0,"Fire, Flood/typhoon, Drought, Earthquake/landslide, Famine, Epidemic, Civil unrest or violence, Crop Insect/disease outbreak",36.0,0.0,0.0,0.0,2.0,2.0,0.0,0.0,0.0,0.0,9.0,15.0,7.0,4021.0,2010.0,2009.0,8.0,240.0,368.0
112314748.0,1123147484.0,36.0,108.0,432.0,4.0,20.0,"Fire, Flood/typhoon, Drought, Earthquake/landslide, Famine, Epidemic, Civil unrest or violence, Crop Insect/disease outbreak",45.0,0.0,0.0,0.0,2.0,0.0,0.0,0.0,0.0,0.0,0.0,0.0,0.0,4020.0,2009.0,2008.0,9.0,279.0,423.0
213324849.0,2133248491.0,8.0,104.0,392.0,1.0,100.0,"Fire, Flood/typhoon, Drought, Earthquake/landslide, Famine, Epidemic, Civil unrest or violence",36.0,0.0,0.0,0.0,1.0,0.0,0.0,0.0,0.0,0.0,0.0,0.0,0.0,2011.0,0.0,0.0,16.0,256.0,384.0
213324950.0,2133249502.0,16.0,104.0,400.0,2.0,100.0,"Crop Insect/disease outbreak, Fire, Flood/typhoon, Drought, Earthquake/landslide, Famine, Epidemic",36.0,0.0,0.0,0.0,1.0,0.0,0.0,0.0,0.0,0.0,0.0,0.0,0.0,2011.0,2010.0,0.0,16.0,256.0,392.0
213324952.0,2133249523.0,24.0,104.0,416.0,2.0,100.0,"Civil unrest or violence, Crop Insect/disease outbreak, Fire, Flood/typhoon, Drought, Earthquake/landslide, Famine",36.0,0.0,0.0,0.0,1.0,0.0,0.0,0.0,0.0,0.0,0.0,0.0,0.0,2011.0,2010.0,0.0,16.0,256.0,392.0
213335051.0,2133351514.0,32.0,104.0,408.0,4.0,330.0,"Epidemic, Civil unrest or violence, Crop Insect/disease outbreak, Fire, Flood/typhoon, Drought, Earthquake/landslide",36.0,0.0,0.0,0.0,4.0,0.0,0.0,0.0,0.0,0.0,0.0,0.0,0.0,8038.0,2010.0,0.0,16.0,264.0,400.0
214345253.0,2143452531.0,8.0,112.0,424.0,0.0,0.0,"Famine, Epidemic, Civil unrest or violence, Crop Insect/disease outbreak, Fire, Flood/typhoon, Drought",36.0,0.0,0.0,0.0,0.0,1.0,0.0,0.0,0.0,0.0,11.0,0.0,0.0,0.0,0.0,0.0,16.0,272.0,416.0
214355354.0,2143553542.0,16.0,112.0,432.0,3.0,175.0,"Earthquake/landslide, Famine, Epidemic, Civil unrest or violence, Crop Insect/disease outbreak, Fire, Flood/typhoon",36.0,0.0,0.0,0.0,2.0,0.0,0.0,0.0,0.0,0.0,0.0,0.0,0.0,4021.0,0.0,0.0,16.0,280.0,424.0
214365455.0,2143654553.0,24.0,112.0,440.0,0.0,0.0,"Drought, Earthquake/landslide, Famine, Epidemic, Civil unrest or violence, Crop Insect/disease outbreak, Fire",36.0,0.0,0.0,0.0,0.0,0.0,0.0,0.0,0.0,0.0,0.0,0.0,0.0,0.0,0.0,0.0,16.0,288.0,432.0
214375556.0,2143755564.0,32.0,112.0,448.0,1.0,100.0,"Flood/typhoon, Drought, Earthquake/landslide, Famine, Epidemic, Civil unrest or violence, Crop Insect/disease outbreak",36.0,0.0,0.0,0.0,1.0,0.0,0.0,1.0,0.0,0.0,0.0,0.0,0.0,2010.0,2007.0,0.0,16.0,296.0,440.0
215385657.0,2153856571.0,8.0,120.0,456.0,1.0,95.0,"Fire, Flood/typhoon, Drought, Earthquake/landslide, Famine, Epidemic, Civil unrest or violence, Crop Insect/disease outbreak",36.0,0.0,0.0,0.0,1.0,0.0,0.0,0.0,0.0,0.0,0.0,0.0,0.0,2011.0,0.0,0.0,16.0,304.0,448.0
215395758.0,2153957582.0,16.0,120.0,464.0,2.0,110.0,"Fire, Flood/typhoon, Drought, Earthquake/landslide, Famine, Epidemic, Civil unrest or violence",36.0,0.0,0.0,0.0,2.0,0.0,0.0,0.0,0.0,0.0,0.0,0.0,0.0,4018.0,2010.0,0.0,16.0,312.0,456.0
215395859.0,2153958593.0,24.0,120.0,472.0,2.0,110.0,"Crop Insect/disease outbreak, Fire, Flood/typhoon, Drought, Earthquake/landslide, Famine, Epidemic",36.0,0.0,0.0,0.0,2.0,1.0,0.0,0.0,0.0,0.0,7.0,8.0,0.0,4018.0,2010.0,0.0,16.0,312.0,464.0
215405960.0,2154059604.0,32.0,120.0,480.0,1.0,95.0,"Civil unrest or violence, Crop Insect/disease outbreak, Fire, Flood/typhoon, Drought, Earthquake/landslide, Famine",36.0,0.0,0.0,0.0,1.0,1.0,0.0,0.0,0.0,0.0,7.0,8.0,0.0,2011.0,2010.0,0.0,16.0,320.0,472.0
216416061.0,2164160611.0,8.0,128.0,488.0,5.0,180.0,"Epidemic, Civil unrest or violence, Crop Insect/disease outbreak, Fire, Flood/typhoon, Drought, Earthquake/landslide",36.0,0.0,0.0,0.0,3.0,3.0,0.0,0.0,0.0,0.0,25.0,28.0,0.0,6029.0,2011.0,0.0,16.0,328.0,480.0
216416162.0,2164161622.0,16.0,128.0,496.0,1.0,100.0,"Famine, Epidemic, Civil unrest or violence, Crop Insect/disease outbreak, Fire, Flood/typhoon, Drought",36.0,0.0,0.0,0.0,1.0,1.0,0.0,0.0,0.0,0.0,12.0,1.0,0.0,2010.0,0.0,0.0,16.0,328.0,488.0
216426263.0,2164262633.0,24.0,128.0,504.0,0.0,0.0,"Earthquake/landslide, Famine, Epidemic, Civil unrest or violence, Crop Insect/disease outbreak, Fire, Flood/typhoon",36.0,0.0,0.0,0.0,0.0,0.0,0.0,0.0,0.0,0.0,0.0,0.0,0.0,0.0,0.0,0.0,16.0,336.0,496.0
216436364.0,2164363644.0,32.0,128.0,512.0,1.0,98.0,"Drought, Earthquake/landslide, Famine, Epidemic, Civil unrest or violence, Crop Insect/disease outbreak, Fire",36.0,0.0,0.0,0.0,1.0,0.0,0.0,0.0,0.0,0.0,0.0,0.0,0.0,2010.0,0.0,0.0,16.0,344.0,504.0
217446465.0,2174464651.0,8.0,136.0,520.0,5.0,164.0,"Flood/typhoon, Drought, Earthquake/landslide, Famine, Epidemic, Civil unrest or violence, Crop Insect/disease outbreak",36.0,0.0,0.0,0.0,3.0,0.0,0.0,0.0,0.0,0.0,0.0,0.0,0.0,6029.0,2007.0,0.0,16.0,352.0,512.0
217446566.0,2174465662.0,16.0,136.0,528.0,1.0,100.0,"Fire, Flood/typhoon, Drought, Earthquake/landslide, Famine, Epidemic, Civil unrest or violence, Crop Insect/disease outbreak",36.0,0.0,0.0,0.0,1.0,0.0,0.0,0.0,0.0,0.0,0.0,0.0,0.0,2011.0,0.0,0.0,16.0,352.0,520.0
217446667.0,2174466673.0,24.0,136.0,536.0,2.0,150.0,"Fire, Flood/typhoon, Drought, Earthquake/landslide, Famine, Epidemic, Civil unrest or violence",36.0,0.0,0.0,0.0,2.0,0.0,0.0,0.0,0.0,0.0,0.0,0.0,0.0,4020.0,0.0,0.0,16.0,352.0,528.0
217456768.0,2174567684.0,32.0,136.0,544.0,1.0,75.0,"Crop Insect/disease outbreak, Fire, Flood/typhoon, Drought, Earthquake/landslide, Famine, Epidemic",36.0,0.0,1.0,0.0,1.0,2.0,0.0,0.0,1.0,4.0,12.0,0.0,0.0,2011.0,0.0,0.0,16.0,360.0,536.0
318466869.0,3184668691.0,8.0,144.0,552.0,3.0,160.0,"Civil unrest or violence, Crop Insect/disease outbreak, Fire, Flood/typhoon, Drought, Earthquake/landslide, Famine",36.0,1.0,1.0,0.0,2.0,2.0,0.0,0.0,1.0,4.0,9.0,0.0,0.0,4021.0,0.0,0.0,24.0,368.0,544.0
318466970.0,3184669702.0,16.0,144.0,560.0,2.0,40.0,"Epidemic, Civil unrest or violence, Crop Insect/disease outbreak, Fire, Flood/typhoon, Drought, Earthquake/landslide",36.0,0.0,0.0,0.0,1.0,1.0,0.0,0.0,0.0,0.0,9.0,0.0,0.0,2009.0,2010.0,0.0,24.0,368.0,552.0
318467071.0,3184670713.0,24.0,144.0,568.0,4.0,145.0,"Famine, Epidemic, Civil unrest or violence, Crop Insect/disease outbreak, Fire, Flood/typhoon, Drought",36.0,0.0,0.0,0.0,3.0,1.0,0.0,0.0,1.0,1.0,8.0,2.0,0.0,6029.0,0.0,0.0,24.0,368.0,560.0
318467172.0,3184671724.0,32.0,144.0,576.0,2.0,200.0,"Earthquake/landslide, Famine, Epidemic, Civil unrest or violence, Crop Insect/disease outbreak, Fire, Flood/typhoon",36.0,0.0,0.0,0.0,2.0,2.0,0.0,0.0,0.0,0.0,8.0,0.0,0.0,4019.0,0.0,0.0,24.0,368.0,568.0
319477273.0,3194772731.0,8.0,152.0,584.0,0.0,0.0,"Drought, Earthquake/landslide, Famine, Epidemic, Civil unrest or violence, Crop Insect/disease outbreak, Fire",36.0,0.0,0.0,0.0,0.0,4.0,0.0,0.0,0.0,0.0,23.0,14.0,10.0,0.0,0.0,0.0,24.0,376.0,576.0
319477274.0,3194772742.0,16.0,152.0,592.0,0.0,0.0,"Flood/typhoon, Drought, Earthquake/landslide, Famine, Epidemic, Civil unrest or violence, Crop Insect/disease outbreak",36.0,0.0,0.0,0.0,0.0,2.0,0.0,0.0,0.0,0.0,9.0,0.0,0.0,0.0,0.0,0.0,24.0,376.0,576.0
319477375.0,3194773753.0,24.0,152.0,600.0,0.0,0.0,"Fire, Flood/typhoon, Drought, Earthquake/landslide, Famine, Epidemic, Civil unrest or violence, Crop Insect/disease outbreak",36.0,0.0,0.0,0.0,0.0,0.0,0.0,0.0,0.0,0.0,0.0,0.0,0.0,0.0,0.0,0.0,24.0,376.0,584.0
319487476.0,3194874764.0,32.0,152.0,608.0,0.0,0.0,"Fire, Flood/typhoon, Drought, Earthquake/landslide, Famine, Epidemic, Civil unrest or violence",36.0,0.0,0.0,0.0,0.0,0.0,0.0,0.0,0.0,0.0,0.0,0.0,0.0,0.0,0.0,0.0,24.0,384.0,592.0
101010101.0,,,,,,,Crop Insect/disease outbreak,1.0,,,,,0.0,,,,,,,,,,,,,
101010101.0,,,,,2.0,20.0,,2.0,,,,,,,,,,,,,,,,,,
101010101.0,,,,,,,Fire,3.0,,,,,0.0,,,,,,,,,,,,,
101010101.0,,,,,,,Flood/typhoon,4.0,,,,,0.0,,,,,,,,,,,,,
101010101.0,,,,,,,Drought,5.0,,,,,0.0,,,,,,,,,,,,,
101010101.0,,,,,,,Earthquake/landslide,6.0,,,,,0.0,,,,,,,,,,,,,
101010101.0,,,,,,,Famine,7.0,,,,,0.0,,,,,,,,,,,,,
101010101.0,,,,,,,Epidemic,8.0,,,,,0.0,,,,,,,,,,,,,
101010101.0,,,,,,,Civil unrest or violence,9.0,,,,,0.0,,,,,,,,,,,,,
101010202.0,,,,,,,Crop Insect/disease outbreak,1.0,,,,,0.0,,,,,,,,,,,,,
101010202.0,,,,,,,,2.0,,,,,,,,,,,,,,,,,,
101010202.0,,,,,,,Fire,3.0,,,,,0.0,,,,,,,,,,,,,
101010202.0,,,,,,,Flood/typhoon,4.0,,,,,0.0,,,,,,,,,,,,,
101010202.0,,,,,,,Drought,5.0,,,,,0.0,,,,,,,,,,,,,
101010202.0,,,,,,,Earthquake/landslide,6.0,,,,,0.0,,,,,,,,,,,,,
101010202.0,,,,,,,Famine,7.0,,,,,0.0,,,,,,,,,,,,,
101010202.0,,,,,,,Epidemic,8.0,,,,,0.0,,,,,,,,,,,,,
101010202.0,,,,,,,Civil unrest or violence,9.0,,,,,0.0,,,,,,,,,,,,,
101010203.0,,,,,1.0,1.0,Crop Insect/disease outbreak,1.0,,,,,0.0,,,,,,,,,,,,,
101010203.0,,,,,,,,2.0,,,,,,,,,,,,,,,,,,
101010203.0,,,,,,,Fire,3.0,,,,,0.0,,,,,,,,,,,,,
101010203.0,,,,,,,Flood/typhoon,4.0,,,,,0.0,,,,,,,,,,,,,
101010203.0,,,,,,,Drought,5.0,,,,,0.0,,,,,,,,,,,,,
101010203.0,,,,,,,Earthquake/landslide,6.0,,,,,0.0,,,,,,,,,,,,,
101010203.0,,,,,,,Famine,7.0,,,,,0.0,,,,,,,,,,,,,
101010203.0,,,,,1.0,90.0,Epidemic,8.0,,,,,0.0,,,,,,,,,,,,,
101010203.0,,,,,,,Civil unrest or violence,9.0,,,,,0.0,,,,,,,,,,,,,
101020304.0,,,,,,,Crop Insect/disease outbreak,1.0,,,,,0.0,,,,,,,,,,,,,
101020304.0,,,,,2.0,5.0,,2.0,,,,,,,,,,,,,,,,,,
101020304.0,,,,,,,Fire,3.0,,,,,0.0,,,,,,,,,,,,,
101020304.0,,,,,3.0,,Flood/typhoon,4.0,,,,,0.0,,,,,,,,,,,,,
101020304.0,,,,,,,Drought,5.0,,,,,0.0,,,,,,,,,,,,,
101020304.0,,,,,,,Earthquake/landslide,6.0,,,,,0.0,,,,,,,,,,,,,
101020304.0,,,,,,,Famine,7.0,,,,,0.0,,,,,,,,,,,,,
101020304.0,,,,,1.0,40.0,Epidemic,8.0,,,,,0.0,,,,,,,,,,,,,
101020304.0,,,,,,,Civil unrest or violence,9.0,0.0,0.0,1.0,,1.0,0.0,,0.0,3.0,8.0,9.0,10.0,,,,,,
102030405.0,,,,,,,Crop Insect/disease outbreak,1.0,,,,,0.0,,,,,,,,,,,,,
102030405.0,,,,,,,,2.0,,,,,,,,,,,,,,,,,,
102030405.0,,,,,,,Fire,3.0,,,,,0.0,,,,,,,,,,,,,
102030405.0,,,,,3.0,,Flood/typhoon,4.0,,,,,0.0,,,,,,,,,,,,,
102030405.0,,,,,,,Drought,5.0,,,,,0.0,,,,,,,,,,,,,
102030405.0,,,,,1.0,10.0,Earthquake/landslide,6.0,,,,,0.0,,,,,,,,,,,,,
102030405.0,,,,,,,Famine,7.0,,,,,0.0,,,,,,,,,,,,,
102030405.0,,,,,1.0,100.0,Epidemic,8.0,,,,,0.0,,,,,,,,,,,,,
102030405.0,,,,,,,Civil unrest or violence,9.0,,,,,0.0,,,,,,,,,,,,,
102030506.0,,,,,,,Crop Insect/disease outbreak,1.0,0.0,0.0,0.0,,1.0,0.0,,0.0,,2.0,3.0,4.0,,,,,,
102030506.0,,,,,,,,2.0,,,,,,,,,,,,,,,,,,
102030506.0,,,,,,,Fire,3.0,,,,,0.0,,,,,,,,,,,,,
102030506.0,,,,,,,Flood/typhoon,4.0,,,,,0.0,,,,,,,,,,,,,
102030506.0,,,,,,,Drought,5.0,,,,,0.0,,,,,,,,,,,,,
102030506.0,,,,,1.0,100.0,Earthquake/landslide,6.0,,,,,0.0,,,,,,,,,,,,,
102030506.0,,,,,,,Famine,7.0,,,,,0.0,,,,,,,,,,,,,
102030506.0,,,,,1.0,100.0,Epidemic,8.0,,,,,0.0,,,,,,,,,,,,,
102030506.0,,,,,,,Civil unrest or violence,9.0,,,,,0.0,,,,,,,,,,,,,
102030607.0,,,,,,,Crop Insect/disease outbreak,1.0,,,,,0.0,,,,,,,,,,,,,
102030607.0,,,,,,,,2.0,,,,,,,,,,,,,,,,,,
102030607.0,,,,,,,Fire,3.0,,,,,0.0,,,,,,,,,,,,,
102030607.0,,,,,,,Flood/typhoon,4.0,,,,,0.0,,,,,,,,,,,,,
102030607.0,,,,,,,Drought,5.0,,,,,0.0,,,,,,,,,,,,,
102030607.0,,,,,,,Earthquake/landslide,6.0,,,,,0.0,,,,,,,,,,,,,
102030607.0,,,,,,,Famine,7.0,,,,,0.0,,,,,,,,,,,,,
102030607.0,,,,,2.0,70.0,Epidemic,8.0,,,,,0.0,,,,,,,,,,,,,
102030607.0,,,,,,,Civil unrest or violence,9.0,,,,,0.0,,,,,,,,,,,,,
102040708.0,,,,,,,Crop Insect/disease outbreak,1.0,0.0,0.0,0.0,,1.0,0.0,,0.0,,2.0,3.0,4.0,,,,,,
102040708.0,,,,,,,,2.0,,,,,,,,,,,,,,,,,,
102040708.0,,,,,1.0,100.0,Fire,3.0,,,,,0.0,,,,,,,,,,,,,
102040708.0,,,,,,,Flood/typhoon,4.0,,,,,0.0,,,,,,,,,,,,,
102040708.0,,,,,,,Drought,5.0,,,,,0.0,,,,,,,,,,,,,
102040708.0,,,,,2.0,30.0,Earthquake/landslide,6.0,,,,,0.0,,,,,,,,,,,,,
102040708.0,,,,,,,Famine,7.0,,,,,0.0,,,,,,,,,,,,,
102040708.0,,,,,2.0,70.0,Epidemic,8.0,,,,,0.0,,,,,,,,,,,,,
102040708.0,,,,,,,Civil unrest or violence,9.0,,,,,0.0,,,,,,,,,,,,,
103050809.0,,,,,,,Crop Insect/disease outbreak,1.0,,,,,0.0,,,,,,,,,,,,,
103050809.0,,,,,2.0,20.0,,2.0,,,,,,,,,,,,,,,,,,
103050809.0,,,,,,,FIRE,3.0,,,,,0.0,,,,,,,,,,,,,
103050809.0,,,,,,,FLOOD/TYPHOON,4.0,,,,,0.0,,,,,,,,,,,,,
103050809.0,,,,,,,DROUGHT,5.0,,,,,0.0,,,,,,,,,,,,,
103050809.0,,,,,,,EARTHQUAKE/LANDSLIDE,6.0,,,,,0.0,,,,,,,,,,,,,
103050809.0,,,,,3.0,,FAMINE,7.0,,,,,0.0,,,,,,,,,,,,,
103050809.0,,,,,1.0,30.0,EPIDEMIC,8.0,,,,,0.0,,,,,,,,,,,,,
103050809.0,,,,,,,CROP INSECT/DISEASE OUTBREAK,9.0,0.0,0.0,0.0,,1.0,0.0,,0.0,,8.0,9.0,10.0,,,,,,
103060910.0,,,,,,,FIRE,1.0,,,,,0.0,,,,,,,,,,,,,
103060910.0,,,,,3.0,,FLOOD/TYPHOON,2.0,0.0,0.0,1.0,,1.0,0.0,,0.0,0.0,6.0,7.0,8.0,,,,,,
103060910.0,,,,,,,DROUGHT,3.0,,,,,0.0,,,,,,,,,,,,,
103060910.0,,,,,,,EARTHQUAKE/LANDSLIDE,4.0,,,,,0.0,,,,,,,,,,,,,
103060910.0,,,,,,,FAMINE,5.0,,,,,0.0,,,,,,,,,,,,,
103060910.0,,,,,,,EPIDEMIC,6.0,,,,,0.0,,,,,,,,,,,,,
103060910.0,,,,,,,CROP INSECT/DISEASE OUTBREAK,7.0,,,,,0.0,,,,,,,,,,,,,
103060910.0,,,,,2.0,40.0,FIRE,8.0,,,,,0.0,,,,,,,,,,,,,
103060910.0,,,,,,,FLOOD/TYPHOON,9.0,,,,,0.0,,,,,,,,,,,,,
103061011.0,,,,,,,DROUGHT,1.0,,,,,0.0,,,,,,,,,,,,,
103061011.0,,,,,,,EARTHQUAKE/LANDSLIDE,2.0,,,,,0.0,,,,,,,,,,,,,
103061011.0,,,,,2.0,40.0,FAMINE,3.0,,,,,0.0,,,,,,,,,,,,,
103061011.0,,,,,,,EPIDEMIC,4.0,,,,,0.0,,,,,,,,,,,,,
103061011.0,,,,,,,CROP INSECT/DISEASE OUTBREAK,5.0,,,,,0.0,,,,,,,,,,,,,
103061011.0,,,,,3.0,,FIRE,6.0,,,,,0.0,,,,,,,,,,,,,
103061011.0,,,,,,,FLOOD/TYPHOON,7.0,,,,,0.0,,,,,,,,,,,,,
103061011.0,,,,,2.0,20.0,DROUGHT,8.0,,,,,0.0,,,,,,,,,,,,,
103061011.0,,,,,,,EARTHQUAKE/LANDSLIDE,9.0,,,,,0.0,,,,,,,,,,,,,
103071112.0,,,,,,,FAMINE,1.0,,,,,0.0,,,,,,,,,,,,,
103071112.0,,,,,,,EPIDEMIC,2.0,,,,,0.0,,,,,,,,,,,,,
103071112.0,,,,,,,CROP INSECT/DISEASE OUTBREAK,3.0,0.0,0.0,0.0,,1.0,0.0,,0.0,,8.0,-99.0,-99.0,,,,,,
103071112.0,,,,,,,FIRE,4.0,,,,,0.0,,,,,,,,,,,,,
103071112.0,,,,,,,FLOOD/TYPHOON,5.0,,,,,0.0,,,,,,,,,,,,,
103071112.0,,,,,,,DROUGHT,6.0,,,,,0.0,,,,,,,,,,,,,
103071112.0,,,,,1.0,10.0,EARTHQUAKE/LANDSLIDE,7.0,,,,,0.0,,,,,,,,,,,,,
103071112.0,,,,,2.0,60.0,FAMINE,8.0,,,,,0.0,,,,,,,,,,,,,
103071112.0,,,,,,,EPIDEMIC,9.0,,,,,0.0,,,,,,,,,,,,,
104081213.0,,,,,,,CROP INSECT/DISEASE OUTBREAK,1.0,,,,,0.0,,,,,,,,,,,,,
104081213.0,,,,,,,FIRE,2.0,,,,,0.0,,,,,,,,,,,,,
104081213.0,,,,,,,FLOOD/TYPHOON,3.0,0.0,0.0,0.0,,1.0,0.0,,0.0,,2.0,8.0,7.0,,,,,,
104081213.0,,,,,3.0,,DROUGHT,4.0,,,,,0.0,,,,,,,,,,,,,
104081213.0,,,,,,,EARTHQUAKE/LANDSLIDE,5.0,,,,,0.0,,,,,,,,,,,,,
104081213.0,,,,,,,FAMINE,6.0,,,,,0.0,,,,,,,,,,,,,
104081213.0,,,,,,,EPIDEMIC,7.0,,,,,0.0,,,,,,,,,,,,,
104081213.0,,,,,,,CROP INSECT/DISEASE OUTBREAK,8.0,,,,,0.0,,,,,,,,,,,,,
104081213.0,,,,,,,FIRE,9.0,,,,,0.0,,,,,,,,,,,,,
104081314.0,,,,,,,FLOOD/TYPHOON,1.0,,,,,0.0,,,,,,,,,,,,,
104081314.0,,,,,,,DROUGHT,2.0,,,,,0.0,,,,,,,,,,,,,
104081314.0,,,,,,,EARTHQUAKE/LANDSLIDE,3.0,,,,,0.0,,,,,,,,,,,,,
104081314.0,,,,,3.0,,FAMINE,4.0,,,,,0.0,,,,,,,,,,,,,
104081314.0,,,,,,,EPIDEMIC,5.0,0.0,0.0,0.0,,1.0,0.0,,0.0,,12.0,2.0,-99.0,,,,,,
104081314.0,,,,,,,CROP INSECT/DISEASE OUTBREAK,6.0,,,,,0.0,,,,,,,,,,,,,
104081314.0,,,,,2.0,30.0,FIRE,7.0,,,,,0.0,,,,,,,,,,,,,
104081314.0,,,,,,,FLOOD/TYPHOON,8.0,,,,,0.0,,,,,,,,,,,,,
104081314.0,,,,,,,DROUGHT,9.0,,,,,0.0,,,,,,,,,,,,,
104081415.0,,,,,,,EARTHQUAKE/LANDSLIDE,1.0,,,,,0.0,,,,,,,,,,,,,
104081415.0,,,,,,,FAMINE,2.0,,,,,0.0,,,,,,,,,,,,,
104081415.0,,,,,,,EPIDEMIC,3.0,,,,,0.0,,,,,,,,,,,,,
104081415.0,,,,,3.0,,CROP INSECT/DISEASE OUTBREAK,4.0,0.0,0.0,0.0,,1.0,0.0,,0.0,,12.0,-99.0,-99.0,,,,,,
104081415.0,,,,,,,FIRE,5.0,,,,,0.0,,,,,,,,,,,,,
104081415.0,,,,,,,FLOOD/TYPHOON,6.0,,,,,0.0,,,,,,,,,,,,,
104081415.0,,,,,3.0,,DROUGHT,7.0,,,,,0.0,,,,,,,,,,,,,
104081415.0,,,,,,,EARTHQUAKE/LANDSLIDE,8.0,,,,,0.0,,,,,,,,,,,,,
104081415.0,,,,,,,FAMINE,9.0,,,,,0.0,,,,,,,,,,,,,
104091516.0,,,,,,,EPIDEMIC,1.0,,,,,0.0,,,,,,,,,,,,,
104091516.0,,,,,,,CROP INSECT/DISEASE OUTBREAK,2.0,,,,,0.0,,,,,,,,,,,,,
104091516.0,,,,,,,FIRE,3.0,,,,,0.0,,,,,,,,,,,,,
104091516.0,,,,,3.0,,FLOOD/TYPHOON,4.0,,,,,0.0,,,,,,,,,,,,,
104091516.0,,,,,,,DROUGHT,5.0,,,,,0.0,,,,,,,,,,,,,
104091516.0,,,,,,,EARTHQUAKE/LANDSLIDE,6.0,,,,,0.0,,,,,,,,,,,,,
104091516.0,,,,,,,FAMINE,7.0,,,,,0.0,,,,,,,,,,,,,
104091516.0,,,,,,,EPIDEMIC,8.0,,,,,0.0,,,,,,,,,,,,,
104091516.0,,,,,,,CROP INSECT/DISEASE OUTBREAK,9.0,,,,,0.0,,,,,,,,,,,,,
105101617.0,,,,,,,FIRE,1.0,,,,,0.0,,,,,,,,,,,,,
105101617.0,,,,,,,FLOOD/TYPHOON,2.0,0.0,0.0,0.0,,1.0,0.0,,0.0,,4.0,-99.0,-99.0,,,,,,
105101617.0,,,,,,,DROUGHT,3.0,,,,,0.0,,,,,,,,,,,,,
105101617.0,,,,,,,EARTHQUAKE/LANDSLIDE,4.0,,,,,0.0,,,,,,,,,,,,,
105101617.0,,,,,,,FAMINE,5.0,,,,,0.0,,,,,,,,,,,,,
105101617.0,,,,,,,EPIDEMIC,6.0,,,,,0.0,,,,,,,,,,,,,
105101617.0,,,,,,,CROP INSECT/DISEASE OUTBREAK,7.0,,,,,0.0,,,,,,,,,,,,,
105101617.0,,,,,,,FIRE,8.0,,,,,0.0,,,,,,,,,,,,,
105101617.0,,,,,,,FLOOD/TYPHOON,9.0,,,,,0.0,,,,,,,,,,,,,
105101718.0,,,,,,,DROUGHT,1.0,,,,,0.0,,,,,,,,,,,,,
105101718.0,,,,,,,EARTHQUAKE/LANDSLIDE,2.0,,,,,0.0,,,,,,,,,,,,,
105101718.0,,,,,,,FAMINE,3.0,,,,,0.0,,,,,,,,,,,,,
105101718.0,,,,,,,EPIDEMIC,4.0,,,,,0.0,,,,,,,,,,,,,
105101718.0,,,,,,,CROP INSECT/DISEASE OUTBREAK,5.0,,,,,0.0,,,,,,,,,,,,,
105101718.0,,,,,,,FIRE,6.0,,,,,0.0,,,,,,,,,,,,,
105101718.0,,,,,,,FLOOD/TYPHOON,7.0,,,,,0.0,,,,,,,,,,,,,
105101718.0,,,,,,,DROUGHT,8.0,,,,,0.0,,,,,,,,,,,,,
105101718.0,,,,,,,EARTHQUAKE/LANDSLIDE,9.0,,,,,0.0,,,,,,,,,,,,,
105111819.0,,,,,,,FAMINE,1.0,,,,,0.0,,,,,,,,,,,,,
105111819.0,,,,,,,EPIDEMIC,2.0,,,,,0.0,,,,,,,,,,,,,
105111819.0,,,,,,,CROP INSECT/DISEASE OUTBREAK,3.0,,,,,0.0,,,,,,,,,,,,,
105111819.0,,,,,,,FIRE,4.0,,,,,0.0,,,,,,,,,,,,,
105111819.0,,,,,,,FLOOD/TYPHOON,5.0,,,,,0.0,,,,,,,,,,,,,
105111819.0,,,,,,,DROUGHT,6.0,,,,,0.0,,,,,,,,,,,,,
105111819.0,,,,,,,EARTHQUAKE/LANDSLIDE,7.0,,,,,0.0,,,,,,,,,,,,,
105111819.0,,,,,2.0,20.0,FAMINE,8.0,,,,,0.0,,,,,,,,,,,,,
105111819.0,,,,,,,EPIDEMIC,9.0,,,,,0.0,,,,,,,,,,,,,
105121920.0,,,,,,,CROP INSECT/DISEASE OUTBREAK,1.0,,,,,1.0,,,,,5.0,6.0,7.0,,,,,,
105121920.0,,,,,,,FIRE,2.0,,,,,0.0,,,,,,,,,,,,,
105121920.0,,,,,,,FLOOD/TYPHOON,3.0,,,,,0.0,,,,,,,,,,,,,
105121920.0,,,,,,,DROUGHT,4.0,,,,,0.0,,,,,,,,,,,,,
105121920.0,,,,,,,EARTHQUAKE/LANDSLIDE,5.0,,,,,0.0,,,,,,,,,,,,,
105121920.0,,,,,,,FAMINE,6.0,,,,,0.0,,,,,,,,,,,,,
105121920.0,,,,,,,EPIDEMIC,7.0,,,,,0.0,,,,,,,,,,,,,
105121920.0,,,,,,,CROP INSECT/DISEASE OUTBREAK,8.0,,,,,0.0,,,,,,,,,,,,,
105121920.0,,,,,,,FIRE,9.0,,,,,0.0,,,,,,,,,,,,,
106132021.0,,,,,,,FLOOD/TYPHOON,1.0,0.0,0.0,0.0,,1.0,0.0,,0.0,,6.0,7.0,-99.0,,,,,,
106132021.0,,,,,,,DROUGHT,2.0,,,,,0.0,,,,,,,,,,,,,
106132021.0,,,,,,,EARTHQUAKE/LANDSLIDE,3.0,,,,,0.0,,,,,,,,,,,,,
106132021.0,,,,,,,FAMINE,4.0,,,,,0.0,,,,,,,,,,,,,
106132021.0,,,,,,,EPIDEMIC,5.0,,,,,0.0,,,,,,,,,,,,,
106132021.0,,,,,,,CROP INSECT/DISEASE OUTBREAK,6.0,,,,,0.0,,,,,,,,,,,,,
106132021.0,,,,,,,FIRE,7.0,,,,,0.0,,,,,,,,,,,,,
106132021.0,,,,,,,FLOOD/TYPHOON,8.0,,,,,0.0,,,,,,,,,,,,,
106132021.0,,,,,,,DROUGHT,9.0,,,,,0.0,,,,,,,,,,,,,
106132122.0,,,,,,,EARTHQUAKE/LANDSLIDE,1.0,,,,,0.0,,,,,,,,,,,,,
106132122.0,,,,,,,FAMINE,2.0,,,,,0.0,,,,,,,,,,,,,
106132122.0,,,,,1.0,50.0,EPIDEMIC,3.0,,,,,0.0,,,,,,,,,,,,,
106132122.0,,,,,,,CROP INSECT/DISEASE OUTBREAK,4.0,,,,,1.0,,,,,6.0,5.0,4.0,,,,,,
106132122.0,,,,,,,FIRE,5.0,,,,,0.0,,,,,,,,,,,,,
106132122.0,,,,,1.0,60.0,FLOOD/TYPHOON,6.0,,,,,0.0,,,,,,,,,,,,,
106132122.0,,,,,,,DROUGHT,7.0,,,,,0.0,,,,,,,,,,,,,
106132122.0,,,,,,,EARTHQUAKE/LANDSLIDE,8.0,,,,,0.0,,,,,,,,,,,,,
106132122.0,,,,,,,FAMINE,9.0,,,,,0.0,,,,,,,,,,,,,
106142223.0,,,,,,,EPIDEMIC,1.0,,,,,0.0,,,,,,,,,,,,,
106142223.0,,,,,1.0,90.0,CROP INSECT/DISEASE OUTBREAK,2.0,,,,,0.0,,,,,,,,,,,,,
106142223.0,,,,,,,FIRE,3.0,,,,,0.0,,,,,,,,,,,,,
106142223.0,,,,,,,FLOOD/TYPHOON,4.0,,,,,0.0,,,,,,,,,,,,,
106142223.0,,,,,,,DROUGHT,5.0,,,,,0.0,,,,,,,,,,,,,
106142223.0,,,,,,,EARTHQUAKE/LANDSLIDE,6.0,,,,,0.0,,,,,,,,,,,,,
106142223.0,,,,,,,FAMINE,7.0,,,,,0.0,,,,,,,,,,,,,
106142223.0,,,,,,,EPIDEMIC,8.0,,,,,0.0,,,,,,,,,,,,,
106142223.0,,,,,,,CROP INSECT/DISEASE OUTBREAK,9.0,0.0,0.0,0.0,,1.0,0.0,,0.0,,9.0,10.0,-99.0,,,,,,
106142324.0,,,,,,,FIRE,1.0,,,,,0.0,,,,,,,,,,,,,
106142324.0,,,,,1.0,80.0,FLOOD/TYPHOON,2.0,,,,,0.0,,,,,,,,,,,,,
106142324.0,,,,,,,DROUGHT,3.0,,,,,0.0,,,,,,,,,,,,,
106142324.0,,,,,,,EARTHQUAKE/LANDSLIDE,4.0,,,,,0.0,,,,,,,,,,,,,
106142324.0,,,,,,,FAMINE,5.0,,,,,0.0,,,,,,,,,,,,,
106142324.0,,,,,,,EPIDEMIC,6.0,,,,,0.0,,,,,,,,,,,,,
106142324.0,,,,,,,CROP INSECT/DISEASE OUTBREAK,7.0,0.0,0.0,0.0,,1.0,0.0,,0.0,,7.0,8.0,9.0,,,,,,
106142324.0,,,,,1.0,80.0,FIRE,8.0,,,,,0.0,,,,,,,,,,,,,
106142324.0,,,,,2.0,50.0,FLOOD/TYPHOON,9.0,,,,,0.0,,,,,,,,,,,,,
107152425.0,,,,,,,DROUGHT,1.0,,,,,0.0,,,,,,,,,,,,,
107152425.0,,,,,1.0,40.0,EARTHQUAKE/LANDSLIDE,2.0,,,,,0.0,,,,,,,,,,,,,
107152425.0,,,,,,,FAMINE,3.0,,,,,0.0,,,,,,,,,,,,,
107152425.0,,,,,,,EPIDEMIC,4.0,,,,,0.0,,,,,,,,,,,,,
107152425.0,,,,,,,CROP INSECT/DISEASE OUTBREAK,5.0,0.0,0.0,0.0,,1.0,0.0,,0.0,,8.0,9.0,10.0,,,,,,
107152425.0,,,,,,,FIRE,6.0,,,,,0.0,,,,,,,,,,,,,
107152425.0,,,,,,,FLOOD/TYPHOON,7.0,,,,,0.0,,,,,,,,,,,,,
107152425.0,,,,,,,DROUGHT,8.0,,,,,0.0,,,,,,,,,,,,,
107152425.0,,,,,,,EARTHQUAKE/LANDSLIDE,9.0,,,,,0.0,,,,,,,,,,,,,
107152627.0,,,,,,,FAMINE,1.0,,,,,0.0,,,,,,,,,,,,,
107152627.0,,,,,1.0,100.0,EPIDEMIC,2.0,,,,,0.0,,,,,,,,,,,,,
107152627.0,,,,,,,CROP INSECT/DISEASE OUTBREAK,3.0,,,,,0.0,,,,,,,,,,,,,
107152627.0,,,,,,,FIRE,4.0,,,,,0.0,,,,,,,,,,,,,
107152627.0,,,,,,,FLOOD/TYPHOON,5.0,,,,,0.0,,,,,,,,,,,,,
107152627.0,,,,,,,DROUGHT,6.0,,,,,0.0,,,,,,,,,,,,,
107152627.0,,,,,,,EARTHQUAKE/LANDSLIDE,7.0,,,,,0.0,,,,,,,,,,,,,
107152627.0,,,,,1.0,90.0,FAMINE,8.0,,,,,0.0,,,,,,,,,,,,,
107152627.0,,,,,,,EPIDEMIC,9.0,,,,,0.0,,,,,,,,,,,,,
107162526.0,,,,,,,CROP INSECT/DISEASE OUTBREAK,1.0,,,,,0.0,,,,,,,,,,,,,
107162526.0,,,,,2.0,20.0,FIRE,2.0,,,,,0.0,,,,,,,,,,,,,
107162526.0,,,,,,,FLOOD/TYPHOON,3.0,,,,,0.0,,,,,,,,,,,,,
107162526.0,,,,,,,DROUGHT,4.0,,,,,0.0,,,,,,,,,,,,,
107162526.0,,,,,,,EARTHQUAKE/LANDSLIDE,5.0,,,,,0.0,,,,,,,,,,,,,
107162526.0,,,,,,,FAMINE,6.0,,,,,0.0,,,,,,,,,,,,,
107162526.0,,,,,,,EPIDEMIC,7.0,,,,,0.0,,,,,,,,,,,,,
107162526.0,,,,,,,CROP INSECT/DISEASE OUTBREAK,8.0,,,,,0.0,,,,,,,,,,,,,
107162526.0,,,,,,,FIRE,9.0,,,,,0.0,,,,,,,,,,,,,
107172728.0,,,,,,,FLOOD/TYPHOON,1.0,,,,,0.0,,,,,,,,,,,,,
107172728.0,,,,,,,DROUGHT,2.0,,,,,0.0,,,,,,,,,,,,,
107172728.0,,,,,,,EARTHQUAKE/LANDSLIDE,3.0,,,,,0.0,,,,,,,,,,,,,
107172728.0,,,,,,,FAMINE,4.0,,,,,0.0,,,,,,,,,,,,,
107172728.0,,,,,,,EPIDEMIC,5.0,,,,,0.0,,,,,,,,,,,,,
107172728.0,,,,,,,CROP INSECT/DISEASE OUTBREAK,6.0,,,,,0.0,,,,,,,,,,,,,
107172728.0,,,,,,,FIRE,7.0,,,,,0.0,,,,,,,,,,,,,
107172728.0,,,,,2.0,50.0,FLOOD/TYPHOON,8.0,,,,,0.0,,,,,,,,,,,,,
107172728.0,,,,,,,DROUGHT,9.0,,,,,0.0,,,,,,,,,,,,,
108182829.0,,,,,,,EARTHQUAKE/LANDSLIDE,1.0,,,,,0.0,,,,,,,,,,,,,
108182829.0,,,,,1.0,100.0,FAMINE,2.0,,,,,0.0,,,,,,,,,,,,,
108182829.0,,,,,,,EPIDEMIC,3.0,,,,,0.0,,,,,,,,,,,,,
108182829.0,,,,,,,CROP INSECT/DISEASE OUTBREAK,4.0,,,,,0.0,,,,,,,,,,,,,
108182829.0,,,,,,,Shortage of Canal Water,5.0,0.0,0.0,0.0,,1.0,0.0,,0.0,,6.0,4.0,1.0,,,,,,
108182829.0,,,,,,,FIRE,6.0,,,,,0.0,,,,,,,,,,,,,
108182829.0,,,,,,,FLOOD/TYPHOON,7.0,,,,,0.0,,,,,,,,,,,,,
108182829.0,,,,,1.0,60.0,DROUGHT,8.0,,,,,0.0,,,,,,,,,,,,,
108182829.0,,,,,,,EARTHQUAKE/LANDSLIDE,9.0,,,,,0.0,,,,,,,,,,,,,
108192930.0,,,,,,,FAMINE,1.0,,,,,0.0,,,,,,,,,,,,,
108192930.0,,,,,,,EPIDEMIC,2.0,,,,,0.0,,,,,,,,,,,,,
108192930.0,,,,,,,CROP INSECT/DISEASE OUTBREAK,3.0,,,,,0.0,,,,,,,,,,,,,
108192930.0,,,,,,,FIRE,4.0,,,,,0.0,,,,,,,,,,,,,
108192930.0,,,,,,,FLOOD/TYPHOON,5.0,,,,,0.0,,,,,,,,,,,,,
108192930.0,,,,,,,DROUGHT,6.0,,,,,0.0,,,,,,,,,,,,,
108192930.0,,,,,,,EARTHQUAKE/LANDSLIDE,7.0,,,,,0.0,,,,,,,,,,,,,
108192930.0,,,,,2.0,30.0,FAMINE,8.0,,,,,0.0,,,,,,,,,,,,,
108192930.0,,,,,1.0,100.0,EPIDEMIC,9.0,,,,,0.0,,,,,,,,,,,,,
108203031.0,,,,,,,CROP INSECT/DISEASE OUTBREAK,1.0,,,,,0.0,,,,,,,,,,,,,
108203031.0,,,,,,,FIRE,2.0,,,,,0.0,,,,,,,,,,,,,
108203031.0,,,,,,,FLOOD/TYPHOON,3.0,,,,,0.0,,,,,,,,,,,,,
108203031.0,,,,,,,DROUGHT,4.0,,,,,0.0,,,,,,,,,,,,,
108203031.0,,,,,,,EARTHQUAKE/LANDSLIDE,5.0,,,,,0.0,,,,,,,,,,,,,
108203031.0,,,,,,,FAMINE,6.0,,,,,0.0,,,,,,,,,,,,,
108203031.0,,,,,,,EPIDEMIC,7.0,,,,,0.0,,,,,,,,,,,,,
108203031.0,,,,,1.0,30.0,CROP INSECT/DISEASE OUTBREAK,8.0,,,,,0.0,,,,,,,,,,,,,
108203031.0,,,,,,,FIRE,9.0,,,,,0.0,,,,,,,,,,,,,
108213132.0,,,,,,,FLOOD/TYPHOON,1.0,,,,,0.0,,,,,,,,,,,,,
108213132.0,,,,,,,DROUGHT,2.0,,,,,0.0,,,,,,,,,,,,,
108213132.0,,,,,,,EARTHQUAKE/LANDSLIDE,3.0,,,,,0.0,,,,,,,,,,,,,
108213132.0,,,,,,,FAMINE,4.0,,,,,0.0,,,,,,,,,,,,,
108213132.0,,,,,,,EPIDEMIC,5.0,,,,,0.0,,,,,,,,,,,,,
108213132.0,,,,,,,CROP INSECT/DISEASE OUTBREAK,6.0,,,,,0.0,,,,,,,,,,,,,
108213132.0,,,,,,,FIRE,7.0,,,,,0.0,,,,,,,,,,,,,
108213132.0,,,,,,,FLOOD/TYPHOON,8.0,,,,,0.0,,,,,,,,,,,,,
108213132.0,,,,,,,DROUGHT,9.0,,,,,0.0,,,,,,,,,,,,,
109223233.0,,,,,,,EARTHQUAKE/LANDSLIDE,1.0,,,,,0.0,,,,,,,,,,,,,
109223233.0,,,,,,,FAMINE,2.0,,,,,0.0,,,,,,,,,,,,,
109223233.0,,,,,,,EPIDEMIC,3.0,,,,,0.0,,,,,,,,,,,,,
109223233.0,,,,,,,CROP INSECT/DISEASE OUTBREAK,4.0,,,,,0.0,,,,,,,,,,,,,
109223233.0,,,,,,,FIRE,5.0,,,,,0.0,,,,,,,,,,,,,
109223233.0,,,,,,,FLOOD/TYPHOON,6.0,,,,,0.0,,,,,,,,,,,,,
109223233.0,,,,,,,DROUGHT,7.0,,,,,0.0,,,,,,,,,,,,,
109223233.0,,,,,,,EARTHQUAKE/LANDSLIDE,8.0,,,,,0.0,,,,,,,,,,,,,
109223233.0,,,,,1.0,100.0,FAMINE,9.0,,,,,0.0,,,,,,,,,,,,,
109223334.0,,,,,,,EPIDEMIC,1.0,,,,,0.0,,,,,,,,,,,,,
109223334.0,,,,,,,CROP INSECT/DISEASE OUTBREAK,2.0,,,,,1.0,,,,,3.0,12.0,8.0,,,,,,
109223334.0,,,,,,,FIRE,3.0,,,,,0.0,,,,,,,,,,,,,
109223334.0,,,,,,,FLOOD/TYPHOON,4.0,,,,,0.0,,,,,,,,,,,,,
109223334.0,,,,,,,DROUGHT,5.0,,,,,0.0,,,,,,,,,,,,,
109223334.0,,,,,,,EARTHQUAKE/LANDSLIDE,6.0,,,,,0.0,,,,,,,,,,,,,
109223334.0,,,,,,,FAMINE,7.0,,,,,0.0,,,,,,,,,,,,,
109223334.0,,,,,,,EPIDEMIC,8.0,,,,,0.0,,,,,,,,,,,,,
109223334.0,,,,,,,CROP INSECT/DISEASE OUTBREAK,9.0,,,,,0.0,,,,,,,,,,,,,
109233435.0,,,,,,,FIRE,1.0,,,,,0.0,,,,,,,,,,,,,
109233435.0,,,,,,,FLOOD/TYPHOON,2.0,,,,,0.0,,,,,,,,,,,,,
109233435.0,,,,,,,DROUGHT,3.0,,,,,0.0,,,,,,,,,,,,,
109233435.0,,,,,,,EARTHQUAKE/LANDSLIDE,4.0,,,,,0.0,,,,,,,,,,,,,
109233435.0,,,,,,,FAMINE,5.0,,,,,0.0,,,,,,,,,,,,,
109233435.0,,,,,2.0,80.0,EPIDEMIC,6.0,,,,,0.0,,,,,,,,,,,,,
109233435.0,,,,,,,CROP INSECT/DISEASE OUTBREAK,7.0,,,,,0.0,,,,,,,,,,,,,
109233435.0,,,,,2.0,50.0,FIRE,8.0,,,,,0.0,,,,,,,,,,,,,
109233435.0,,,,,,,FLOOD/TYPHOON,9.0,,,,,0.0,,,,,,,,,,,,,
109233536.0,,,,,,,DROUGHT,1.0,,,,,0.0,,,,,,,,,,,,,
109233536.0,,,,,2.0,20.0,EARTHQUAKE/LANDSLIDE,2.0,,,,,0.0,,,,,,,,,,,,,
109233536.0,,,,,2.0,30.0,FAMINE,3.0,,,,,0.0,,,,,,,,,,,,,
109233536.0,,,,,,,EPIDEMIC,4.0,,,,,0.0,,,,,,,,,,,,,
109233536.0,,,,,,,CROP INSECT/DISEASE OUTBREAK,5.0,,,,,0.0,,,,,,,,,,,,,
109233536.0,,,,,,,FIRE,6.0,,,,,0.0,,,,,,,,,,,,,
109233536.0,,,,,,,FLOOD/TYPHOON,7.0,,,,,0.0,,,,,,,,,,,,,
109233536.0,,,,,2.0,35.0,DROUGHT,8.0,,,,,0.0,,,,,,,,,,,,,
109233536.0,,,,,,,EARTHQUAKE/LANDSLIDE,9.0,,,,,0.0,,,,,,,,,,,,,
110243637.0,,,,,,,FAMINE,1.0,,,,,0.0,,,,,,,,,,,,,
110243637.0,,,,,,,EPIDEMIC,2.0,,,,,0.0,,,,,,,,,,,,,
110243637.0,,,,,,,CROP INSECT/DISEASE OUTBREAK,3.0,,,,,0.0,,,,,,,,,,,,,
110243637.0,,,,,,,FIRE,4.0,,,,,0.0,,,,,,,,,,,,,
110243637.0,,,,,,,FLOOD/TYPHOON,5.0,,,,,0.0,,,,,,,,,,,,,
110243637.0,,,,,,,DROUGHT,6.0,,,,,0.0,,,,,,,,,,,,,
110243637.0,,,,,,,EARTHQUAKE/LANDSLIDE,7.0,,,,,0.0,,,,,,,,,,,,,
110243637.0,,,,,,,FAMINE,8.0,,,,,0.0,,,,,,,,,,,,,
110243637.0,,,,,,,EPIDEMIC,9.0,,,,,0.0,,,,,,,,,,,,,
110243738.0,,,,,,,CROP INSECT/DISEASE OUTBREAK,1.0,,,,,0.0,,,,,,,,,,,,,
110243738.0,,,,,2.0,20.0,FIRE,2.0,,,,,0.0,,,,,,,,,,,,,
110243738.0,,,,,2.0,30.0,FLOOD/TYPHOON,3.0,,,,,0.0,,,,,,,,,,,,,
110243738.0,,,,,,,DROUGHT,4.0,,,,,0.0,,,,,,,,,,,,,
110243738.0,,,,,,,EARTHQUAKE/LANDSLIDE,5.0,,,,,0.0,,,,,,,,,,,,,
110243738.0,,,,,,,FAMINE,6.0,,,,,0.0,,,,,,,,,,,,,
110243738.0,,,,,,,EPIDEMIC,7.0,,,,,0.0,,,,,,,,,,,,,
110243738.0,,,,,2.0,14.0,CROP INSECT/DISEASE OUTBREAK,8.0,,,,,0.0,,,,,,,,,,,,,
110243738.0,,,,,,,FIRE,9.0,,,,,0.0,,,,,,,,,,,,,
110243839.0,,,,,,,FLOOD/TYPHOON,1.0,,,,,0.0,,,,,,,,,,,,,
110243839.0,,,,,,,DROUGHT,2.0,,,,,0.0,,,,,,,,,,,,,
110243839.0,,,,,,,EARTHQUAKE/LANDSLIDE,3.0,,,,,0.0,,,,,,,,,,,,,
110243839.0,,,,,,,FAMINE,4.0,,,,,0.0,,,,,,,,,,,,,
110243839.0,,,,,,,EPIDEMIC,5.0,,,,,0.0,,,,,,,,,,,,,
110243839.0,,,,,,,CROP INSECT/DISEASE OUTBREAK,6.0,,,,,0.0,,,,,,,,,,,,,
110243839.0,,,,,,,FIRE,7.0,,,,,0.0,,,,,,,,,,,,,
110243839.0,,,,,2.0,63.0,FLOOD/TYPHOON,8.0,,,,,0.0,,,,,,,,,,,,,
110243839.0,,,,,,,DROUGHT,9.0,,,,,0.0,,,,,,,,,,,,,
110253940.0,,,,,,,EARTHQUAKE/LANDSLIDE,1.0,,,,,0.0,,,,,,,,,,,,,
110253940.0,,,,,,,FAMINE,2.0,,,,,0.0,,,,,,,,,,,,,
110253940.0,,,,,,,EPIDEMIC,3.0,,,,,0.0,,,,,,,,,,,,,
110253940.0,,,,,,,CROP INSECT/DISEASE OUTBREAK,4.0,,,,,0.0,,,,,,,,,,,,,
110253940.0,,,,,,,FIRE,5.0,,,,,0.0,,,,,,,,,,,,,
110253940.0,,,,,,,FLOOD/TYPHOON,6.0,,,,,0.0,,,,,,,,,,,,,
110253940.0,,,,,,,DROUGHT,7.0,,,,,0.0,,,,,,,,,,,,,
110253940.0,,,,,2.0,50.0,EARTHQUAKE/LANDSLIDE,8.0,,,,,0.0,,,,,,,,,,,,,
110253940.0,,,,,,,FAMINE,9.0,,,,,0.0,,,,,,,,,,,,,
111264041.0,,,,,,,EPIDEMIC,1.0,,,,,0.0,,,,,,,,,,,,,
111264041.0,,,,,,,CROP INSECT/DISEASE OUTBREAK,2.0,,,,,0.0,,,,,,,,,,,,,
111264041.0,,,,,,,FIRE,3.0,,,,,0.0,,,,,,,,,,,,,
111264041.0,,,,,,,FLOOD/TYPHOON,4.0,,,,,0.0,,,,,,,,,,,,,
111264041.0,,,,,,,DROUGHT,5.0,,,,,0.0,,,,,,,,,,,,,
111264041.0,,,,,,,EARTHQUAKE/LANDSLIDE,6.0,,,,,0.0,,,,,,,,,,,,,
111264041.0,,,,,,,FAMINE,7.0,,,,,0.0,,,,,,,,,,,,,
111264041.0,,,,,1.0,90.0,EPIDEMIC,8.0,,,,,0.0,,,,,,,,,,,,,
111264041.0,,,,,,,CROP INSECT/DISEASE OUTBREAK,9.0,,,,,0.0,,,,,,,,,,,,,
111274142.0,,,,,3.0,,Extreme Winter,1.0,0.0,0.0,0.0,,1.0,0.0,,0.0,,1.0,-99.0,-99.0,,,,,,
111274142.0,,,,,,,FIRE,2.0,,,,,0.0,,,,,,,,,,,,,
111274142.0,,,,,,,FLOOD/TYPHOON,3.0,,,,,0.0,,,,,,,,,,,,,
111274142.0,,,,,,,DROUGHT,4.0,,,,,0.0,,,,,,,,,,,,,
111274142.0,,,,,,,EARTHQUAKE/LANDSLIDE,5.0,,,,,0.0,,,,,,,,,,,,,
111274142.0,,,,,,,FAMINE,6.0,,,,,0.0,,,,,,,,,,,,,
111274142.0,,,,,,,EPIDEMIC,7.0,,,,,0.0,,,,,,,,,,,,,
111274142.0,,,,,1.0,100.0,CROP INSECT/DISEASE OUTBREAK,8.0,,,,,0.0,,,,,,,,,,,,,
111274142.0,,,,,,,FIRE,9.0,,,,,0.0,,,,,,,,,,,,,
111274243.0,,,,,,,FLOOD/TYPHOON,1.0,,,,,0.0,,,,,,,,,,,,,
111274243.0,,,,,,,DROUGHT,2.0,,,,,0.0,,,,,,,,,,,,,
111274243.0,,,,,,,EARTHQUAKE/LANDSLIDE,3.0,,,,,0.0,,,,,,,,,,,,,
111274243.0,,,,,,,FAMINE,4.0,,,,,0.0,,,,,,,,,,,,,
111274243.0,,,,,,,EPIDEMIC,5.0,,,,,0.0,,,,,,,,,,,,,
111274243.0,,,,,,,CROP INSECT/DISEASE OUTBREAK,6.0,,,,,0.0,,,,,,,,,,,,,
111274243.0,,,,,,,FIRE,7.0,,,,,1.0,,,,,6.0,8.0,-99.0,,,,,,
111274243.0,,,,,,,FLOOD/TYPHOON,8.0,,,,,0.0,,,,,,,,,,,,,
111274243.0,,,,,,,DROUGHT,9.0,,,,,0.0,,,,,,,,,,,,,
111284344.0,,,,,,,EARTHQUAKE/LANDSLIDE,1.0,,,,,0.0,,,,,,,,,,,,,
111284344.0,,,,,,,FAMINE,2.0,,,,,0.0,,,,,,,,,,,,,
111284344.0,,,,,,,EPIDEMIC,3.0,,,,,0.0,,,,,,,,,,,,,
111284344.0,,,,,,,CROP INSECT/DISEASE OUTBREAK,4.0,0.0,0.0,0.0,,1.0,0.0,,0.0,,9.0,-99.0,-99.0,,,,,,
111284344.0,,,,,,,FIRE,5.0,,,,,0.0,,,,,,,,,,,,,
111284344.0,,,,,,,FLOOD/TYPHOON,6.0,,,,,0.0,,,,,,,,,,,,,
111284344.0,,,,,,,DROUGHT,7.0,,,,,0.0,,,,,,,,,,,,,
111284344.0,,,,,,,EARTHQUAKE/LANDSLIDE,8.0,,,,,0.0,,,,,,,,,,,,,
111284344.0,,,,,,,FAMINE,9.0,,,,,0.0,,,,,,,,,,,,,
112294445.0,,,,,,,EPIDEMIC,1.0,,,,,0.0,,,,,,,,,,,,,
112294445.0,,,,,,,CROP INSECT/DISEASE OUTBREAK,2.0,,,,,0.0,,,,,,,,,,,,,
112294445.0,,,,,,,FIRE,3.0,,,,,0.0,,,,,,,,,,,,,
112294445.0,,,,,,,FLOOD/TYPHOON,4.0,,,,,0.0,,,,,,,,,,,,,
112294445.0,,,,,,,DROUGHT,5.0,,,,,0.0,,,,,,,,,,,,,
112294445.0,,,,,,,EARTHQUAKE/LANDSLIDE,6.0,,,,,0.0,,,,,,,,,,,,,
112294445.0,,,,,,,FAMINE,7.0,,,,,0.0,,,,,,,,,,,,,
112294445.0,,,,,,,EPIDEMIC,8.0,,,,,0.0,,,,,,,,,,,,,
112294445.0,,,,,,,CROP INSECT/DISEASE OUTBREAK,9.0,0.0,0.0,0.0,,1.0,0.0,,0.0,,9.0,-99.0,-99.0,,,,,,
112304546.0,,,,,,,FIRE,1.0,,,,,0.0,,,,,,,,,,,,,
112304546.0,,,,,,,FLOOD/TYPHOON,2.0,,,,,0.0,,,,,,,,,,,,,
112304546.0,,,,,,,DROUGHT,3.0,,,,,0.0,,,,,,,,,,,,,
112304546.0,,,,,,,EARTHQUAKE/LANDSLIDE,4.0,,,,,0.0,,,,,,,,,,,,,
112304546.0,,,,,,,FAMINE,5.0,,,,,0.0,,,,,,,,,,,,,
112304546.0,,,,,,,EPIDEMIC,6.0,,,,,0.0,,,,,,,,,,,,,
112304546.0,,,,,,,CROP INSECT/DISEASE OUTBREAK,7.0,,,,,0.0,,,,,,,,,,,,,
112304546.0,,,,,,,FIRE,8.0,,,,,0.0,,,,,,,,,,,,,
112304546.0,,,,,,,FLOOD/TYPHOON,9.0,,,,,0.0,,,,,,,,,,,,,
112304647.0,,,,,,,DROUGHT,1.0,,,,,0.0,,,,,,,,,,,,,
112304647.0,,,,,,,EARTHQUAKE/LANDSLIDE,2.0,,,,,0.0,,,,,,,,,,,,,
112304647.0,,,,,,,FAMINE,3.0,,,,,0.0,,,,,,,,,,,,,
112304647.0,,,,,,,EPIDEMIC,4.0,,,,,0.0,,,,,,,,,,,,,
112304647.0,,,,,,,CROP INSECT/DISEASE OUTBREAK,5.0,,,,,0.0,,,,,,,,,,,,,
112304647.0,,,,,,,FIRE,6.0,,,,,0.0,,,,,,,,,,,,,
112304647.0,,,,,,,FLOOD/TYPHOON,7.0,,,,,0.0,,,,,,,,,,,,,
112304647.0,,,,,,,DROUGHT,8.0,,,,,0.0,,,,,,,,,,,,,
112304647.0,,,,,,,EARTHQUAKE/LANDSLIDE,9.0,,,,,0.0,,,,,,,,,,,,,
112314748.0,,,,,,,FAMINE,1.0,,,,,0.0,,,,,,,,,,,,,
112314748.0,,,,,,,EPIDEMIC,2.0,,,,,0.0,,,,,,,,,,,,,
112314748.0,,,,,1.0,60.0,CROP INSECT/DISEASE OUTBREAK,3.0,,,,,0.0,,,,,,,,,,,,,
112314748.0,,,,,,,FIRE,4.0,,,,,0.0,,,,,,,,,,,,,
112314748.0,,,,,,,FLOOD/TYPHOON,5.0,,,,,0.0,,,,,,,,,,,,,
112314748.0,,,,,,,DROUGHT,6.0,,,,,0.0,,,,,,,,,,,,,
112314748.0,,,,,,,EARTHQUAKE/LANDSLIDE,7.0,,,,,0.0,,,,,,,,,,,,,
112314748.0,,,,,,,FAMINE,8.0,,,,,0.0,,,,,,,,,,,,,
112314748.0,,,,,,,EPIDEMIC,9.0,,,,,0.0,,,,,,,,,,,,,
213324849.0,,,,,,,CROP INSECT/DISEASE OUTBREAK,1.0,,,,,0.0,,,,,,,,,,,,,
213324849.0,,,,,,,FIRE,2.0,,,,,0.0,,,,,,,,,,,,,
213324849.0,,,,,,,FLOOD/TYPHOON,3.0,,,,,0.0,,,,,,,,,,,,,
213324849.0,,,,,,,DROUGHT,4.0,,,,,0.0,,,,,,,,,,,,,
213324849.0,,,,,,,EARTHQUAKE/LANDSLIDE,5.0,,,,,0.0,,,,,,,,,,,,,
213324849.0,,,,,,,FAMINE,6.0,,,,,0.0,,,,,,,,,,,,,
213324849.0,,,,,,,EPIDEMIC,7.0,,,,,0.0,,,,,,,,,,,,,
213324849.0,,,,,,,CROP INSECT/DISEASE OUTBREAK,8.0,,,,,0.0,,,,,,,,,,,,,
213324849.0,,,,,,,FIRE,9.0,,,,,0.0,,,,,,,,,,,,,
213324952.0,,,,,,,FLOOD/TYPHOON,1.0,,,,,0.0,,,,,,,,,,,,,
213324952.0,,,,,,,DROUGHT,2.0,,,,,0.0,,,,,,,,,,,,,
213324952.0,,,,,,,EARTHQUAKE/LANDSLIDE,3.0,,,,,0.0,,,,,,,,,,,,,
213324952.0,,,,,,,FAMINE,4.0,,,,,0.0,,,,,,,,,,,,,
213324952.0,,,,,,,EPIDEMIC,5.0,,,,,0.0,,,,,,,,,,,,,
213324952.0,,,,,,,CROP INSECT/DISEASE OUTBREAK,6.0,,,,,0.0,,,,,,,,,,,,,
213324952.0,,,,,,,FIRE,7.0,,,,,0.0,,,,,,,,,,,,,
213324952.0,,,,,,,FLOOD/TYPHOON,8.0,,,,,0.0,,,,,,,,,,,,,
213324952.0,,,,,,,DROUGHT,9.0,,,,,0.0,,,,,,,,,,,,,
213334950.0,,,,,,,EARTHQUAKE/LANDSLIDE,1.0,,,,,0.0,,,,,,,,,,,,,
213334950.0,,,,,,,FAMINE,2.0,,,,,0.0,,,,,,,,,,,,,
213334950.0,,,,,,,EPIDEMIC,3.0,,,,,0.0,,,,,,,,,,,,,
213334950.0,,,,,,,CROP INSECT/DISEASE OUTBREAK,4.0,,,,,0.0,,,,,,,,,,,,,
213334950.0,,,,,,,FIRE,5.0,,,,,0.0,,,,,,,,,,,,,
213334950.0,,,,,,,FLOOD/TYPHOON,6.0,,,,,0.0,,,,,,,,,,,,,
213334950.0,,,,,,,DROUGHT,7.0,,,,,0.0,,,,,,,,,,,,,
213334950.0,,,,,,,EARTHQUAKE/LANDSLIDE,8.0,,,,,0.0,,,,,,,,,,,,,
213334950.0,,,,,,,FAMINE,9.0,,,,,0.0,,,,,,,,,,,,,
213335051.0,,,,,,,EPIDEMIC,1.0,,,,,0.0,,,,,,,,,,,,,
213335051.0,,,,,,,CROP INSECT/DISEASE OUTBREAK,2.0,0.0,0.0,0.0,,1.0,0.0,,0.0,,9.0,10.0,-99.0,,,,,,
213335051.0,,,,,,,FIRE,3.0,,,,,0.0,,,,,,,,,,,,,
213335051.0,,,,,,,FLOOD/TYPHOON,4.0,,,,,0.0,,,,,,,,,,,,,
213335051.0,,,,,,,DROUGHT,5.0,,,,,0.0,,,,,,,,,,,,,
213335051.0,,,,,,,EARTHQUAKE/LANDSLIDE,6.0,,,,,0.0,,,,,,,,,,,,,
213335051.0,,,,,,,FAMINE,7.0,,,,,0.0,,,,,,,,,,,,,
213335051.0,,,,,,,EPIDEMIC,8.0,,,,,0.0,,,,,,,,,,,,,
213335051.0,,,,,,,CROP INSECT/DISEASE OUTBREAK,9.0,0.0,0.0,0.0,,1.0,0.0,,0.0,,8.0,9.0,10.0,,,,,,
214345253.0,,,,,,,FIRE,1.0,,,,,0.0,,,,,,,,,,,,,
214345253.0,,,,,1.0,40.0,FLOOD/TYPHOON,2.0,,,,,0.0,,,,,,,,,,,,,
214345253.0,,,,,,,DROUGHT,3.0,,,,,0.0,,,,,,,,,,,,,
214345253.0,,,,,,,EARTHQUAKE/LANDSLIDE,4.0,,,,,0.0,,,,,,,,,,,,,
214345253.0,,,,,,,FAMINE,5.0,,,,,0.0,,,,,,,,,,,,,
214345253.0,,,,,,,EPIDEMIC,6.0,,,,,0.0,,,,,,,,,,,,,
214345253.0,,,,,,,CROP INSECT/DISEASE OUTBREAK,7.0,,,,,0.0,,,,,,,,,,,,,
214345253.0,,,,,1.0,50.0,FIRE,8.0,,,,,0.0,,,,,,,,,,,,,
214345253.0,,,,,,,FLOOD/TYPHOON,9.0,,,,,0.0,,,,,,,,,,,,,
214355354.0,,,,,,,DROUGHT,1.0,,,,,0.0,,,,,,,,,,,,,
214355354.0,,,,,,,EARTHQUAKE/LANDSLIDE,2.0,,,,,0.0,,,,,,,,,,,,,
214355354.0,,,,,,,FAMINE,3.0,,,,,0.0,,,,,,,,,,,,,
214355354.0,,,,,,,EPIDEMIC,4.0,,,,,0.0,,,,,,,,,,,,,
214355354.0,,,,,,,CROP INSECT/DISEASE OUTBREAK,5.0,,,,,0.0,,,,,,,,,,,,,
214355354.0,,,,,,,FIRE,6.0,,,,,0.0,,,,,,,,,,,,,
214355354.0,,,,,,,FLOOD/TYPHOON,7.0,,,,,0.0,,,,,,,,,,,,,
214355354.0,,,,,2.0,80.0,DROUGHT,8.0,,,,,0.0,,,,,,,,,,,,,
214355354.0,,,,,,,EARTHQUAKE/LANDSLIDE,9.0,,,,,0.0,,,,,,,,,,,,,
214365455.0,,,,,,,FAMINE,1.0,,,,,0.0,,,,,,,,,,,,,
214365455.0,,,,,2.0,25.0,EPIDEMIC,2.0,,,,,0.0,,,,,,,,,,,,,
214365455.0,,,,,1.0,100.0,CROP INSECT/DISEASE OUTBREAK,3.0,0.0,0.0,0.0,,1.0,0.0,,0.0,,3.0,-99.0,-99.0,,,,,,
214365455.0,,,,,,,FIRE,4.0,0.0,0.0,0.0,,1.0,0.0,,0.0,,4.0,-99.0,-99.0,,,,,,
214365455.0,,,,,,,FLOOD/TYPHOON,5.0,,,,,0.0,,,,,,,,,,,,,
214365455.0,,,,,,,DROUGHT,6.0,,,,,0.0,,,,,,,,,,,,,
214365455.0,,,,,,,EARTHQUAKE/LANDSLIDE,7.0,,,,,0.0,,,,,,,,,,,,,
214365455.0,,,,,2.0,15.0,FAMINE,8.0,,,,,0.0,,,,,,,,,,,,,
214365455.0,,,,,,,EPIDEMIC,9.0,,,,,0.0,,,,,,,,,,,,,
214365556.0,,,,,,,CROP INSECT/DISEASE OUTBREAK,1.0,,,,,0.0,,,,,,,,,,,,,
214365556.0,,,,,,,FIRE,2.0,,,,,0.0,,,,,,,,,,,,,
214365556.0,,,,,,,FLOOD/TYPHOON,3.0,0.0,0.0,0.0,,1.0,0.0,,0.0,,8.0,9.0,10.0,,,,,,
214365556.0,,,,,,,DROUGHT,4.0,,,,,0.0,,,,,,,,,,,,,
214365556.0,,,,,,,EARTHQUAKE/LANDSLIDE,5.0,,,,,0.0,,,,,,,,,,,,,
214365556.0,,,,,,,FAMINE,6.0,,,,,0.0,,,,,,,,,,,,,
214365556.0,,,,,,,EPIDEMIC,7.0,0.0,0.0,0.0,,1.0,0.0,,0.0,,8.0,9.0,10.0,,,,,,
214365556.0,,,,,,,CROP INSECT/DISEASE OUTBREAK,8.0,,,,,1.0,,,,,6.0,7.0,8.0,,,,,,
214365556.0,,,,,,,FIRE,9.0,,,,,0.0,,,,,,,,,,,,,
215385657.0,,,,,,,FLOOD/TYPHOON,1.0,,,,,0.0,,,,,,,,,,,,,
215385657.0,,,,,,,DROUGHT,2.0,,,,,0.0,,,,,,,,,,,,,
215385657.0,,,,,,,EARTHQUAKE/LANDSLIDE,3.0,,,,,0.0,,,,,,,,,,,,,
215385657.0,,,,,,,FAMINE,4.0,,,,,0.0,,,,,,,,,,,,,
215385657.0,,,,,,,EPIDEMIC,5.0,,,,,0.0,,,,,,,,,,,,,
215385657.0,,,,,,,CROP INSECT/DISEASE OUTBREAK,6.0,,,,,1.0,,,,,1.0,2.0,3.0,,,,,,
215385657.0,,,,,,,FIRE,7.0,,,,,0.0,,,,,,,,,,,,,
215385657.0,,,,,,,FLOOD/TYPHOON,8.0,,,,,0.0,,,,,,,,,,,,,
215385657.0,,,,,,,DROUGHT,9.0,,,,,0.0,,,,,,,,,,,,,
215395758.0,,,,,,,EARTHQUAKE/LANDSLIDE,1.0,,,,,0.0,,,,,,,,,,,,,
215395758.0,,,,,,,FAMINE,2.0,,,,,0.0,,,,,,,,,,,,,
215395758.0,,,,,,,EPIDEMIC,3.0,0.0,0.0,0.0,,1.0,0.0,,0.0,,3.0,-99.0,-99.0,,,,,,
215395758.0,,,,,,,CROP INSECT/DISEASE OUTBREAK,4.0,,,,,0.0,,,,,,,,,,,,,
215395758.0,,,,,,,FIRE,5.0,,,,,0.0,,,,,,,,,,,,,
215395758.0,,,,,,,FLOOD/TYPHOON,6.0,,,,,0.0,,,,,,,,,,,,,
215395758.0,,,,,,,DROUGHT,7.0,,,,,0.0,,,,,,,,,,,,,
215395758.0,,,,,,,EARTHQUAKE/LANDSLIDE,8.0,,,,,0.0,,,,,,,,,,,,,
215395758.0,,,,,,,FAMINE,9.0,,,,,0.0,,,,,,,,,,,,,
215395859.0,,,,,,,EPIDEMIC,1.0,0.0,0.0,0.0,,1.0,0.0,,0.0,3.0,7.0,8.0,-99.0,,,,,,
215395859.0,,,,,,,CROP INSECT/DISEASE OUTBREAK,2.0,,,,,0.0,,,,,,,,,,,,,
215395859.0,,,,,,,FIRE,3.0,,,,,0.0,,,,,,,,,,,,,
215395859.0,,,,,,,FLOOD/TYPHOON,4.0,,,,,0.0,,,,,,,,,,,,,
215395859.0,,,,,,,DROUGHT,5.0,,,,,0.0,,,,,,,,,,,,,
215395859.0,,,,,,,EARTHQUAKE/LANDSLIDE,6.0,,,,,0.0,,,,,,,,,,,,,
215395859.0,,,,,,,FAMINE,7.0,,,,,0.0,,,,,,,,,,,,,
215395859.0,,,,,,,EPIDEMIC,8.0,,,,,0.0,,,,,,,,,,,,,
215395859.0,,,,,,,CROP INSECT/DISEASE OUTBREAK,9.0,,,,,0.0,,,,,,,,,,,,,
215405960.0,,,,,,,FIRE,1.0,,,,,0.0,,,,,,,,,,,,,
215405960.0,,,,,,,FLOOD/TYPHOON,2.0,,,,,0.0,,,,,,,,,,,,,
215405960.0,,,,,,,DROUGHT,3.0,,,,,0.0,,,,,,,,,,,,,
215405960.0,,,,,,,EARTHQUAKE/LANDSLIDE,4.0,,,,,0.0,,,,,,,,,,,,,
215405960.0,,,,,,,FAMINE,5.0,,,,,0.0,,,,,,,,,,,,,
215405960.0,,,,,,,EPIDEMIC,6.0,,,,,0.0,,,,,,,,,,,,,
215405960.0,,,,,,,CROP INSECT/DISEASE OUTBREAK,7.0,,,,,0.0,,,,,,,,,,,,,
215405960.0,,,,,,,FIRE,8.0,,,,,0.0,,,,,,,,,,,,,
215405960.0,,,,,,,FLOOD/TYPHOON,9.0,,,,,0.0,,,,,,,,,,,,,
216416061.0,,,,,,,DROUGHT,1.0,,,,,0.0,,,,,,,,,,,,,
216416061.0,,,,,1.0,100.0,EARTHQUAKE/LANDSLIDE,2.0,,,,,0.0,,,,,,,,,,,,,
216416061.0,,,,,,,FAMINE,3.0,,,,,0.0,,,,,,,,,,,,,
216416061.0,,,,,3.0,,EPIDEMIC,4.0,,,,,0.0,,,,,,,,,,,,,
216416061.0,,,,,,,CROP INSECT/DISEASE OUTBREAK,5.0,,,,,0.0,,,,,,,,,,,,,
216416061.0,,,,,,,FIRE,6.0,,,,,0.0,,,,,,,,,,,,,
216416061.0,,,,,,,FLOOD/TYPHOON,7.0,0.0,0.0,0.0,,1.0,0.0,,0.0,,8.0,4.0,-99.0,,,,,,
216416061.0,,,,,,,DROUGHT,8.0,,,,,0.0,,,,,,,,,,,,,
216416061.0,,,,,,,EARTHQUAKE/LANDSLIDE,9.0,,,,,0.0,,,,,,,,,,,,,
216416162.0,,,,,,,FAMINE,1.0,,,,,0.0,,,,,,,,,,,,,
216416162.0,,,,,1.0,100.0,EPIDEMIC,2.0,,,,,0.0,,,,,,,,,,,,,
216416162.0,,,,,,,CROP INSECT/DISEASE OUTBREAK,3.0,,,,,0.0,,,,,,,,,,,,,
216416162.0,,,,,3.0,,FIRE,4.0,,,,,0.0,,,,,,,,,,,,,
216416162.0,,,,,,,FLOOD/TYPHOON,5.0,,,,,0.0,,,,,,,,,,,,,
216416162.0,,,,,,,DROUGHT,6.0,0.0,0.0,0.0,,1.0,0.0,,0.0,,7.0,8.0,-99.0,,,,,,
216416162.0,,,,,,,EARTHQUAKE/LANDSLIDE,7.0,,,,,0.0,,,,,,,,,,,,,
216416162.0,,,,,,,FAMINE,8.0,,,,,0.0,,,,,,,,,,,,,
216416162.0,,,,,,,EPIDEMIC,9.0,,,,,0.0,,,,,,,,,,,,,
216426263.0,,,,,,,CROP INSECT/DISEASE OUTBREAK,1.0,,,,,0.0,,,,,,,,,,,,,
216426263.0,,,,,1.0,100.0,Hail storm,2.0,0.0,0.0,0.0,,1.0,0.0,,0.0,,2.0,-99.0,-99.0,,,,,,
216426263.0,,,,,,,FIRE,3.0,,,,,0.0,,,,,,,,,,,,,
216426263.0,,,,,,,FLOOD/TYPHOON,4.0,,,,,0.0,,,,,,,,,,,,,
216426263.0,,,,,,,DROUGHT,5.0,,,,,0.0,,,,,,,,,,,,,
216426263.0,,,,,,,EARTHQUAKE/LANDSLIDE,6.0,,,,,0.0,,,,,,,,,,,,,
216426263.0,,,,,,,FAMINE,7.0,,,,,0.0,,,,,,,,,,,,,
216426263.0,,,,,,,EPIDEMIC,8.0,,,,,0.0,,,,,,,,,,,,,
216426263.0,,,,,,,CROP INSECT/DISEASE OUTBREAK,9.0,,,,,0.0,,,,,,,,,,,,,
216436364.0,,,,,,,FIRE,1.0,,,,,0.0,,,,,,,,,,,,,
216436364.0,,,,,1.0,50.0,FLOOD/TYPHOON,2.0,,,,,0.0,,,,,,,,,,,,,
216436364.0,,,,,,,DROUGHT,3.0,,,,,0.0,,,,,,,,,,,,,
216436364.0,,,,,3.0,,EARTHQUAKE/LANDSLIDE,4.0,,,,,0.0,,,,,,,,,,,,,
216436364.0,,,,,,,FAMINE,5.0,,,,,0.0,,,,,,,,,,,,,
216436364.0,,,,,,,EPIDEMIC,6.0,,,,,0.0,,,,,,,,,,,,,
216436364.0,,,,,,,CROP INSECT/DISEASE OUTBREAK,7.0,,,,,0.0,,,,,,,,,,,,,
216436364.0,,,,,,,FIRE,8.0,,,,,0.0,,,,,,,,,,,,,
216436364.0,,,,,,,FLOOD/TYPHOON,9.0,,,,,1.0,,,,,6.0,-99.0,-99.0,,,,,,
217446465.0,,,,,,,DROUGHT,1.0,,,,,0.0,,,,,,,,,,,,,
217446465.0,,,,,3.0,,EARTHQUAKE/LANDSLIDE,2.0,,,,,0.0,,,,,,,,,,,,,
217446465.0,,,,,2.0,75.0,FAMINE,3.0,,,,,0.0,,,,,,,,,,,,,
217446465.0,,,,,,,EPIDEMIC,4.0,,,,,0.0,,,,,,,,,,,,,
217446465.0,,,,,,,CROP INSECT/DISEASE OUTBREAK,5.0,0.0,0.0,0.0,,1.0,0.0,,0.0,,8.0,-99.0,-99.0,,,,,,
217446465.0,,,,,3.0,,FIRE,6.0,,,,,0.0,,,,,,,,,,,,,
217446465.0,,,,,,,FLOOD/TYPHOON,7.0,,,,,0.0,,,,,,,,,,,,,
217446465.0,,,,,1.0,50.0,DROUGHT,8.0,,,,,0.0,,,,,,,,,,,,,
217446465.0,,,,,,,EARTHQUAKE/LANDSLIDE,9.0,,,,,0.0,,,,,,,,,,,,,
217446566.0,,,,,3.0,,FAMINE,1.0,,,,,0.0,,,,,,,,,,,,,
217446566.0,,,,,3.0,,EPIDEMIC,2.0,,,,,1.0,,,,,8.0,-99.0,-99.0,,,,,,
217446566.0,,,,,,,CROP INSECT/DISEASE OUTBREAK,3.0,,,,,0.0,,,,,,,,,,,,,
217446566.0,,,,,3.0,,,4.0,,,,,,,,,,,,,,,,,,
217446566.0,,,,,,,,5.0,,,,,,,,,,,,,,,,,,
217446566.0,,,,,,,,6.0,,,,,,,,,,,,,,,,,,
217446566.0,,,,,,,,7.0,,,,,,,,,,,,,,,,,,
217446566.0,,,,,,,,8.0,,,,,,,,,,,,,,,,,,
217446566.0,,,,,,,,9.0,,,,,,,,,,,,,,,,,,
217446667.0,,,,,,,,1.0,,,,,,,,,,,,,,,,,,
217446667.0,,,,,,,,2.0,,,,,,,,,,,,,,,,,,
217446667.0,,,,,,,,3.0,,,,,,,,,,,,,,,,,,
217446667.0,,,,,,,,4.0,,,,,,,,,,,,,,,,,,
217446667.0,,,,,,,,5.0,,,,,,,,,,,,,,,,,,
217446667.0,,,,,,,,6.0,,,,,,,,,,,,,,,,,,
217446667.0,,,,,,,,7.0,,,,,,,,,,,,,,,,,,
217446667.0,,,,,,,,8.0,,,,,,,,,,,,,,,,,,
217446667.0,,,,,,,,9.0,,,,,,,,,,,,,,,,,,
217456768.0,,,,,,,,1.0,,,,,,,,,,,,,,,,,,
217456768.0,,,,,,,,2.0,,,,,,,,,,,,,,,,,,
217456768.0,,,,,,,,3.0,,,,,,,,,,,,,,,,,,
217456768.0,,,,,,,,4.0,,,,,,,,,,,,,,,,,,
217456768.0,,,,,,,,5.0,,,,,,,,,,,,,,,,,,
217456768.0,,,,,,,,6.0,,,,,,,,,,,,,,,,,,
217456768.0,,,,,,,,7.0,,,,,,,,,,,,,,,,,,
217456768.0,,,,,,,,8.0,,,,,,,,,,,,,,,,,,
217456768.0,,,,,,,,9.0,,,,,,,,,,,,,,,,,,
318466869.0,,,,,,,,1.0,,,,,,,,,,,,,,,,,,
318466869.0,,,,,,,,2.0,,,,,,,,,,,,,,,,,,
318466869.0,,,,,,,,3.0,,,,,,,,,,,,,,,,,,
318466869.0,,,,,,,,4.0,,,,,,,,,,,,,,,,,,
318466869.0,,,,,,,,5.0,,,,,,,,,,,,,,,,,,
318466869.0,,,,,,,,6.0,,,,,,,,,,,,,,,,,,
318466869.0,,,,,,,,7.0,,,,,,,,,,,,,,,,,,
318466869.0,,,,,,,,8.0,,,,,,,,,,,,,,,,,,
318466869.0,,,,,,,,9.0,,,,,,,,,,,,,,,,,,
318466970.0,,,,,,,,1.0,,,,,,,,,,,,,,,,,,
318466970.0,,,,,,,,2.0,,,,,,,,,,,,,,,,,,
318466970.0,,,,,,,,3.0,,,,,,,,,,,,,,,,,,
318466970.0,,,,,,,,4.0,,,,,,,,,,,,,,,,,,
318466970.0,,,,,,,,5.0,,,,,,,,,,,,,,,,,,
318466970.0,,,,,,,,6.0,,,,,,,,,,,,,,,,,,
318466970.0,,,,,,,,7.0,,,,,,,,,,,,,,,,,,
318466970.0,,,,,,,,8.0,,,,,,,,,,,,,,,,,,
318466970.0,,,,,,,,9.0,,,,,,,,,,,,,,,,,,
318467071.0,,,,,,,,1.0,,,,,,,,,,,,,,,,,,
318467071.0,,,,,,,,2.0,,,,,,,,,,,,,,,,,,
318467071.0,,,,,,,,3.0,,,,,,,,,,,,,,,,,,
318467071.0,,,,,,,,4.0,,,,,,,,,,,,,,,,,,
318467071.0,,,,,,,,5.0,,,,,,,,,,,,,,,,,,
318467071.0,,,,,,,,6.0,,,,,,,,,,,,,,,,,,
318467071.0,,,,,,,,7.0,,,,,,,,,,,,,,,,,,
318467071.0,,,,,,,,8.0,,,,,,,,,,,,,,,,,,
318467071.0,,,,,,,,9.0,,,,,,,,,,,,,,,,,,
318467172.0,,,,,,,,1.0,,,,,,,,,,,,,,,,,,
318467172.0,,,,,,,,2.0,,,,,,,,,,,,,,,,,,
318467172.0,,,,,,,,3.0,,,,,,,,,,,,,,,,,,
318467172.0,,,,,,,,4.0,,,,,,,,,,,,,,,,,,
318467172.0,,,,,,,,5.0,,,,,,,,,,,,,,,,,,
318467172.0,,,,,,,,6.0,,,,,,,,,,,,,,,,,,
318467172.0,,,,,2.0,100.0,,7.0,,,,,,,,,,,,,,,,,,
318467172.0,,,,,,,,8.0,,,,,,,,,,,,,,,,,,
318467172.0,,,,,,,,9.0,,,,,,,,,,,,,,,,,,
319477273.0,,,,,,,,1.0,,,,,,,,,,,,,,,,,,
319477273.0,,,,,,,,2.0,,,,,,,,,,,,,,,,,,
319477273.0,,,,,,,,3.0,,,,,,,,,,,,,,,,,,
319477273.0,,,,,,,,4.0,,,,,,,,,,,,,,,,,,
319477273.0,,,,,,,,5.0,,,,,,,,,,,,,,,,,,
319477273.0,,,,,,,,6.0,,,,,,,,,,,,,,,,,,
319477273.0,,,,,,,,7.0,,,,,,,,,,,,,,,,,,
319477273.0,,,,,2.0,25.0,,8.0,,,,,,,,,,,,,,,,,,
319477273.0,,,,,,,,9.0,,,,,,,,,,,,,,,,,,
319477274.0,,,,,,,,1.0,,,,,,,,,,,,,,,,,,
319477274.0,,,,,,,,2.0,,,,,,,,,,,,,,,,,,
319477274.0,,,,,,,,3.0,,,,,,,,,,,,,,,,,,
319477274.0,,,,,,,,4.0,,,,,,,,,,,,,,,,,,
319477274.0,,,,,,,,5.0,,,,,,,,,,,,,,,,,,
319477274.0,,,,,,,,6.0,,,,,,,,,,,,,,,,,,
319477274.0,,,,,,,,7.0,,,,,,,,,,,,,,,,,,
319477274.0,,,,,,,,8.0,,,,,,,,,,,,,,,,,,
319477274.0,,,,,,,,9.0,,,,,,,,,,,,,,,,,,
319477374.0,,,,,,,,1.0,,,,,,,,,,,,,,,,,,
319477374.0,,,,,,,,2.0,,,,,,,,,,,,,,,,,,
319477374.0,,,,,,,,3.0,,,,,,,,,,,,,,,,,,
319477374.0,,,,,,,,4.0,,,,,,,,,,,,,,,,,,
319477374.0,,,,,,,,5.0,,,,,,,,,,,,,,,,,,
319477374.0,,,,,,,,6.0,,,,,,,,,,,,,,,,,,
319477374.0,,,,,,,,7.0,,,,,,,,,,,,,,,,,,
319477374.0,,,,,1.0,30.0,,8.0,,,,,,,,,,,,,,,,,,
319477374.0,,,,,,,,9.0,,,,,,,,,,,,,,,,,,
319487476.0,,,,,,,,1.0,,,,,,,,,,,,,,,,,,
319487476.0,,,,,,,,2.0,,,,,,,,,,,,,,,,,,
319487476.0,,,,,,,,3.0,,,,,,,,,,,,,,,,,,
319487476.0,,,,,,,,4.0,,,,,,,,,,,,,,,,,,
319487476.0,,,,,,,,5.0,,,,,,,,,,,,,,,,,,
319487476.0,,,,,,,,6.0,,,,,,,,,,,,,,,,,,
319487476.0,,,,,,,,7.0,,,,,,,,,,,,,,,,,,
319487476.0,,,,,,,,8.0,,,,,,,,,,,,,,,,,,
319487476.0,,,,,,,,9.0,,,,,,,,,,,,,,,,,,
215395758.0,,,,,,,,1.0,,,,,,,,,,,,,,,,,,
215395758.0,,,,,,,,2.0,,,,,,,,,,,,,,,,,,
215395758.0,,,,,,,,3.0,,,,,,,,,,,,,,,,,,
215395758.0,,,,,,,,4.0,,,,,,,,,,,,,,,,,,
215395758.0,,,,,,,,5.0,,,,,,,,,,,,,,,,,,
215395758.0,,,,,,,,6.0,,,,,,,,,,,,,,,,,,
215395758.0,,,,,2.0,70.0,,7.0,,,,,,,,,,,,,,,,,,
213324952.0,,,,,,,,1.0,,,,,,,,,,,,,,,,,,
213324952.0,,,,,2.0,70.0,,2.0,,,,,,,,,,,,,,,,,,
213324952.0,,,,,,,,3.0,,,,,,,,,,,,,,,,,,
213324952.0,,,,,,,,4.0,,,,,,,,,,,,,,,,,,
213324952.0,,,,,,,,5.0,,,,,,,,,,,,,,,,,,
213324952.0,,,,,,,,6.0,,,,,,,,,,,,,,,,,,
213324952.0,,,,,,,,7.0,,,,,,,,,,,,,,,,,,
102030405.0,,,,,,,,1.0,,,,,,,,,,,,,,,,,,
102030405.0,,,,,,,,2.0,,,,,,,,,,,,,,,,,,
102030405.0,,,,,,,,3.0,,,,,,,,,,,,,,,,,,
102030405.0,,,,,,,,4.0,,,,,,,,,,,,,,,,,,
102030405.0,,,,,,,,5.0,,,,,,,,,,,,,,,,,,
102030405.0,,,,,,,,6.0,,,,,,,,,,,,,,,,,,
102030405.0,,,,,,,,7.0,,,,,,,,,,,,,,,,,,
105111819.0,,,,,,,,1.0,,,,,,,,,,,,,,,,,,
105111819.0,,,,,,,,2.0,,,,,,,,,,,,,,,,,,
105111819.0,,,,,,,,3.0,,,,,,,,,,,,,,,,,,
105111819.0,,,,,,,,4.0,,,,,,,,,,,,,,,,,,
105111819.0,,,,,,,,5.0,,,,,,,,,,,,,,,,,,
105111819.0,,,,,,,,6.0,,,,,,,,,,,,,,,,,,
105111819.0,,,,,2.0,20.0,,7.0,,,,,,,,,,,,,,,,,,
105121920.0,,,,,,,,1.0,,,,,,,,,,,,,,,,,,
105121920.0,,,,,,,,2.0,,,,,,,,,,,,,,,,,,
105121920.0,,,,,,,,3.0,,,,,,,,,,,,,,,,,,
105121920.0,,,,,,,,4.0,,,,,,,,,,,,,,,,,,
105121920.0,,,,,,,,5.0,,,,,,,,,,,,,,,,,,
105121920.0,,,,,,,,6.0,,,,,,,,,,,,,,,,,,
105121920.0,,,,,,,,7.0,,,,,,,,,,,,,,,,,,
107162526.0,,,,,,,,1.0,,,,,,,,,,,,,,,,,,
107162526.0,,,,,2.0,10.0,,2.0,,,,,,,,,,,,,,,,,,
107162526.0,,,,,,,,3.0,,,,,,,,,,,,,,,,,,
107162526.0,,,,,,,,4.0,,,,,,,,,,,,,,,,,,
107162526.0,,,,,,,,5.0,,,,,,,,,,,,,,,,,,
107162526.0,,,,,,,,6.0,,,,,,,,,,,,,,,,,,
107162526.0,,,,,,,,7.0,,,,,,,,,,,,,,,,,,
104081415.0,,,,,,,,1.0,,,,,,,,,,,,,,,,,,
104081415.0,,,,,,,,2.0,,,,,,,,,,,,,,,,,,
104081415.0,,,,,,,,3.0,,,,,,,,,,,,,,,,,,
104081415.0,,,,,,,,4.0,,,,,,,,,,,,,,,,,,
104081415.0,,,,,,,,5.0,,,,,,,,,,,,,,,,,,
104081415.0,,,,,1.0,75.0,,6.0,,,,,,,,,,,,,,,,,,
104081415.0,,,,,,,,7.0,,,,,,,,,,,,,,,,,,
104091516.0,,,,,,,,1.0,,,,,,,,,,,,,,,,,,
104091516.0,,,,,,,,2.0,,,,,,,,,,,,,,,,,,
104091516.0,,,,,,,,3.0,,,,,,,,,,,,,,,,,,
104091516.0,,,,,,,,4.0,,,,,,,,,,,,,,,,,,
104091516.0,,,,,,,,5.0,,,,,,,,,,,,,,,,,,
104091516.0,,,,,,,,6.0,,,,,,,,,,,,,,,,,,
104091516.0,,,,,2.0,12.0,,7.0,,,,,,,,,,,,,,,,,,
101010101.0,,,,,,,,1.0,,,,,,,,,,,,,,,,,,
101010101.0,,,,,,,,2.0,,,,,,,,,,,,,,,,,,
101010101.0,,,,,,,,3.0,,,,,,,,,,,,,,,,,,
101010101.0,,,,,,,,4.0,,,,,,,,,,,,,,,,,,
101010101.0,,,,,,,,5.0,,,,,,,,,,,,,,,,,,
101010101.0,,,,,,,,6.0,,,,,,,,,,,,,,,,,,
101010101.0,,,,,,,,7.0,,,,,,,,,,,,,,,,,,
217446566.0,,,,,,,,1.0,,,,,,,,,,,,,,,,,,
217446566.0,,,,,,,,2.0,,,,,,,,,,,,,,,,,,
217446566.0,,,,,,,,3.0,,,,,,,,,,,,,,,,,,
217446566.0,,,,,,,,4.0,,,,,,,,,,,,,,,,,,
217446566.0,,,,,,,,5.0,,,,,,,,,,,,,,,,,,
217446566.0,,,,,,,,6.0,,,,,,,,,,,,,,,,,,
217446566.0,,,,,,,,7.0,,,,,,,,,,,,,,,,,,
318466970.0,,,,,,,,1.0,,,,,,,,,,,,,,,,,,
318466970.0,,,,,1.0,100.0,,2.0,,,,,,,,,,,,,,,,,,
318466970.0,,,,,,,,3.0,,,,,,,,,,,,,,,,,,
318466970.0,,,,,,,,4.0,,,,,,,,,,,,,,,,,,
318466970.0,,,,,,,,5.0,,,,,,,,,,,,,,,,,,
318466970.0,,,,,,,,6.0,,,,,,,,,,,,,,,,,,
318466970.0,,,,,,,,7.0,,,,,,,,,,,,,,,,,,
318467172.0,,,,,,,,1.0,,,,,,,,,,,,,,,,,,
318467172.0,,,,,,,,2.0,,,,,,,,,,,,,,,,,,
318467172.0,,,,,,,,3.0,,,,,,,,,,,,,,,,,,
318467172.0,,,,,,,,4.0,,,,,,,,,,,,,,,,,,
318467172.0,,,,,,,,5.0,,,,,,,,,,,,,,,,,,
318467172.0,,,,,,,,6.0,,,,,,,,,,,,,,,,,,
318467172.0,,,,,,,,7.0,,,,,,,,,,,,,,,,,,
217456768.0,,,,,,,,1.0,,,,,,,,,,,,,,,,,,
217456768.0,,,,,,,,2.0,,,,,,,,,,,,,,,,,,
217456768.0,,,,,,,,3.0,,,,,,,,,,,,,,,,,,
217456768.0,,,,,,,,4.0,,,,,,,,,,,,,,,,,,
217456768.0,,,,,,,,5.0,,,,,,,,,,,,,,,,,,
217456768.0,,,,,,,,6.0,,,,,,,,,,,,,,,,,,
217456768.0,,,,,,,,7.0,,,,,,,,,,,,,,,,,,
112314748.0,,,,,,,,1.0,,,,,,,,,,,,,,,,,,
112314748.0,,,,,,,,2.0,,,,,,,,,,,,,,,,,,
112314748.0,,,,,,,,3.0,,,,,,,,,,,,,,,,,,
112314748.0,,,,,,,,4.0,,,,,,,,,,,,,,,,,,
112314748.0,,,,,,,,5.0,,,,,,,,,,,,,,,,,,
112314748.0,,,,,,,,6.0,,,,,,,,,,,,,,,,,,
112314748.0,,,,,3.0,,,7.0,,,,,,,,,,,,,,,,,,
213324950.0,,,,,,,,1.0,,,,,,,,,,,,,,,,,,
213324950.0,,,,,,,,2.0,,,,,,,,,,,,,,,,,,
213324950.0,,,,,,,,3.0,,,,,,,,,,,,,,,,,,
213324950.0,,,,,,,,4.0,,,,,,,,,,,,,,,,,,
213324950.0,,,,,,,,5.0,,,,,,,,,,,,,,,,,,
213324950.0,,,,,,,,6.0,,,,,,,,,,,,,,,,,,
213324950.0,,,,,,,,7.0,,,,,,,,,,,,,,,,,,
213324849.0,,,,,,,,1.0,,,,,,,,,,,,,,,,,,
213324849.0,,,,,1.0,90.0,,2.0,,,,,,,,,,,,,,,,,,
213324849.0,,,,,,,,3.0,,,,,,,,,,,,,,,,,,
213324849.0,,,,,,,,4.0,,,,,,,,,,,,,,,,,,
213324849.0,,,,,,,,5.0,,,,,,,,,,,,,,,,,,
213324849.0,,,,,,,,6.0,,,,,,,,,,,,,,,,,,
213324849.0,,,,,,,,7.0,,,,,,,,,,,,,,,,,,
112304546.0,,,,,,,,1.0,,,,,,,,,,,,,,,,,,
112304546.0,,,,,,,,2.0,,,,,,,,,,,,,,,,,,
112304546.0,,,,,,,,3.0,,,,,,,,,,,,,,,,,,
112304546.0,,,,,,,,4.0,,,,,,,,,,,,,,,,,,
112304546.0,,,,,,,,5.0,,,,,,,,,,,,,,,,,,
112304546.0,,,,,,,,6.0,,,,,,,,,,,,,,,,,,
112304546.0,,,,,3.0,,,7.0,,,,,,,,,,,,,,,,,,
217446465.0,,,,,,,,1.0,,,,,,,,,,,,,,,,,,
217446465.0,,,,,,,,2.0,,,,,,,,,,,,,,,,,,
217446465.0,,,,,,,,3.0,,,,,,,,,,,,,,,,,,
217446465.0,,,,,,,,4.0,,,,,,,,,,,,,,,,,,
217446465.0,,,,,,,,5.0,,,,,,,,,,,,,,,,,,
217446465.0,,,,,,,,6.0,,,,,,,,,,,,,,,,,,
217446465.0,,,,,,,,7.0,,,,,,,,,,,,,,,,,,
214345253.0,,,,,,,,1.0,,,,,,,,,,,,,,,,,,
214345253.0,,,,,,,,2.0,,,,,,,,,,,,,,,,,,
214345253.0,,,,,,,,3.0,,,,,,,,,,,,,,,,,,
214345253.0,,,,,,,,4.0,,,,,,,,,,,,,,,,,,
214345253.0,,,,,,,,5.0,,,,,,,,,,,,,,,,,,
214345253.0,,,,,,,,6.0,,,,,,,,,,,,,,,,,,
214345253.0,,,,,1.0,75.0,,7.0,,,,,,,,,,,,,,,,,,
215395859.0,,,,,,,,1.0,,,,,,,,,,,,,,,,,,
215395859.0,,,,,,,,2.0,,,,,,,,,,,,,,,,,,
215395859.0,,,,,,,,3.0,,,,,,,,,,,,,,,,,,
215395859.0,,,,,,,,4.0,,,,,,,,,,,,,,,,,,
215395859.0,,,,,,,,5.0,,,,,,,,,,,,,,,,,,
215395859.0,,,,,,,,6.0,,,,,,,,,,,,,,,,,,
215395859.0,,,,,2.0,40.0,,7.0,,,,,,,,,,,,,,,,,,
215405960.0,,,,,,,,1.0,,,,,,,,,,,,,,,,,,
215405960.0,,,,,,,,2.0,,,,,,,,,,,,,,,,,,
215405960.0,,,,,,,,3.0,,,,,,,,,,,,,,,,,,
215405960.0,,,,,,,,4.0,,,,,,,,,,,,,,,,,,
215405960.0,,,,,,,,5.0,,,,,,,,,,,,,,,,,,
215405960.0,,,,,,,,6.0,,,,,,,,,,,,,,,,,,
215405960.0,,,,,2.0,70.0,,7.0,,,,,,,,,,,,,,,,,,
318466869.0,,,,,,,,1.0,,,,,,,,,,,,,,,,,,
318466869.0,,,,,,,,2.0,,,,,,,,,,,,,,,,,,
318466869.0,,,,,,,,3.0,,,,,,,,,,,,,,,,,,
318466869.0,,,,,,,,4.0,,,,,,,,,,,,,,,,,,
318466869.0,,,,,,,,5.0,,,,,,,,,,,,,,,,,,
318466869.0,,,,,,,,6.0,,,,,,,,,,,,,,,,,,
318466869.0,,,,,,,,7.0,,,,,,,,,,,,,,,,,,
214365455.0,,,,,,,,1.0,,,,,,,,,,,,,,,,,,
214365455.0,,,,,,,,2.0,,,,,,,,,,,,,,,,,,
214365455.0,,,,,,,,3.0,,,,,,,,,,,,,,,,,,
214365455.0,,,,,,,,4.0,,,,,,,,,,,,,,,,,,
214365455.0,,,,,,,,5.0,,,,,,,,,,,,,,,,,,
214365455.0,,,,,,,,6.0,,,,,,,,,,,,,,,,,,
214365455.0,,,,,,,,7.0,,,,,,,,,,,,,,,,,,
217446667.0,,,,,,,,1.0,,,,,,,,,,,,,,,,,,
217446667.0,,,,,,,,2.0,,,,,,,,,,,,,,,,,,
217446667.0,,,,,,,,3.0,,,,,,,,,,,,,,,,,,
217446667.0,,,,,,,,4.0,,,,,,,,,,,,,,,,,,
217446667.0,,,,,,,,5.0,,,,,,,,,,,,,,,,,,
217446667.0,,,,,,,,6.0,,,,,,,,,,,,,,,,,,
217446667.0,,,,,,,,7.0,,,,,,,,,,,,,,,,,,
104081213.0,,,,,,,,1.0,,,,,,,,,,,,,,,,,,
104081213.0,,,,,,,,2.0,,,,,,,,,,,,,,,,,,
104081213.0,,,,,,,,3.0,,,,,,,,,,,,,,,,,,
104081213.0,,,,,,,,4.0,,,,,,,,,,,,,,,,,,
104081213.0,,,,,,,,5.0,,,,,,,,,,,,,,,,,,
104081213.0,,,,,,,,6.0,,,,,,,,,,,,,,,,,,
104081213.0,,,,,,,,7.0,,,,,,,,,,,,,,,,,,
101020304.0,,,,,,,,1.0,,,,,,,,,,,,,,,,,,
101020304.0,,,,,,,,2.0,,,,,,,,,,,,,,,,,,
101020304.0,,,,,,,,3.0,,,,,,,,,,,,,,,,,,
101020304.0,,,,,,,,4.0,,,,,,,,,,,,,,,,,,
101020304.0,,,,,,,,5.0,,,,,,,,,,,,,,,,,,
101020304.0,,,,,,,,6.0,,,,,,,,,,,,,,,,,,
101020304.0,,,,,,,,7.0,,,,,,,,,,,,,,,,,,
101020304.0,,,,,1.0,70.0,,8.0,,,,,,,,,,,,,,,,,,
104081314.0,,,,,,,,1.0,,,,,,,,,,,,,,,,,,
104081314.0,,,,,,,,2.0,,,,,,,,,,,,,,,,,,
104081314.0,,,,,,,,3.0,,,,,,,,,,,,,,,,,,
104081314.0,,,,,,,,4.0,,,,,,,,,,,,,,,,,,
104081314.0,,,,,,,,5.0,,,,,,,,,,,,,,,,,,
104081314.0,,,,,,,,6.0,,,,,,,,,,,,,,,,,,
104081314.0,,,,,,,,7.0,,,,,,,,,,,,,,,,,,
102030607.0,,,,,,,,1.0,,,,,,,,,,,,,,,,,,
102030607.0,,,,,,,,2.0,,,,,,,,,,,,,,,,,,
102030607.0,,,,,,,,3.0,,,,,,,,,,,,,,,,,,
102030607.0,,,,,,,,4.0,,,,,,,,,,,,,,,,,,
102030607.0,,,,,,,,5.0,,,,,,,,,,,,,,,,,,
102030607.0,,,,,,,,6.0,,,,,,,,,,,,,,,,,,
102030607.0,,,,,,,,7.0,,,,,,,,,,,,,,,,,,
102040708.0,,,,,,,,1.0,,,,,,,,,,,,,,,,,,
102040708.0,,,,,,,,2.0,,,,,,,,,,,,,,,,,,
102040708.0,,,,,,,,3.0,,,,,,,,,,,,,,,,,,
102040708.0,,,,,,,,4.0,,,,,,,,,,,,,,,,,,
102040708.0,,,,,,,,5.0,,,,,,,,,,,,,,,,,,
102040708.0,,,,,,,,6.0,,,,,,,,,,,,,,,,,,
102040708.0,,,,,,,,7.0,,,,,,,,,,,,,,,,,,
102030506.0,,,,,,,,1.0,,,,,,,,,,,,,,,,,,
102030506.0,,,,,,,,2.0,,,,,,,,,,,,,,,,,,
102030506.0,,,,,,,,3.0,,,,,,,,,,,,,,,,,,
102030506.0,,,,,,,,4.0,,,,,,,,,,,,,,,,,,
102030506.0,,,,,,,,5.0,,,,,,,,,,,,,,,,,,
102030506.0,,,,,,,,6.0,,,,,,,,,,,,,,,,,,
102030506.0,,,,,,,,7.0,,,,,,,,,,,,,,,,,,
106132021.0,,,,,,,,1.0,,,,,,,,,,,,,,,,,,
106132021.0,,,,,,,,2.0,,,,,,,,,,,,,,,,,,
106132021.0,,,,,,,,3.0,,,,,,,,,,,,,,,,,,
106132021.0,,,,,,,,4.0,,,,,,,,,,,,,,,,,,
106132021.0,,,,,,,,5.0,,,,,,,,,,,,,,,,,,
106132021.0,,,,,,,,6.0,,,,,,,,,,,,,,,,,,
106132021.0,,,,,,,,7.0,,,,,,,,,,,,,,,,,,
112304647.0,,,,,,,,1.0,,,,,,,,,,,,,,,,,,
112304647.0,,,,,,,,2.0,,,,,,,,,,,,,,,,,,
112304647.0,,,,,,,,3.0,,,,,,,,,,,,,,,,,,
112304647.0,,,,,,,,4.0,,,,,,,,,,,,,,,,,,
112304647.0,,,,,,,,5.0,,,,,,,,,,,,,,,,,,
112304647.0,,,,,,,,6.0,,,,,,,,,,,,,,,,,,
112304647.0,,,,,3.0,,,7.0,,,,,,,,,,,,,,,,,,
103050809.0,,,,,,,,1.0,,,,,,,,,,,,,,,,,,
103050809.0,,,,,,,,2.0,,,,,,,,,,,,,,,,,,
103050809.0,,,,,,,,3.0,,,,,,,,,,,,,,,,,,
103050809.0,,,,,,,,4.0,,,,,,,,,,,,,,,,,,
103050809.0,,,,,,,,5.0,,,,,,,,,,,,,,,,,,
103050809.0,,,,,,,,6.0,,,,,,,,,,,,,,,,,,
103050809.0,,,,,,,,7.0,,,,,,,,,,,,,,,,,,
105101718.0,,,,,,,,1.0,,,,,,,,,,,,,,,,,,
105101718.0,,,,,,,,2.0,,,,,,,,,,,,,,,,,,
105101718.0,,,,,,,,3.0,,,,,,,,,,,,,,,,,,
105101718.0,,,,,,,,4.0,,,,,,,,,,,,,,,,,,
105101718.0,,,,,,,,5.0,,,,,,,,,,,,,,,,,,
105101718.0,,,,,,,,6.0,,,,,,,,,,,,,,,,,,
105101718.0,,,,,,,,7.0,,,,,,,,,,,,,,,,,,
110243839.0,,,,,,,,1.0,,,,,,,,,,,,,,,,,,
110243839.0,,,,,,,,2.0,,,,,,,,,,,,,,,,,,
110243839.0,,,,,,,,3.0,,,,,,,,,,,,,,,,,,
110243839.0,,,,,,,,4.0,,,,,,,,,,,,,,,,,,
110243839.0,,,,,,,,5.0,,,,,,,,,,,,,,,,,,
110243839.0,,,,,,,,6.0,,,,,,,,,,,,,,,,,,
110243839.0,,,,,,,,7.0,,,,,,,,,,,,,,,,,,
110243738.0,,,,,,,,1.0,,,,,,,,,,,,,,,,,,
110243738.0,,,,,,,,2.0,,,,,,,,,,,,,,,,,,
110243738.0,,,,,,,,3.0,,,,,,,,,,,,,,,,,,
110243738.0,,,,,,,,4.0,,,,,,,,,,,,,,,,,,
110243738.0,,,,,,,,5.0,,,,,,,,,,,,,,,,,,
110243738.0,,,,,,,,6.0,,,,,,,,,,,,,,,,,,
110243738.0,,,,,,,,7.0,,,,,,,,,,,,,,,,,,
109233435.0,,,,,,,,1.0,,,,,,,,,,,,,,,,,,
109233435.0,,,,,,,,2.0,,,,,,,,,,,,,,,,,,
109233435.0,,,,,,,,3.0,,,,,,,,,,,,,,,,,,
109233435.0,,,,,,,,4.0,,,,,,,,,,,,,,,,,,
109233435.0,,,,,,,,5.0,,,,,,,,,,,,,,,,,,
109233435.0,,,,,,,,6.0,,,,,,,,,,,,,,,,,,
109233435.0,,,,,,,,7.0,,,,,,,,,,,,,,,,,,
110253940.0,,,,,,,,1.0,,,,,,,,,,,,,,,,,,
110253940.0,,,,,,,,2.0,,,,,,,,,,,,,,,,,,
110253940.0,,,,,,,,3.0,,,,,,,,,,,,,,,,,,
110253940.0,,,,,,,,4.0,,,,,,,,,,,,,,,,,,
110253940.0,,,,,,,,5.0,,,,,,,,,,,,,,,,,,
110253940.0,,,,,,,,6.0,,,,,,,,,,,,,,,,,,
110253940.0,,,,,,,,7.0,,,,,,,,,,,,,,,,,,
216416061.0,,,,,,,,1.0,,,,,,,,,,,,,,,,,,
216416061.0,,,,,,,,2.0,,,,,,,,,,,,,,,,,,
216416061.0,,,,,,,,3.0,,,,,,,,,,,,,,,,,,
216416061.0,,,,,,,,4.0,,,,,,,,,,,,,,,,,,
216416061.0,,,,,,,,5.0,,,,,,,,,,,,,,,,,,
216416061.0,,,,,,,,6.0,,,,,,,,,,,,,,,,,,
216416061.0,,,,,,,,7.0,,,,,,,,,,,,,,,,,,
216416162.0,,,,,,,,1.0,,,,,,,,,,,,,,,,,,
216416162.0,,,,,,,,2.0,,,,,,,,,,,,,,,,,,
216416162.0,,,,,,,,3.0,,,,,,,,,,,,,,,,,,
216416162.0,,,,,,,,4.0,,,,,,,,,,,,,,,,,,
216416162.0,,,,,,,,5.0,,,,,,,,,,,,,,,,,,
216416162.0,,,,,,,,6.0,,,,,,,,,,,,,,,,,,
216416162.0,,,,,,,,7.0,,,,,,,,,,,,,,,,,,
216426263.0,,,,,,,,1.0,,,,,,,,,,,,,,,,,,
216426263.0,,,,,,,,2.0,,,,,,,,,,,,,,,,,,
216426263.0,,,,,,,,3.0,,,,,,,,,,,,,,,,,,
216426263.0,,,,,,,,4.0,,,,,,,,,,,,,,,,,,
216426263.0,,,,,,,,5.0,,,,,,,,,,,,,,,,,,
216426263.0,,,,,,,,6.0,,,,,,,,,,,,,,,,,,
216426263.0,,,,,,,,7.0,,,,,,,,,,,,,,,,,,
214375556.0,,,,,,,,1.0,,,,,,,,,,,,,,,,,,
214375556.0,,,,,,,,2.0,,,,,,,,,,,,,,,,,,
214375556.0,,,,,,,,3.0,,,,,,,,,,,,,,,,,,
214375556.0,,,,,,,,4.0,,,,,,,,,,,,,,,,,,
214375556.0,,,,,,,,5.0,,,,,,,,,,,,,,,,,,
214375556.0,,,,,,,,6.0,,,,,,,,,,,,,,,,,,
214375556.0,,,,,,,,7.0,,,,,,,,,,,,,,,,,,
214375556.0,,,,,1.0,80.0,,9.0,,,,,,,,,,,,,,,,,,
318467071.0,,,,,,,,1.0,,,,,,,,,,,,,,,,,,
318467071.0,,,,,,,,2.0,,,,,,,,,,,,,,,,,,
318467071.0,,,,,,,,3.0,,,,,,,,,,,,,,,,,,
318467071.0,,,,,,,,4.0,,,,,,,,,,,,,,,,,,
318467071.0,,,,,,,,5.0,,,,,,,,,,,,,,,,,,
318467071.0,,,,,,,,6.0,,,,,,,,,,,,,,,,,,
318467071.0,,,,,,,,7.0,,,,,,,,,,,,,,,,,,
319477273.0,,,,,,,,1.0,,,,,,,,,,,,,,,,,,
319477273.0,,,,,,,,2.0,,,,,,,,,,,,,,,,,,
319477273.0,,,,,,,,3.0,,,,,,,,,,,,,,,,,,
319477273.0,,,,,,,,4.0,,,,,,,,,,,,,,,,,,
319477273.0,,,,,,,,5.0,,,,,,,,,,,,,,,,,,
319477273.0,,,,,,,,6.0,,,,,,,,,,,,,,,,,,
319477273.0,,,,,,,,7.0,,,,,,,,,,,,,,,,,,
107152425.0,,,,,3.0,,,1.0,,,,,,,,,,,,,,,,,,
107152425.0,,,,,,,,2.0,,,,,,,,,,,,,,,,,,
107152425.0,,,,,,,,3.0,,,,,,,,,,,,,,,,,,
107152425.0,,,,,,,,4.0,,,,,,,,,,,,,,,,,,
107152425.0,,,,,,,,5.0,,,,,,,,,,,,,,,,,,
107152425.0,,,,,,,,6.0,,,,,,,,,,,,,,,,,,
107152425.0,,,,,1.0,15.0,,7.0,,,,,,,,,,,,,,,,,,
319487476.0,,,,,,,,1.0,,,,,,,,,,,,,,,,,,
319487476.0,,,,,,,,2.0,,,,,,,,,,,,,,,,,,
319487476.0,,,,,,,,3.0,,,,,,,,,,,,,,,,,,
319487476.0,,,,,,,,4.0,,,,,,,,,,,,,,,,,,
319487476.0,,,,,,,,5.0,,,,,,,,,,,,,,,,,,
319487476.0,,,,,,,,6.0,,,,,,,,,,,,,,,,,,
319487476.0,,,,,,,,7.0,,,,,,,,,,,,,,,,,,
108203031.0,,,,,,,,1.0,,,,,,,,,,,,,,,,,,
108203031.0,,,,,,,,2.0,,,,,,,,,,,,,,,,,,
108203031.0,,,,,,,,3.0,,,,,,,,,,,,,,,,,,
108203031.0,,,,,,,,4.0,,,,,,,,,,,,,,,,,,
108203031.0,,,,,,,,5.0,,,,,,,,,,,,,,,,,,
108203031.0,,,,,,,,6.0,,,,,,,,,,,,,,,,,,
108203031.0,,,,,2.0,10.0,,7.0,,,,,,,,,,,,,,,,,,
108213132.0,,,,,,,,1.0,,,,,,,,,,,,,,,,,,
108213132.0,,,,,,,,2.0,,,,,,,,,,,,,,,,,,
108213132.0,,,,,,,,3.0,,,,,,,,,,,,,,,,,,
108213132.0,,,,,,,,4.0,,,,,,,,,,,,,,,,,,
108213132.0,,,,,,,,5.0,,,,,,,,,,,,,,,,,,
108213132.0,,,,,,,,6.0,,,,,,,,,,,,,,,,,,
108213132.0,,,,,,,,7.0,,,,,,,,,,,,,,,,,,
109223233.0,,,,,,,,1.0,,,,,,,,,,,,,,,,,,
109223233.0,,,,,,,,2.0,,,,,,,,,,,,,,,,,,
109223233.0,,,,,,,,3.0,,,,,,,,,,,,,,,,,,
109223233.0,,,,,,,,4.0,,,,,,,,,,,,,,,,,,
109223233.0,,,,,,,,5.0,,,,,,,,,,,,,,,,,,
109223233.0,,,,,,,,6.0,,,,,,,,,,,,,,,,,,
109223233.0,,,,,,,,7.0,,,,,,,,,,,,,,,,,,
109233536.0,,,,,,,,1.0,,,,,,,,,,,,,,,,,,
109233536.0,,,,,,,,2.0,,,,,,,,,,,,,,,,,,
109233536.0,,,,,,,,3.0,,,,,,,,,,,,,,,,,,
109233536.0,,,,,,,,4.0,,,,,,,,,,,,,,,,,,
109233536.0,,,,,,,,5.0,,,,,,,,,,,,,,,,,,
109233536.0,,,,,,,,6.0,,,,,,,,,,,,,,,,,,
109233536.0,,,,,,,,7.0,,,,,,,,,,,,,,,,,,
111274142.0,,,,,,,,1.0,,,,,,,,,,,,,,,,,,
111274142.0,,,,,,,,2.0,,,,,,,,,,,,,,,,,,
111274142.0,,,,,,,,3.0,,,,,,,,,,,,,,,,,,
111274142.0,,,,,,,,4.0,,,,,,,,,,,,,,,,,,
111274142.0,,,,,,,,5.0,,,,,,,,,,,,,,,,,,
111274142.0,,,,,,,,6.0,,,,,,,,,,,,,,,,,,
111274142.0,,,,,,,,7.0,,,,,,,,,,,,,,,,,,
111274243.0,,,,,,,,1.0,,,,,,,,,,,,,,,,,,
111274243.0,,,,,,,,2.0,,,,,,,,,,,,,,,,,,
111274243.0,,,,,,,,3.0,,,,,,,,,,,,,,,,,,
111274243.0,,,,,,,,4.0,,,,,,,,,,,,,,,,,,
111274243.0,,,,,,,,5.0,,,,,,,,,,,,,,,,,,
111274243.0,,,,,,,,6.0,,,,,,,,,,,,,,,,,,
111274243.0,,,,,,,,7.0,,,,,,,,,,,,,,,,,,
106132122.0,,,,,,,,1.0,,,,,,,,,,,,,,,,,,
106132122.0,,,,,,,,2.0,,,,,,,,,,,,,,,,,,
106132122.0,,,,,,,,3.0,,,,,,,,,,,,,,,,,,
106132122.0,,,,,,,,4.0,,,,,,,,,,,,,,,,,,
106132122.0,,,,,,,,5.0,,,,,,,,,,,,,,,,,,
106132122.0,,,,,,,,6.0,,,,,,,,,,,,,,,,,,
106132122.0,,,,,,,,7.0,,,,,,,,,,,,,,,,,,
319477274.0,,,,,,,,1.0,,,,,,,,,,,,,,,,,,
319477274.0,,,,,,,,2.0,,,,,,,,,,,,,,,,,,
319477274.0,,,,,,,,3.0,,,,,,,,,,,,,,,,,,
319477274.0,,,,,,,,4.0,,,,,,,,,,,,,,,,,,
319477274.0,,,,,,,,5.0,,,,,,,,,,,,,,,,,,
319477274.0,,,,,,,,6.0,,,,,,,,,,,,,,,,,,
319477274.0,,,,,,,,7.0,,,,,,,,,,,,,,,,,,
106142223.0,,,,,,,,1.0,,,,,,,,,,,,,,,,,,
106142223.0,,,,,,,,2.0,,,,,,,,,,,,,,,,,,
106142223.0,,,,,,,,3.0,,,,,,,,,,,,,,,,,,
106142223.0,,,,,,,,4.0,,,,,,,,,,,,,,,,,,
106142223.0,,,,,,,,5.0,,,,,,,,,,,,,,,,,,
106142223.0,,,,,,,,6.0,,,,,,,,,,,,,,,,,,
106142223.0,,,,,2.0,40.0,,7.0,,,,,,,,,,,,,,,,,,
215385657.0,,,,,,,,1.0,,,,,,,,,,,,,,,,,,
215385657.0,,,,,,,,2.0,,,,,,,,,,,,,,,,,,
215385657.0,,,,,,,,3.0,,,,,,,,,,,,,,,,,,
215385657.0,,,,,,,,4.0,,,,,,,,,,,,,,,,,,
215385657.0,,,,,,,,5.0,,,,,,,,,,,,,,,,,,
215385657.0,,,,,,,,6.0,,,,,,,,,,,,,,,,,,
215385657.0,,,,,2.0,80.0,,7.0,,,,,,,,,,,,,,,,,,
111264041.0,,,,,,,,1.0,,,,,,,,,,,,,,,,,,
111264041.0,,,,,,,,2.0,,,,,,,,,,,,,,,,,,
111264041.0,,,,,,,,3.0,,,,,,,,,,,,,,,,,,
111264041.0,,,,,,,,4.0,,,,,,,,,,,,,,,,,,
111264041.0,,,,,,,,5.0,,,,,,,,,,,,,,,,,,
111264041.0,,,,,,,,6.0,,,,,,,,,,,,,,,,,,
111264041.0,,,,,,,,7.0,,,,,,,,,,,,,,,,,,
103060910.0,,,,,,,,1.0,,,,,,,,,,,,,,,,,,
103060910.0,,,,,,,,2.0,,,,,,,,,,,,,,,,,,
103060910.0,,,,,,,,3.0,,,,,,,,,,,,,,,,,,
103060910.0,,,,,,,,4.0,,,,,,,,,,,,,,,,,,
103060910.0,,,,,,,,5.0,,,,,,,,,,,,,,,,,,
103060910.0,,,,,,,,6.0,,,,,,,,,,,,,,,,,,
103060910.0,,,,,,,,7.0,,,,,,,,,,,,,,,,,,
103071112.0,,,,,,,,1.0,,,,,,,,,,,,,,,,,,
103071112.0,,,,,,,,2.0,,,,,,,,,,,,,,,,,,
103071112.0,,,,,,,,3.0,,,,,,,,,,,,,,,,,,
103071112.0,,,,,,,,4.0,,,,,,,,,,,,,,,,,,
103071112.0,,,,,,,,5.0,,,,,,,,,,,,,,,,,,
103071112.0,,,,,,,,6.0,,,,,,,,,,,,,,,,,,
103071112.0,,,,,1.0,90.0,,7.0,,,,,,,,,,,,,,,,,,
213335051.0,,,,,2.0,70.0,,1.0,,,,,,,,,,,,,,,,,,
213335051.0,,,,,,,,2.0,,,,,,,,,,,,,,,,,,
213335051.0,,,,,,,,3.0,,,,,,,,,,,,,,,,,,
213335051.0,,,,,,,,4.0,,,,,,,,,,,,,,,,,,
213335051.0,,,,,,,,5.0,,,,,,,,,,,,,,,,,,
213335051.0,,,,,,,,6.0,,,,,,,,,,,,,,,,,,
213335051.0,,,,,,,,7.0,,,,,,,,,,,,,,,,,,
112294445.0,,,,,,,,1.0,,,,,,,,,,,,,,,,,,
112294445.0,,,,,1.0,100.0,,2.0,,,,,,,,,,,,,,,,,,
112294445.0,,,,,,,,3.0,,,,,,,,,,,,,,,,,,
112294445.0,,,,,,,,4.0,,,,,,,,,,,,,,,,,,
112294445.0,,,,,,,,5.0,,,,,,,,,,,,,,,,,,
112294445.0,,,,,2.0,40.0,,6.0,,,,,,,,,,,,,,,,,,
112294445.0,,,,,3.0,,,7.0,,,,,,,,,,,,,,,,,,
101010203.0,,,,,,,,1.0,,,,,,,,,,,,,,,,,,
101010203.0,,,,,,,,2.0,,,,,,,,,,,,,,,,,,
101010203.0,,,,,,,,3.0,,,,,,,,,,,,,,,,,,
101010203.0,,,,,,,,4.0,,,,,,,,,,,,,,,,,,
101010203.0,,,,,,,,5.0,,,,,,,,,,,,,,,,,,
101010203.0,,,,,,,,6.0,,,,,,,,,,,,,,,,,,
101010203.0,,,,,3.0,,,7.0,,,,,,,,,,,,,,,,,,
103061011.0,,,,,,,,1.0,,,,,,,,,,,,,,,,,,
103061011.0,,,,,,,,2.0,,,,,,,,,,,,,,,,,,
103061011.0,,,,,,,,3.0,,,,,,,,,,,,,,,,,,
103061011.0,,,,,,,,4.0,,,,,,,,,,,,,,,,,,
103061011.0,,,,,,,,5.0,,,,,,,,,,,,,,,,,,
103061011.0,,,,,1.0,50.0,,6.0,,,,,,,,,,,,,,,,,,
103061011.0,,,,,,,,7.0,,,,,,,,,,,,,,,,,,
101010202.0,,,,,,,,1.0,,,,,,,,,,,,,,,,,,
101010202.0,,,,,,,,2.0,,,,,,,,,,,,,,,,,,
101010202.0,,,,,,,,3.0,,,,,,,,,,,,,,,,,,
101010202.0,,,,,,,,4.0,,,,,,,,,,,,,,,,,,
101010202.0,,,,,,,,5.0,,,,,,,,,,,,,,,,,,
101010202.0,,,,,2.0,20.0,,6.0,,,,,,,,,,,,,,,,,,
101010202.0,,,,,,,,7.0,,,,,,,,,,,,,,,,,,
110243637.0,,,,,,,,1.0,,,,,,,,,,,,,,,,,,
110243637.0,,,,,,,,2.0,,,,,,,,,,,,,,,,,,
110243637.0,,,,,,,,3.0,,,,,,,,,,,,,,,,,,
110243637.0,,,,,,,,4.0,,,,,,,,,,,,,,,,,,
110243637.0,,,,,,,,5.0,,,,,,,,,,,,,,,,,,
110243637.0,,,,,,,,6.0,,,,,,,,,,,,,,,,,,
110243637.0,,,,,,,,7.0,,,,,,,,,,,,,,,,,,
109223334.0,,,,,,,,1.0,,,,,,,,,,,,,,,,,,
109223334.0,,,,,,,,2.0,,,,,,,,,,,,,,,,,,
109223334.0,,,,,,,,3.0,,,,,,,,,,,,,,,,,,
109223334.0,,,,,,,,4.0,,,,,,,,,,,,,,,,,,
109223334.0,,,,,,,,5.0,,,,,,,,,,,,,,,,,,
109223334.0,,,,,,,,6.0,,,,,,,,,,,,,,,,,,
109223334.0,,,,,,,,7.0,,,,,,,,,,,,,,,,,,
319477375.0,,,,,,,,1.0,,,,,,,,,,,,,,,,,,
319477375.0,,,,,,,,2.0,,,,,,,,,,,,,,,,,,
319477375.0,,,,,,,,3.0,,,,,,,,,,,,,,,,,,
319477375.0,,,,,,,,4.0,,,,,,,,,,,,,,,,,,
319477375.0,,,,,,,,5.0,,,,,,,,,,,,,,,,,,
319477375.0,,,,,,,,6.0,,,,,,,,,,,,,,,,,,
319477375.0,,,,,,,,7.0,,,,,,,,,,,,,,,,,,
108192930.0,,,,,,,,1.0,,,,,,,,,,,,,,,,,,
108192930.0,,,,,2.0,50.0,,2.0,,,,,,,,,,,,,,,,,,
108192930.0,,,,,,,,3.0,,,,,,,,,,,,,,,,,,
108192930.0,,,,,,,,4.0,,,,,,,,,,,,,,,,,,
108192930.0,,,,,,,,5.0,,,,,,,,,,,,,,,,,,
108192930.0,,,,,,,,6.0,,,,,,,,,,,,,,,,,,
108192930.0,,,,,,,,7.0,,,,,,,,,,,,,,,,,,
108182829.0,,,,,,,,1.0,,,,,,,,,,,,,,,,,,
108182829.0,,,,,,,,2.0,,,,,,,,,,,,,,,,,,
108182829.0,,,,,2.0,50.0,,3.0,,,,,,,,,,,,,,,,,,
108182829.0,,,,,,,,4.0,,,,,,,,,,,,,,,,,,
108182829.0,,,,,,,,5.0,,,,,,,,,,,,,,,,,,
108182829.0,,,,,,,,6.0,,,,,,,,,,,,,,,,,,
108182829.0,,,,,,,,7.0,,,,,,,,,,,,,,,,,,
108182829.0,,,,,2.0,50.0,,10.0,,,,,,,,,,,,,,,,,,
106142324.0,,,,,,,,1.0,,,,,,,,,,,,,,,,,,
106142324.0,,,,,,,,2.0,,,,,,,,,,,,,,,,,,
106142324.0,,,,,,,,3.0,,,,,,,,,,,,,,,,,,
106142324.0,,,,,,,,4.0,,,,,,,,,,,,,,,,,,
106142324.0,,,,,,,,5.0,,,,,,,,,,,,,,,,,,
106142324.0,,,,,,,,6.0,,,,,,,,,,,,,,,,,,
106142324.0,,,,,,,,7.0,,,,,,,,,,,,,,,,,,
111284344.0,,,,,,,,1.0,,,,,,,,,,,,,,,,,,
111284344.0,,,,,,,,2.0,,,,,,,,,,,,,,,,,,
111284344.0,,,,,,,,3.0,,,,,,,,,,,,,,,,,,
111284344.0,,,,,,,,4.0,,,,,,,,,,,,,,,,,,
111284344.0,,,,,,,,5.0,,,,,,,,,,,,,,,,,,
111284344.0,,,,,,,,6.0,,,,,,,,,,,,,,,,,,
111284344.0,,,,,,,,7.0,,,,,,,,,,,,,,,,,,
105101617.0,,,,,,,,1.0,,,,,,,,,,,,,,,,,,
105101617.0,,,,,3.0,,,2.0,,,,,,,,,,,,,,,,,,
105101617.0,,,,,,,,3.0,,,,,,,,,,,,,,,,,,
105101617.0,,,,,,,,4.0,,,,,,,,,,,,,,,,,,
105101617.0,,,,,,,,5.0,,,,,,,,,,,,,,,,,,
105101617.0,,,,,,,,6.0,,,,,,,,,,,,,,,,,,
105101617.0,,,,,2.0,95.0,,7.0,,,,,,,,,,,,,,,,,,
216436364.0,,,,,,,,1.0,,,,,,,,,,,,,,,,,,
216436364.0,,,,,,,,2.0,,,,,,,,,,,,,,,,,,
216436364.0,,,,,,,,3.0,,,,,,,,,,,,,,,,,,
216436364.0,,,,,,,,4.0,,,,,,,,,,,,,,,,,,
216436364.0,,,,,,,,5.0,,,,,,,,,,,,,,,,,,
216436364.0,,,,,3.0,,,6.0,,,,,,,,,,,,,,,,,,
216436364.0,,,,,,,,7.0,,,,,,,,,,,,,,,,,,
