CID,HF_ID,HF_Type,HF_Status,HF_Imune,HF_Dia,HF_FPS,HF_DoBabies,HF_ANC,HF_MT,HF_MS,HF_MI,HF_TMInj,HF_EOC,HF_PNC,HF_SupA_Med,HF_SupA_MedEqp,HF_SupA_MedPers
101010101,1,Basic Health Unit,3,,,,,,,,,,0.0,0.0,1.0,1.0,1.0
101010101,2,Rural Health Center,3,,,,,,,,,,,,,,
101010101,3,Clinic,3,,,,,,,,,,1.0,1.0,1.0,1.0,1.0
101010101,4,Dispensary/pharmacy,3,,,,,,,,,,,,,,
101010101,5,Private Medical Practitioner,3,,,,,,,,,,0.0,0.0,1.0,1.0,1.0
101010101,6,Hospital,3,,,,,,,,,,,,,,
101010101,7,Blood Bank,3,,,,,,,,,,0.0,0.0,1.0,1.0,1.0
101010202,1,Basic Health Unit,3,,,,,,,,,,1.0,1.0,1.0,1.0,1.0
101010202,2,Rural Health Center,3,,,,,,,,,,,,,,
101010202,3,Clinic,3,,,,,,,,,,,,,,
101010202,4,Dispensary/pharmacy,3,,,,,,,,,,,,,,
101010202,5,Private Medical Practitioner,3,,,,,,,,,,,,,,
101010202,6,Hospital,3,,,,,,,,,,,,,,
101010202,7,Blood Bank,3,,,,,,,,,,,,,,
101010203,1,Basic Health Unit,3,,,,,,,,,,,,,,
101010203,2,Rural Health Center,3,,,,,,,,,,,,,,
101010203,3,Clinic,3,,,,,,,,,,,,,,
101010203,4,Dispensary/pharmacy,3,,,,,,,,,,,,,,
101010203,5,Private Medical Practitioner,1,1.0,1.0,0.0,0.0,0.0,1.0,1.0,0.0,1.0,,,,,
101010203,6,Hospital,3,,,,,,,,,,,,,,
101010203,7,Blood Bank,3,,,,,,,,,,,,,,
101020304,1,Basic Health Unit,3,,,,,,,,,,,,,,
101020304,2,Rural Health Center,3,,,,,,,,,,0.0,0.0,0.0,0.0,0.0
101020304,3,Clinic,3,,,,,,,,,,,,,,
101020304,4,Dispensary/pharmacy,3,,,,,,,,,,,,,,
101020304,5,Private Medical Practitioner,3,,,,,,,,,,,,,,
101020304,6,Hospital,3,,,,,,,,,,,,,,
101020304,7,Blood Bank,3,,,,,,,,,,,,,,
102030405,1,Basic Health Unit,1,1.0,1.0,1.0,1.0,1.0,1.0,1.0,1.0,1.0,,,,,
102030405,2,Rural Health Center,1,1.0,1.0,1.0,1.0,1.0,1.0,1.0,1.0,1.0,,,,,
102030405,3,Clinic,1,0.0,1.0,0.0,1.0,1.0,0.0,1.0,1.0,1.0,,,,,
102030405,4,Dispensary/pharmacy,1,0.0,1.0,1.0,0.0,0.0,0.0,1.0,1.0,1.0,,,,,
102030405,5,Private Medical Practitioner,1,0.0,0.0,0.0,0.0,0.0,1.0,1.0,1.0,1.0,0.0,0.0,1.0,0.0,1.0
102030405,6,Hospital,1,1.0,1.0,1.0,1.0,1.0,1.0,1.0,1.0,1.0,,,,,
102030405,7,Blood Bank,1,0.0,0.0,0.0,0.0,0.0,0.0,0.0,0.0,0.0,,,,,
102030506,1,Basic Health Unit,1,1.0,1.0,1.0,1.0,1.0,1.0,1.0,1.0,1.0,,,,,
102030506,2,Rural Health Center,1,1.0,1.0,1.0,1.0,1.0,1.0,1.0,1.0,1.0,,,,,
102030506,3,Clinic,1,0.0,1.0,0.0,1.0,1.0,1.0,1.0,1.0,1.0,0.0,0.0,1.0,0.0,1.0
102030506,4,Dispensary/pharmacy,1,1.0,0.0,0.0,1.0,1.0,1.0,1.0,1.0,1.0,,,,,
102030506,5,Private Medical Practitioner,1,0.0,1.0,0.0,1.0,1.0,1.0,1.0,1.0,1.0,,,,,
102030506,6,Hospital,1,1.0,1.0,1.0,1.0,1.0,1.0,1.0,1.0,1.0,,,,,
102030506,7,Blood Bank,1,0.0,0.0,0.0,0.0,0.0,0.0,0.0,0.0,0.0,,,,,
102030607,1,Basic Health Unit,1,1.0,1.0,1.0,1.0,1.0,1.0,1.0,1.0,1.0,,,,,
102030607,2,Rural Health Center,1,1.0,1.0,1.0,1.0,1.0,1.0,1.0,1.0,1.0,,,,,
102030607,3,Clinic,1,0.0,1.0,0.0,1.0,1.0,1.0,1.0,1.0,1.0,,,,,
102030607,4,Dispensary/pharmacy,1,0.0,1.0,1.0,0.0,0.0,0.0,0.0,1.0,0.0,,,,,
102030607,5,Private Medical Practitioner,1,0.0,1.0,0.0,0.0,0.0,1.0,1.0,1.0,1.0,0.0,0.0,1.0,1.0,1.0
102030607,6,Hospital,1,1.0,1.0,1.0,1.0,1.0,1.0,1.0,1.0,1.0,,,,,
102030607,7,Blood Bank,1,0.0,0.0,0.0,0.0,0.0,0.0,0.0,0.0,0.0,,,,,
102040708,1,Basic Health Unit,2,1.0,1.0,0.0,0.0,0.0,0.0,1.0,1.0,1.0,,,,,
102040708,2,Rural Health Center,1,1.0,1.0,1.0,1.0,1.0,1.0,1.0,1.0,1.0,,,,,
102040708,3,Clinic,1,0.0,0.0,0.0,1.0,1.0,1.0,1.0,1.0,1.0,,,,,
102040708,4,Dispensary/pharmacy,1,0.0,1.0,1.0,0.0,0.0,0.0,0.0,0.0,0.0,,,,,
102040708,5,Private Medical Practitioner,1,0.0,1.0,0.0,0.0,0.0,1.0,1.0,1.0,1.0,,,,,
102040708,6,Hospital,1,1.0,1.0,1.0,1.0,1.0,1.0,1.0,1.0,1.0,0.0,0.0,1.0,0.0,1.0
102040708,7,Blood Bank,1,0.0,0.0,0.0,0.0,0.0,0.0,0.0,0.0,0.0,,,,,
103050809,1,Basic Health Unit,3,,,,,,,,,,,,,,
103050809,2,Rural Health Center,3,,,,,,,,,,,,,,
103050809,3,Clinic,1,1.0,1.0,1.0,0.0,0.0,0.0,0.0,0.0,0.0,,,,,
103050809,4,Dispensary/pharmacy,3,,,,,,,,,,,,,,
103050809,5,Private Medical Practitioner,3,,,,,,,,,,0.0,0.0,1.0,0.0,1.0
103050809,6,Hospital,3,,,,,,,,,,,,,,
103050809,7,Blood Bank,3,,,,,,,,,,0.0,0.0,1.0,0.0,1.0
103060910,1,Basic Health Unit,1,1.0,1.0,1.0,1.0,1.0,1.0,1.0,1.0,1.0,,,,,
103060910,2,Rural Health Center,3,,,,,,,,,,,,,,
103060910,3,Clinic,3,,,,,,,,,,,,,,
103060910,4,Dispensary/pharmacy,3,,,,,,,,,,,,,,
103060910,5,Private Medical Practitioner,3,,,,,,,,,,,,,,
103060910,6,Hospital,3,,,,,,,,,,,,,,
103060910,7,Blood Bank,3,,,,,,,,,,,,,,
103061011,1,Basic Health Unit,3,,,,,,,,,,,,,,
103061011,2,Rural Health Center,3,,,,,,,,,,,,,,
103061011,3,Clinic,3,,,,,,,,,,0.0,0.0,1.0,1.0,1.0
103061011,4,Dispensary/pharmacy,3,,,,,,,,,,,,,,
103061011,5,Private Medical Practitioner,1,1.0,0.0,0.0,0.0,0.0,0.0,1.0,1.0,1.0,,,,,
103061011,6,Hospital,3,,,,,,,,,,,,,,
103061011,7,Blood Bank,3,,,,,,,,,,1.0,1.0,1.0,1.0,1.0
103071112,1,Basic Health Unit,3,,,,,,,,,,,,,,
103071112,2,Rural Health Center,3,,,,,,,,,,,,,,
103071112,3,Clinic,1,1.0,1.0,1.0,1.0,1.0,1.0,1.0,1.0,1.0,0.0,0.0,0.0,0.0,0.0
103071112,4,Dispensary/pharmacy,3,,,,,,,,,,,,,,
103071112,5,Private Medical Practitioner,3,,,,,,,,,,,,,,
103071112,6,Hospital,1,1.0,1.0,1.0,1.0,1.0,1.0,1.0,1.0,1.0,,,,,
103071112,7,Blood Bank,3,,,,,,,,,,,,,,
104081213,1,Basic Health Unit,1,1.0,1.0,1.0,1.0,1.0,1.0,1.0,1.0,1.0,,,,,
104081213,2,Rural Health Center,1,1.0,1.0,1.0,1.0,1.0,1.0,1.0,1.0,1.0,,,,,
104081213,3,Clinic,1,1.0,1.0,1.0,0.0,1.0,1.0,1.0,1.0,1.0,,,,,
104081213,4,Dispensary/pharmacy,1,1.0,1.0,1.0,0.0,0.0,1.0,1.0,1.0,1.0,,,,,
104081213,5,Private Medical Practitioner,1,1.0,1.0,1.0,1.0,1.0,1.0,1.0,1.0,1.0,,,,,
104081213,6,Hospital,1,1.0,1.0,1.0,1.0,1.0,1.0,1.0,1.0,1.0,,,,,
104081213,7,Blood Bank,1,0.0,0.0,0.0,0.0,0.0,0.0,0.0,0.0,0.0,,,,,
104081314,1,Basic Health Unit,1,1.0,1.0,1.0,1.0,1.0,1.0,1.0,1.0,1.0,,,,,
104081314,2,Rural Health Center,1,1.0,1.0,1.0,1.0,1.0,1.0,1.0,1.0,1.0,,,,,
104081314,3,Clinic,2,1.0,1.0,1.0,0.0,1.0,1.0,1.0,1.0,1.0,,,,,
104081314,4,Dispensary/pharmacy,1,1.0,1.0,1.0,0.0,1.0,1.0,1.0,1.0,1.0,,,,,
104081314,5,Private Medical Practitioner,1,1.0,1.0,1.0,1.0,1.0,1.0,1.0,1.0,1.0,,,,,
104081314,6,Hospital,1,1.0,1.0,1.0,1.0,1.0,1.0,1.0,1.0,1.0,,,,,
104081314,7,Blood Bank,3,,,,,,,,,,,,,,
104081415,1,Basic Health Unit,1,1.0,1.0,1.0,1.0,1.0,1.0,1.0,1.0,1.0,,,,,
104081415,2,Rural Health Center,1,1.0,1.0,1.0,1.0,1.0,1.0,1.0,1.0,1.0,,,,,
104081415,3,Clinic,1,1.0,1.0,1.0,1.0,1.0,1.0,1.0,1.0,1.0,,,,,
104081415,4,Dispensary/pharmacy,1,1.0,1.0,1.0,0.0,1.0,1.0,1.0,1.0,1.0,0.0,0.0,0.0,0.0,0.0
104081415,5,Private Medical Practitioner,1,1.0,1.0,1.0,1.0,1.0,1.0,1.0,1.0,1.0,,,,,
104081415,6,Hospital,1,1.0,1.0,1.0,1.0,1.0,1.0,1.0,1.0,1.0,,,,,
104081415,7,Blood Bank,1,0.0,0.0,0.0,0.0,0.0,0.0,0.0,0.0,0.0,,,,,
104091516,1,Basic Health Unit,1,1.0,1.0,1.0,1.0,1.0,1.0,1.0,1.0,1.0,,,,,
104091516,2,Rural Health Center,1,1.0,1.0,1.0,1.0,1.0,1.0,1.0,1.0,1.0,,,,,
104091516,3,Clinic,2,1.0,1.0,0.0,0.0,1.0,1.0,1.0,1.0,1.0,,,,,
104091516,4,Dispensary/pharmacy,1,1.0,1.0,0.0,0.0,1.0,1.0,1.0,1.0,1.0,,,,,
104091516,5,Private Medical Practitioner,1,1.0,1.0,1.0,1.0,1.0,1.0,1.0,1.0,1.0,,,,,
104091516,6,Hospital,2,1.0,1.0,1.0,1.0,1.0,1.0,1.0,1.0,1.0,,,,,
104091516,7,Blood Bank,2,0.0,0.0,0.0,0.0,0.0,0.0,0.0,0.0,0.0,,,,,
105101617,1,Basic Health Unit,3,,,,,,,,,,,,,,
105101617,2,Rural Health Center,3,,,,,,,,,,,,,,
105101617,3,Clinic,3,,,,,,,,,,,,,,
105101617,4,Dispensary/pharmacy,3,,,,,,,,,,,,,,
105101617,5,Private Medical Practitioner,3,,,,,,,,,,,,,,
105101617,6,Hospital,3,,,,,,,,,,,,,,
105101617,7,Blood Bank,3,,,,,,,,,,,,,,
105101718,1,Basic Health Unit,3,,,,,,,,,,,,,,
105101718,2,Rural Health Center,3,,,,,,,,,,,,,,
105101718,3,Clinic,3,,,,,,,,,,,,,,
105101718,4,Dispensary/pharmacy,3,,,,,,,,,,,,,,
105101718,5,Private Medical Practitioner,3,,,,,,,,,,,,,,
105101718,6,Hospital,3,,,,,,,,,,,,,,
105101718,7,Blood Bank,3,,,,,,,,,,,,,,
105111819,1,Basic Health Unit,3,,,,,,,,,,,,,,
105111819,2,Rural Health Center,3,,,,,,,,,,,,,,
105111819,3,Clinic,3,,,,,,,,,,,,,,
105111819,4,Dispensary/pharmacy,3,,,,,,,,,,,,,,
105111819,5,Private Medical Practitioner,3,,,,,,,,,,,,,,
105111819,6,Hospital,3,,,,,,,,,,,,,,
105111819,7,Blood Bank,3,,,,,,,,,,,,,,
105121920,1,Basic Health Unit,3,,,,,,,,,,,,,,
105121920,2,Rural Health Center,3,,,,,,,,,,,,,,
105121920,3,Clinic,3,,,,,,,,,,,,,,
105121920,4,Dispensary/pharmacy,3,,,,,,,,,,,,,,
105121920,5,Private Medical Practitioner,3,,,,,,,,,,0.0,0.0,1.0,0.0,0.0
105121920,6,Hospital,3,,,,,,,,,,,,,,
105121920,7,Blood Bank,3,,,,,,,,,,,,,,
106132021,1,Basic Health Unit,1,1.0,1.0,1.0,1.0,1.0,1.0,1.0,1.0,1.0,,,,,
106132021,2,Rural Health Center,1,1.0,1.0,1.0,1.0,1.0,1.0,1.0,1.0,1.0,,,,,
106132021,3,Clinic,1,1.0,1.0,0.0,0.0,1.0,1.0,1.0,1.0,1.0,,,,,
106132021,4,Dispensary/pharmacy,1,1.0,1.0,1.0,0.0,0.0,1.0,1.0,1.0,1.0,0.0,0.0,1.0,0.0,0.0
106132021,5,Private Medical Practitioner,1,1.0,1.0,1.0,1.0,1.0,1.0,1.0,1.0,1.0,,,,,
106132021,6,Hospital,3,,,,,,,,,,1.0,1.0,1.0,0.0,0.0
106132021,7,Blood Bank,3,,,,,,,,,,,,,,
106132122,1,Basic Health Unit,3,,,,,,,,,,,,,,
106132122,2,Rural Health Center,3,,,,,,,,,,1.0,1.0,1.0,1.0,1.0
106132122,3,Clinic,1,1.0,1.0,1.0,1.0,1.0,1.0,1.0,1.0,1.0,,,,,
106132122,4,Dispensary/pharmacy,1,1.0,1.0,1.0,1.0,1.0,1.0,1.0,1.0,1.0,0.0,0.0,1.0,0.0,1.0
106132122,5,Private Medical Practitioner,1,1.0,1.0,1.0,1.0,1.0,1.0,1.0,1.0,1.0,0.0,0.0,1.0,1.0,1.0
106132122,6,Hospital,3,,,,,,,,,,,,,,
106132122,7,Blood Bank,3,,,,,,,,,,,,,,
106142223,1,Basic Health Unit,3,,,,,,,,,,,,,,
106142223,2,Rural Health Center,3,,,,,,,,,,,,,,
106142223,3,Clinic,1,1.0,0.0,1.0,0.0,0.0,0.0,0.0,1.0,1.0,,,,,
106142223,4,Dispensary/pharmacy,3,,,,,,,,,,0.0,0.0,0.0,0.0,0.0
106142223,5,Private Medical Practitioner,3,,,,,,,,,,,,,,
106142223,6,Hospital,3,,,,,,,,,,,,,,
106142223,7,Blood Bank,3,,,,,,,,,,,,,,
106142324,1,Basic Health Unit,3,,,,,,,,,,,,,,
106142324,2,Rural Health Center,3,,,,,,,,,,,,,,
106142324,3,Clinic,1,0.0,1.0,0.0,0.0,0.0,1.0,1.0,1.0,1.0,,,,,
106142324,4,Dispensary/pharmacy,2,0.0,0.0,0.0,0.0,0.0,0.0,0.0,0.0,0.0,,,,,
106142324,5,Private Medical Practitioner,1,0.0,1.0,0.0,0.0,0.0,1.0,1.0,1.0,1.0,,,,,
106142324,6,Hospital,3,,,,,,,,,,,,,,
106142324,7,Blood Bank,3,,,,,,,,,,,,,,
107152425,1,Basic Health Unit,3,,,,,,,,,,,,,,
107152425,2,Rural Health Center,1,1.0,1.0,1.0,1.0,1.0,1.0,1.0,1.0,1.0,,,,,
107152425,3,Clinic,1,0.0,1.0,0.0,0.0,0.0,1.0,1.0,1.0,1.0,,,,,
107152425,4,Dispensary/pharmacy,1,0.0,1.0,0.0,0.0,0.0,1.0,1.0,1.0,1.0,,,,,
107152425,5,Private Medical Practitioner,1,0.0,1.0,0.0,0.0,0.0,1.0,1.0,1.0,1.0,,,,,
107152425,6,Hospital,3,,,,,,,,,,,,,,
107152425,7,Blood Bank,3,,,,,,,,,,,,,,
107152627,1,Basic Health Unit,1,1.0,0.0,0.0,1.0,0.0,0.0,1.0,1.0,1.0,,,,,
107152627,2,Rural Health Center,3,,,,,,,,,,,,,,
107152627,3,Clinic,1,0.0,0.0,0.0,0.0,0.0,0.0,1.0,1.0,1.0,,,,,
107152627,4,Dispensary/pharmacy,1,0.0,0.0,0.0,0.0,0.0,0.0,1.0,1.0,1.0,,,,,
107152627,5,Private Medical Practitioner,1,0.0,0.0,0.0,0.0,0.0,0.0,1.0,1.0,1.0,1.0,1.0,1.0,1.0,1.0
107152627,6,Hospital,3,,,,,,,,,,,,,,
107152627,7,Blood Bank,3,,,,,,,,,,,,,,
107162526,1,Basic Health Unit,3,,,,,,,,,,0.0,0.0,1.0,0.0,1.0
107162526,2,Rural Health Center,3,,,,,,,,,,0.0,0.0,1.0,1.0,1.0
107162526,3,Clinic,3,,,,,,,,,,,,,,
107162526,4,Dispensary/pharmacy,3,,,,,,,,,,0.0,0.0,0.0,0.0,0.0
107162526,5,Private Medical Practitioner,1,0.0,0.0,0.0,0.0,0.0,0.0,1.0,1.0,1.0,,,,,
107162526,6,Hospital,3,,,,,,,,,,,,,,
107162526,7,Blood Bank,3,,,,,,,,,,,,,,
107172728,1,Basic Health Unit,3,,,,,,,,,,,,,,
107172728,2,Rural Health Center,3,,,,,,,,,,,,,,
107172728,3,Clinic,3,,,,,,,,,,,,,,
107172728,4,Dispensary/pharmacy,3,,,,,,,,,,,,,,
107172728,5,Private Medical Practitioner,3,,,,,,,,,,,,,,
107172728,6,Hospital,3,,,,,,,,,,,,,,
107172728,7,Blood Bank,3,,,,,,,,,,,,,,
108182829,1,Basic Health Unit,3,,,,,,,,,,,,,,
108182829,2,Rural Health Center,3,,,,,,,,,,,,,,
108182829,3,Clinic,3,,,,,,,,,,,,,,
108182829,4,Dispensary/pharmacy,3,,,,,,,,,,0.0,0.0,1.0,0.0,1.0
108182829,5,Private Medical Practitioner,3,,,,,,,,,,,,,,
108182829,6,Hospital,3,,,,,,,,,,,,,,
108182829,7,Blood Bank,3,,,,,,,,,,,,,,
108192930,1,Basic Health Unit,3,,,,,,,,,,,,,,
108192930,2,Rural Health Center,3,,,,,,,,,,,,,,
108192930,3,Clinic,1,0.0,0.0,0.0,0.0,0.0,0.0,0.0,1.0,1.0,,,,,
108192930,4,Dispensary/pharmacy,3,,,,,,,,,,,,,,
108192930,5,Private Medical Practitioner,3,,,,,,,,,,,,,,
108192930,6,Hospital,3,,,,,,,,,,,,,,
108192930,7,Blood Bank,3,,,,,,,,,,0.0,0.0,1.0,1.0,1.0
108203031,1,Basic Health Unit,3,,,,,,,,,,0.0,0.0,1.0,0.0,1.0
108203031,2,Rural Health Center,3,,,,,,,,,,,,,,
108203031,3,Clinic,1,0.0,0.0,0.0,0.0,0.0,0.0,0.0,1.0,1.0,,,,,
108203031,4,Dispensary/pharmacy,3,,,,,,,,,,,,,,
108203031,5,Private Medical Practitioner,3,,,,,,,,,,,,,,
108203031,6,Hospital,3,,,,,,,,,,,,,,
108203031,7,Blood Bank,3,,,,,,,,,,0.0,0.0,1.0,0.0,1.0
108213132,1,Basic Health Unit,3,,,,,,,,,,,,,,
108213132,2,Rural Health Center,3,,,,,,,,,,,,,,
108213132,3,Clinic,1,0.0,0.0,0.0,0.0,0.0,0.0,0.0,1.0,1.0,,,,,
108213132,4,Dispensary/pharmacy,3,,,,,,,,,,,,,,
108213132,5,Private Medical Practitioner,3,,,,,,,,,,,,,,
108213132,6,Hospital,3,,,,,,,,,,,,,,
108213132,7,Blood Bank,3,,,,,,,,,,,,,,
109223233,1,Basic Health Unit,3,,,,,,,,,,,,,,
109223233,2,Rural Health Center,3,,,,,,,,,,,,,,
109223233,3,Clinic,3,,,,,,,,,,0.0,0.0,0.0,0.0,0.0
109223233,4,Dispensary/pharmacy,3,,,,,,,,,,,,,,
109223233,5,Private Medical Practitioner,3,,,,,,,,,,,,,,
109223233,6,Hospital,3,,,,,,,,,,,,,,
109223233,7,Blood Bank,3,,,,,,,,,,,,,,
109223334,1,Basic Health Unit,3,,,,,,,,,,,,,,
109223334,2,Rural Health Center,3,,,,,,,,,,,,,,
109223334,3,Clinic,3,,,,,,,,,,,,,,
109223334,4,Dispensary/pharmacy,3,,,,,,,,,,,,,,
109223334,5,Private Medical Practitioner,3,,,,,,,,,,,,,,
109223334,6,Hospital,3,,,,,,,,,,,,,,
109223334,7,Blood Bank,3,,,,,,,,,,,,,,
109233435,1,Basic Health Unit,3,,,,,,,,,,,,,,
109233435,2,Rural Health Center,3,,,,,,,,,,,,,,
109233435,3,Clinic,3,,,,,,,,,,,,,,
109233435,4,Dispensary/pharmacy,3,,,,,,,,,,,,,,
109233435,5,Private Medical Practitioner,3,,,,,,,,,,,,,,
109233435,6,Hospital,3,,,,,,,,,,,,,,
109233435,7,Blood Bank,3,,,,,,,,,,,,,,
109233536,1,Basic Health Unit,3,,,,,,,,,,,,,,
109233536,2,Rural Health Center,3,,,,,,,,,,,,,,
109233536,3,Clinic,3,,,,,,,,,,,,,,
109233536,4,Dispensary/pharmacy,3,,,,,,,,,,,,,,
109233536,5,Private Medical Practitioner,3,,,,,,,,,,,,,,
109233536,6,Hospital,3,,,,,,,,,,,,,,
109233536,7,Blood Bank,3,,,,,,,,,,,,,,
110243637,1,Basic Health Unit,3,,,,,,,,,,,,,,
110243637,2,Rural Health Center,3,,,,,,,,,,,,,,
110243637,3,Clinic,3,,,,,,,,,,,,,,
110243637,4,Dispensary/pharmacy,3,,,,,,,,,,,,,,
110243637,5,Private Medical Practitioner,3,,,,,,,,,,,,,,
110243637,6,Hospital,3,,,,,,,,,,,,,,
110243637,7,Blood Bank,3,,,,,,,,,,,,,,
110243738,1,Basic Health Unit,3,,,,,,,,,,0.0,0.0,1.0,0.0,1.0
110243738,2,Rural Health Center,3,,,,,,,,,,,,,,
110243738,3,Clinic,3,,,,,,,,,,,,,,
110243738,4,Dispensary/pharmacy,3,,,,,,,,,,,,,,
110243738,5,Private Medical Practitioner,3,,,,,,,,,,,,,,
110243738,6,Hospital,3,,,,,,,,,,,,,,
110243738,7,Blood Bank,3,,,,,,,,,,,,,,
110243839,1,Basic Health Unit,3,,,,,,,,,,,,,,
110243839,2,Rural Health Center,3,,,,,,,,,,,,,,
110243839,3,Clinic,3,,,,,,,,,,,,,,
110243839,4,Dispensary/pharmacy,1,0.0,1.0,0.0,0.0,0.0,1.0,1.0,1.0,1.0,,,,,
110243839,5,Private Medical Practitioner,1,0.0,1.0,0.0,0.0,0.0,1.0,1.0,1.0,1.0,,,,,
110243839,6,Hospital,3,,,,,,,,,,,,,,
110243839,7,Blood Bank,3,,,,,,,,,,,,,,
110253940,1,Basic Health Unit,3,,,,,,,,,,,,,,
110253940,2,Rural Health Center,3,,,,,,,,,,0.0,0.0,1.0,0.0,1.0
110253940,3,Clinic,1,0.0,1.0,0.0,0.0,0.0,1.0,1.0,1.0,1.0,,,,,
110253940,4,Dispensary/pharmacy,3,,,,,,,,,,,,,,
110253940,5,Private Medical Practitioner,3,,,,,,,,,,,,,,
110253940,6,Hospital,3,,,,,,,,,,,,,,
110253940,7,Blood Bank,3,,,,,,,,,,,,,,
111264041,1,Basic Health Unit,1,1.0,1.0,1.0,0.0,0.0,0.0,0.0,1.0,1.0,,,,,
111264041,2,Rural Health Center,1,1.0,1.0,1.0,0.0,1.0,1.0,1.0,1.0,1.0,,,,,
111264041,3,Clinic,1,1.0,1.0,0.0,0.0,0.0,1.0,1.0,1.0,1.0,,,,,
111264041,4,Dispensary/pharmacy,1,0.0,0.0,0.0,0.0,0.0,0.0,0.0,0.0,0.0,,,,,
111264041,5,Private Medical Practitioner,3,,,,,,,,,,0.0,0.0,1.0,0.0,1.0
111264041,6,Hospital,1,1.0,1.0,1.0,1.0,1.0,1.0,1.0,1.0,1.0,,,,,
111264041,7,Blood Bank,3,,,,,,,,,,,,,,
111274142,1,Basic Health Unit,1,1.0,1.0,1.0,0.0,1.0,1.0,1.0,1.0,1.0,,,,,
111274142,2,Rural Health Center,3,,,,,,,,,,,,,,
111274142,3,Clinic,1,0.0,1.0,0.0,0.0,0.0,0.0,1.0,1.0,1.0,,,,,
111274142,4,Dispensary/pharmacy,3,,,,,,,,,,,,,,
111274142,5,Private Medical Practitioner,3,,,,,,,,,,,,,,
111274142,6,Hospital,3,,,,,,,,,,,,,,
111274142,7,Blood Bank,3,,,,,,,,,,,,,,
111274243,1,Basic Health Unit,1,1.0,1.0,1.0,0.0,0.0,1.0,0.0,1.0,1.0,,,,,
111274243,2,Rural Health Center,3,,,,,,,,,,,,,,
111274243,3,Clinic,1,1.0,1.0,0.0,0.0,0.0,1.0,1.0,1.0,1.0,,,,,
111274243,4,Dispensary/pharmacy,3,,,,,,,,,,,,,,
111274243,5,Private Medical Practitioner,1,1.0,1.0,0.0,0.0,0.0,1.0,1.0,1.0,1.0,,,,,
111274243,6,Hospital,2,0.0,0.0,0.0,0.0,0.0,0.0,0.0,0.0,0.0,,,,,
111274243,7,Blood Bank,3,,,,,,,,,,,,,,
111284344,1,Basic Health Unit,1,1.0,1.0,1.0,0.0,0.0,1.0,0.0,1.0,1.0,0.0,0.0,1.0,0.0,1.0
111284344,2,Rural Health Center,1,1.0,1.0,1.0,1.0,1.0,1.0,1.0,1.0,1.0,,,,,
111284344,3,Clinic,3,,,,,,,,,,,,,,
111284344,4,Dispensary/pharmacy,3,,,,,,,,,,,,,,
111284344,5,Private Medical Practitioner,3,,,,,,,,,,,,,,
111284344,6,Hospital,1,1.0,1.0,1.0,1.0,1.0,1.0,1.0,1.0,1.0,,,,,
111284344,7,Blood Bank,3,,,,,,,,,,,,,,
112294445,1,Basic Health Unit,3,,,,,,,,,,0.0,0.0,1.0,1.0,1.0
112294445,2,Rural Health Center,3,,,,,,,,,,,,,,
112294445,3,Clinic,3,,,,,,,,,,0.0,0.0,1.0,0.0,1.0
112294445,4,Dispensary/pharmacy,3,,,,,,,,,,,,,,
112294445,5,Private Medical Practitioner,3,,,,,,,,,,,,,,
112294445,6,Hospital,3,,,,,,,,,,,,,,
112294445,7,Blood Bank,3,,,,,,,,,,,,,,
112304546,1,Basic Health Unit,3,,,,,,,,,,0.0,0.0,1.0,0.0,0.0
112304546,2,Rural Health Center,3,,,,,,,,,,,,,,
112304546,3,Clinic,3,,,,,,,,,,,,,,
112304546,4,Dispensary/pharmacy,3,,,,,,,,,,,,,,
112304546,5,Private Medical Practitioner,3,,,,,,,,,,,,,,
112304546,6,Hospital,3,,,,,,,,,,,,,,
112304546,7,Blood Bank,3,,,,,,,,,,,,,,
112304647,1,Basic Health Unit,3,,,,,,,,,,,,,,
112304647,2,Rural Health Center,3,,,,,,,,,,,,,,
112304647,3,Clinic,3,,,,,,,,,,,,,,
112304647,4,Dispensary/pharmacy,3,,,,,,,,,,0.0,0.0,0.0,0.0,1.0
112304647,5,Private Medical Practitioner,3,,,,,,,,,,,,,,
112304647,6,Hospital,3,,,,,,,,,,,,,,
112304647,7,Blood Bank,3,,,,,,,,,,,,,,
112314748,1,Basic Health Unit,1,1.0,1.0,1.0,1.0,1.0,0.0,0.0,1.0,1.0,,,,,
112314748,2,Rural Health Center,3,,,,,,,,,,,,,,
112314748,3,Clinic,1,0.0,1.0,1.0,1.0,1.0,1.0,1.0,1.0,1.0,,,,,
112314748,4,Dispensary/pharmacy,1,0.0,1.0,0.0,0.0,0.0,0.0,0.0,1.0,1.0,,,,,
112314748,5,Private Medical Practitioner,3,,,,,,,,,,,,,,
112314748,6,Hospital,3,,,,,,,,,,,,,,
112314748,7,Blood Bank,3,,,,,,,,,,,,,,
213324849,1,Basic Health Unit,3,,,,,,,,,,,,,,
213324849,2,Rural Health Center,3,,,,,,,,,,,,,,
213324849,3,Clinic,3,,,,,,,,,,,,,,
213324849,4,Dispensary/pharmacy,3,,,,,,,,,,,,,,
213324849,5,Private Medical Practitioner,3,,,,,,,,,,,,,,
213324849,6,Hospital,3,,,,,,,,,,,,,,
213324849,7,Blood Bank,3,,,,,,,,,,,,,,
213324952,1,Basic Health Unit,3,,,,,,,,,,,,,,
213324952,2,Rural Health Center,3,,,,,,,,,,,,,,
213324952,3,Clinic,3,,,,,,,,,,,,,,
213324952,4,Dispensary/pharmacy,3,,,,,,,,,,,,,,
213324952,5,Private Medical Practitioner,3,,,,,,,,,,,,,,
213324952,6,Hospital,3,,,,,,,,,,,,,,
213324952,7,Blood Bank,3,,,,,,,,,,,,,,
213334950,1,Basic Health Unit,3,,,,,,,,,,,,,,
213334950,2,Rural Health Center,3,,,,,,,,,,,,,,
213334950,3,Clinic,3,,,,,,,,,,,,,,
213334950,4,Dispensary/pharmacy,3,,,,,,,,,,,,,,
213334950,5,Private Medical Practitioner,3,,,,,,,,,,,,,,
213334950,6,Hospital,3,,,,,,,,,,,,,,
213334950,7,Blood Bank,3,,,,,,,,,,,,,,
213335051,1,Basic Health Unit,3,,,,,,,,,,,,,,
213335051,2,Rural Health Center,3,,,,,,,,,,,,,,
213335051,3,Clinic,3,,,,,,,,,,,,,,
213335051,4,Dispensary/pharmacy,3,,,,,,,,,,,,,,
213335051,5,Private Medical Practitioner,3,,,,,,,,,,,,,,
213335051,6,Hospital,3,,,,,,,,,,,,,,
213335051,7,Blood Bank,3,,,,,,,,,,,,,,
214345253,1,Basic Health Unit,1,1.0,1.0,0.0,0.0,0.0,1.0,1.0,1.0,1.0,,,,,
214345253,2,Rural Health Center,3,,,,,,,,,,,,,,
214345253,3,Clinic,1,0.0,0.0,0.0,1.0,1.0,1.0,1.0,1.0,1.0,,,,,
214345253,4,Dispensary/pharmacy,1,1.0,1.0,0.0,0.0,0.0,1.0,0.0,1.0,1.0,1.0,1.0,0.0,0.0,0.0
214345253,5,Private Medical Practitioner,1,0.0,0.0,0.0,0.0,0.0,1.0,1.0,1.0,1.0,,,,,
214345253,6,Hospital,1,1.0,1.0,1.0,1.0,1.0,1.0,1.0,1.0,1.0,,,,,
214345253,7,Blood Bank,3,,,,,,,,,,1.0,1.0,0.0,0.0,1.0
214355354,1,Basic Health Unit,1,1.0,1.0,1.0,0.0,0.0,1.0,1.0,1.0,1.0,,,,,
214355354,2,Rural Health Center,1,1.0,1.0,1.0,1.0,1.0,1.0,1.0,1.0,1.0,0.0,0.0,0.0,0.0,1.0
214355354,3,Clinic,1,0.0,0.0,0.0,0.0,0.0,0.0,1.0,1.0,1.0,0.0,0.0,1.0,1.0,1.0
214355354,4,Dispensary/pharmacy,1,1.0,1.0,1.0,1.0,1.0,1.0,1.0,1.0,1.0,1.0,1.0,1.0,1.0,1.0
214355354,5,Private Medical Practitioner,1,0.0,0.0,0.0,0.0,0.0,0.0,1.0,1.0,1.0,,,,,
214355354,6,Hospital,1,1.0,1.0,1.0,0.0,0.0,1.0,1.0,1.0,1.0,,,,,
214355354,7,Blood Bank,3,,,,,,,,,,,,,,
214365455,1,Basic Health Unit,1,1.0,1.0,0.0,0.0,0.0,1.0,1.0,1.0,1.0,,,,,
214365455,2,Rural Health Center,3,,,,,,,,,,,,,,
214365455,3,Clinic,1,1.0,0.0,0.0,0.0,0.0,1.0,0.0,1.0,1.0,,,,,
214365455,4,Dispensary/pharmacy,2,0.0,0.0,0.0,0.0,0.0,1.0,0.0,1.0,1.0,,,,,
214365455,5,Private Medical Practitioner,1,1.0,0.0,0.0,0.0,0.0,1.0,0.0,1.0,1.0,,,,,
214365455,6,Hospital,1,1.0,1.0,0.0,0.0,0.0,1.0,0.0,1.0,1.0,,,,,
214365455,7,Blood Bank,3,,,,,,,,,,,,,,
214365556,1,Basic Health Unit,1,1.0,1.0,1.0,1.0,1.0,1.0,0.0,1.0,1.0,,,,,
214365556,2,Rural Health Center,3,,,,,,,,,,,,,,
214365556,3,Clinic,1,1.0,1.0,1.0,1.0,1.0,1.0,0.0,1.0,1.0,,,,,
214365556,4,Dispensary/pharmacy,1,1.0,1.0,1.0,1.0,1.0,1.0,0.0,1.0,1.0,,,,,
214365556,5,Private Medical Practitioner,1,0.0,0.0,0.0,0.0,0.0,1.0,0.0,1.0,1.0,,,,,
214365556,6,Hospital,1,1.0,1.0,1.0,1.0,1.0,1.0,1.0,1.0,1.0,,,,,
214365556,7,Blood Bank,1,0.0,0.0,0.0,0.0,0.0,0.0,0.0,0.0,0.0,,,,,
215385657,1,Basic Health Unit,4,0.0,0.0,0.0,0.0,0.0,0.0,1.0,1.0,1.0,,,,,
215385657,2,Rural Health Center,3,,,,,,,,,,,,,,
215385657,3,Clinic,1,0.0,0.0,0.0,0.0,0.0,0.0,1.0,1.0,1.0,,,,,
215385657,4,Dispensary/pharmacy,1,0.0,0.0,0.0,0.0,0.0,0.0,1.0,1.0,1.0,,,,,
215385657,5,Private Medical Practitioner,3,,,,,,,,,,,,,,
215385657,6,Hospital,2,1.0,1.0,0.0,0.0,0.0,1.0,1.0,1.0,1.0,,,,,
215385657,7,Blood Bank,3,,,,,,,,,,,,,,
215395758,1,Basic Health Unit,1,1.0,1.0,1.0,1.0,1.0,1.0,1.0,1.0,1.0,,,,,
215395758,2,Rural Health Center,3,,,,,,,,,,,,,,
215395758,3,Clinic,1,0.0,1.0,0.0,0.0,0.0,1.0,1.0,1.0,1.0,,,,,
215395758,4,Dispensary/pharmacy,1,0.0,0.0,0.0,0.0,0.0,0.0,0.0,1.0,1.0,,,,,
215395758,5,Private Medical Practitioner,1,0.0,0.0,0.0,1.0,0.0,0.0,1.0,1.0,1.0,,,,,
215395758,6,Hospital,3,,,,,,,,,,,,,,
215395758,7,Blood Bank,3,,,,,,,,,,,,,,
215395859,1,Basic Health Unit,1,1.0,1.0,1.0,1.0,1.0,1.0,1.0,1.0,1.0,,,,,
215395859,2,Rural Health Center,3,,,,,,,,,,0.0,0.0,1.0,1.0,1.0
215395859,3,Clinic,1,1.0,1.0,0.0,0.0,0.0,1.0,1.0,1.0,1.0,,,,,
215395859,4,Dispensary/pharmacy,1,0.0,0.0,0.0,0.0,0.0,0.0,1.0,1.0,1.0,,,,,
215395859,5,Private Medical Practitioner,3,,,,,,,,,,,,,,
215395859,6,Hospital,3,,,,,,,,,,,,,,
215395859,7,Blood Bank,3,,,,,,,,,,,,,,
215405960,1,Basic Health Unit,1,0.0,0.0,0.0,0.0,0.0,0.0,1.0,1.0,1.0,0.0,0.0,1.0,1.0,1.0
215405960,2,Rural Health Center,3,,,,,,,,,,,,,,
215405960,3,Clinic,3,,,,,,,,,,1.0,1.0,1.0,1.0,1.0
215405960,4,Dispensary/pharmacy,3,,,,,,,,,,,,,,
215405960,5,Private Medical Practitioner,3,,,,,,,,,,,,,,
215405960,6,Hospital,3,,,,,,,,,,,,,,
215405960,7,Blood Bank,3,,,,,,,,,,,,,,
216416061,1,Basic Health Unit,3,,,,,,,,,,,,,,
216416061,2,Rural Health Center,3,,,,,,,,,,0.0,0.0,1.0,1.0,1.0
216416061,3,Clinic,3,,,,,,,,,,,,,,
216416061,4,Dispensary/pharmacy,1,0.0,0.0,0.0,0.0,0.0,0.0,1.0,1.0,1.0,,,,,
216416061,5,Private Medical Practitioner,3,,,,,,,,,,,,,,
216416061,6,Hospital,3,,,,,,,,,,,,,,
216416061,7,Blood Bank,3,,,,,,,,,,,,,,
216416162,1,Basic Health Unit,3,,,,,,,,,,,,,,
216416162,2,Rural Health Center,3,,,,,,,,,,,,,,
216416162,3,Clinic,3,,,,,,,,,,,,,,
216416162,4,Dispensary/pharmacy,3,,,,,,,,,,,,,,
216416162,5,Private Medical Practitioner,3,,,,,,,,,,,,,,
216416162,6,Hospital,3,,,,,,,,,,,,,,
216416162,7,Blood Bank,3,,,,,,,,,,,,,,
216426263,1,Basic Health Unit,3,,,,,,,,,,,,,,
216426263,2,Rural Health Center,3,,,,,,,,,,,,,,
216426263,3,Clinic,3,,,,,,,,,,,,,,
216426263,4,Dispensary/pharmacy,3,,,,,,,,,,0.0,0.0,1.0,0.0,0.0
216426263,5,Private Medical Practitioner,3,,,,,,,,,,,,,,
216426263,6,Hospital,3,,,,,,,,,,,,,,
216426263,7,Blood Bank,3,,,,,,,,,,,,,,
216436364,1,Basic Health Unit,3,,,,,,,,,,,,,,
216436364,2,Rural Health Center,3,,,,,,,,,,,,,,
216436364,3,Clinic,3,,,,,,,,,,,,,,
216436364,4,Dispensary/pharmacy,3,,,,,,,,,,0.0,0.0,1.0,0.0,1.0
216436364,5,Private Medical Practitioner,3,,,,,,,,,,,,,,
216436364,6,Hospital,3,,,,,,,,,,,,,,
216436364,7,Blood Bank,3,,,,,,,,,,1.0,1.0,1.0,1.0,1.0
217446465,1,Basic Health Unit,3,,,,,,,,,,,,,,
217446465,2,Rural Health Center,3,,,,,,,,,,,,,,
217446465,3,Clinic,3,,,,,,,,,,,,,,
217446465,4,Dispensary/pharmacy,3,,,,,,,,,,0.0,0.0,1.0,1.0,1.0
217446465,5,Private Medical Practitioner,3,,,,,,,,,,,,,,
217446465,6,Hospital,3,,,,,,,,,,0.0,0.0,1.0,1.0,1.0
217446465,7,Blood Bank,3,,,,,,,,,,,,,,
217446566,1,Basic Health Unit,3,,,,,,,,,,0.0,0.0,1.0,0.0,1.0
217446566,2,Rural Health Center,3,,,,,,,,,,1.0,1.0,1.0,1.0,1.0
217446566,3,Clinic,3,,,,,,,,,,,,,,
217446566,4,Dispensary/pharmacy,1,0.0,0.0,0.0,0.0,0.0,0.0,0.0,0.0,0.0,,,,,
217446566,5,Private Medical Practitioner,1,0.0,1.0,0.0,0.0,0.0,0.0,0.0,1.0,0.0,,,,,
217446566,6,Hospital,3,,,,,,,,,,,,,,
217446566,7,Blood Bank,3,,,,,,,,,,,,,,
217446667,1,Basic Health Unit,3,,,,,,,,,,1.0,1.0,1.0,1.0,1.0
217446667,2,Rural Health Center,3,,,,,,,,,,,,,,
217446667,3,Clinic,1,1.0,1.0,0.0,0.0,0.0,1.0,1.0,1.0,1.0,,,,,
217446667,4,Dispensary/pharmacy,3,,,,,,,,,,0.0,0.0,1.0,1.0,1.0
217446667,5,Private Medical Practitioner,1,1.0,1.0,0.0,0.0,0.0,1.0,1.0,1.0,1.0,,,,,
217446667,6,Hospital,1,1.0,1.0,1.0,1.0,1.0,1.0,1.0,1.0,1.0,,,,,
217446667,7,Blood Bank,3,,,,,,,,,,,,,,
217456768,1,Basic Health Unit,1,1.0,1.0,1.0,0.0,0.0,0.0,0.0,1.0,0.0,,,,,
217456768,2,Rural Health Center,3,,,,,,,,,,,,,,
217456768,3,Clinic,3,,,,,,,,,,,,,,
217456768,4,Dispensary/pharmacy,1,0.0,0.0,0.0,0.0,0.0,0.0,0.0,0.0,0.0,0.0,0.0,1.0,1.0,1.0
217456768,5,Private Medical Practitioner,3,,,,,,,,,,,,,,
217456768,6,Hospital,3,,,,,,,,,,,,,,
217456768,7,Blood Bank,3,,,,,,,,,,,,,,
318466869,1,Basic Health Unit,3,,,,,,,,,,,,,,
318466869,2,Rural Health Center,3,,,,,,,,,,,,,,
318466869,3,Clinic,3,,,,,,,,,,0.0,0.0,1.0,1.0,1.0
318466869,4,Dispensary/pharmacy,1,0.0,1.0,1.0,0.0,0.0,1.0,1.0,1.0,1.0,,,,,
318466869,5,Private Medical Practitioner,3,,,,,,,,,,,,,,
318466869,6,Hospital,3,,,,,,,,,,,,,,
318466869,7,Blood Bank,3,,,,,,,,,,,,,,
318466970,1,Basic Health Unit,1,1.0,1.0,1.0,1.0,1.0,1.0,1.0,1.0,1.0,,,,,
318466970,2,Rural Health Center,3,,,,,,,,,,,,,,
318466970,3,Clinic,1,1.0,1.0,1.0,0.0,0.0,1.0,1.0,1.0,1.0,,,,,
318466970,4,Dispensary/pharmacy,1,1.0,1.0,1.0,0.0,0.0,0.0,1.0,1.0,1.0,,,,,
318466970,5,Private Medical Practitioner,1,1.0,1.0,1.0,1.0,1.0,1.0,1.0,1.0,1.0,,,,,
318466970,6,Hospital,1,1.0,1.0,1.0,1.0,1.0,1.0,1.0,1.0,1.0,,,,,
318466970,7,Blood Bank,3,,,,,,,,,,,,,,
318467071,1,Basic Health Unit,1,1.0,1.0,1.0,0.0,0.0,0.0,1.0,1.0,1.0,,,,,
318467071,2,Rural Health Center,1,1.0,1.0,1.0,1.0,1.0,1.0,1.0,1.0,1.0,,,,,
318467071,3,Clinic,1,1.0,1.0,0.0,0.0,0.0,0.0,1.0,1.0,1.0,,,,,
318467071,4,Dispensary/pharmacy,1,1.0,1.0,1.0,0.0,0.0,0.0,1.0,1.0,1.0,,,,,
318467071,5,Private Medical Practitioner,1,1.0,1.0,1.0,0.0,0.0,0.0,1.0,1.0,1.0,,,,,
318467071,6,Hospital,1,1.0,1.0,1.0,1.0,1.0,1.0,1.0,1.0,1.0,,,,,
318467071,7,Blood Bank,3,,,,,,,,,,,,,,
318467172,1,Basic Health Unit,1,1.0,1.0,1.0,1.0,1.0,1.0,1.0,1.0,1.0,,,,,
318467172,2,Rural Health Center,1,1.0,1.0,1.0,1.0,1.0,1.0,1.0,1.0,1.0,,,,,
318467172,3,Clinic,1,0.0,0.0,0.0,0.0,0.0,0.0,1.0,1.0,1.0,,,,,
318467172,4,Dispensary/pharmacy,1,0.0,1.0,1.0,0.0,0.0,0.0,1.0,1.0,1.0,,,,,
318467172,5,Private Medical Practitioner,1,1.0,1.0,1.0,1.0,1.0,1.0,1.0,1.0,1.0,,,,,
318467172,6,Hospital,1,1.0,1.0,1.0,1.0,1.0,1.0,1.0,1.0,1.0,,,,,
318467172,7,Blood Bank,1,0.0,0.0,0.0,0.0,0.0,0.0,0.0,0.0,0.0,,,,,
319477273,1,Basic Health Unit,3,,,,,,,,,,0.0,0.0,0.0,0.0,0.0
319477273,2,Rural Health Center,3,,,,,,,,,,,,,,
319477273,3,Clinic,3,,,,,,,,,,,,,,
319477273,4,Dispensary/pharmacy,3,,,,,,,,,,,,,,
319477273,5,Private Medical Practitioner,3,,,,,,,,,,,,,,
319477273,6,Hospital,3,,,,,,,,,,,,,,
319477273,7,Blood Bank,3,,,,,,,,,,,,,,
319477274,1,Basic Health Unit,3,,,,,,,,,,,,,,
319477274,2,Rural Health Center,3,,,,,,,,,,,,,,
319477274,3,Clinic,3,,,,,,,,,,,,,,
319477274,4,Dispensary/pharmacy,3,,,,,,,,,,,,,,
319477274,5,Private Medical Practitioner,3,,,,,,,,,,,,,,
319477274,6,Hospital,3,,,,,,,,,,,,,,
319477274,7,Blood Bank,3,,,,,,,,,,,,,,
319477374,1,Basic Health Unit,1,1.0,1.0,1.0,1.0,1.0,1.0,1.0,1.0,1.0,,,,,
319477374,2,Rural Health Center,1,1.0,1.0,1.0,1.0,1.0,1.0,1.0,1.0,1.0,,,,,
319477374,3,Clinic,1,1.0,1.0,1.0,1.0,1.0,1.0,1.0,1.0,1.0,,,,,
319477374,4,Dispensary/pharmacy,1,1.0,1.0,1.0,1.0,1.0,1.0,1.0,1.0,1.0,,,,,
319477374,5,Private Medical Practitioner,1,1.0,1.0,1.0,1.0,1.0,1.0,1.0,1.0,1.0,,,,,
319477374,6,Hospital,1,1.0,1.0,1.0,1.0,1.0,1.0,1.0,1.0,1.0,,,,,
319477374,7,Blood Bank,3,,,,,,,,,,,,,,
319487476,1,Basic Health Unit,3,,,,,,,,,,,,,,
319487476,2,Rural Health Center,3,,,,,,,,,,,,,,
319487476,3,Clinic,3,,,,,,,,,,0.0,0.0,1.0,0.0,1.0
319487476,4,Dispensary/pharmacy,1,1.0,1.0,1.0,1.0,1.0,1.0,1.0,1.0,1.0,,,,,
319487476,5,Private Medical Practitioner,3,,,,,,,,,,,,,,
319487476,6,Hospital,3,,,,,,,,,,,,,,
319487476,7,Blood Bank,3,,,,,,,,,,,,,,
215395758,1,BASIC HEALTH UNIT (SMALLER),1,1.0,1.0,0.0,0.0,0.0,1.0,1.0,1.0,1.0,,,,,
215395758,2,RURAL HEALTH CENTER (LARGE),3,,,,,,,,,,,,,,
215395758,3,MATERNAL AND CHILD HEALTH CENTER,1,1.0,1.0,1.0,1.0,1.0,1.0,1.0,1.0,1.0,,,,,
215395758,4,PUBLIC HOSPITAL,3,,,,,,,,,,,,,,
215395758,5,PUBLIC DISPENSARY,1,1.0,1.0,0.0,0.0,0.0,1.0,1.0,1.0,1.0,,,,,
215395758,6,PRIVATE MEDICAL PRACTITIONER,3,,,,,,,,,,,,,,
215395758,7,PRIVATE CLINIC,1,1.0,1.0,0.0,0.0,0.0,1.0,1.0,1.0,1.0,,,,,
215395758,8,PRIVATE HOSPITAL,1,1.0,1.0,1.0,1.0,1.0,1.0,1.0,1.0,1.0,,,,,
213324952,1,BASIC HEALTH UNIT (SMALLER),3,,,,,,,,,,,,,,
213324952,2,RURAL HEALTH CENTER (LARGE),3,,,,,,,,,,,,,,
213324952,3,MATERNAL AND CHILD HEALTH CENTER,3,,,,,,,,,,,,,,
213324952,4,PUBLIC HOSPITAL,3,,,,,,,,,,,,,,
213324952,5,PUBLIC DISPENSARY,3,,,,,,,,,,,,,,
213324952,6,PRIVATE MEDICAL PRACTITIONER,3,,,,,,,,,,,,,,
213324952,7,PRIVATE CLINIC,3,,,,,,,,,,,,,,
213324952,8,PRIVATE HOSPITAL,3,,,,,,,,,,,,,,
102030405,1,BASIC HEALTH UNIT (SMALLER),3,,,,,,,,,,,,,,
102030405,2,RURAL HEALTH CENTER (LARGE),3,,,,,,,,,,,,,,
102030405,3,MATERNAL AND CHILD HEALTH CENTER,3,,,,,,,,,,0.0,0.0,1.0,0.0,1.0
102030405,4,PUBLIC HOSPITAL,3,,,,,,,,,,,,,,
102030405,5,PUBLIC DISPENSARY,3,,,,,,,,,,,,,,
102030405,6,PRIVATE MEDICAL PRACTITIONER,3,,,,,,,,,,,,,,
102030405,7,PRIVATE CLINIC,1,0.0,0.0,0.0,0.0,0.0,0.0,1.0,1.0,1.0,,,,,
102030405,8,PRIVATE HOSPITAL,3,,,,,,,,,,,,,,
105111819,1,BASIC HEALTH UNIT (SMALLER),3,,,,,,,,,,,,,,
105111819,2,RURAL HEALTH CENTER (LARGE),3,,,,,,,,,,,,,,
105111819,3,MATERNAL AND CHILD HEALTH CENTER,3,,,,,,,,,,,,,,
105111819,4,PUBLIC HOSPITAL,3,,,,,,,,,,,,,,
105111819,5,PUBLIC DISPENSARY,3,,,,,,,,,,,,,,
105111819,6,PRIVATE MEDICAL PRACTITIONER,3,,,,,,,,,,,,,,
105111819,7,PRIVATE CLINIC,3,,,,,,,,,,,,,,
105111819,8,PRIVATE HOSPITAL,3,,,,,,,,,,,,,,
105121920,1,BASIC HEALTH UNIT (SMALLER),1,0.0,1.0,1.0,0.0,0.0,1.0,1.0,1.0,1.0,,,,,
105121920,2,RURAL HEALTH CENTER (LARGE),3,,,,,,,,,,,,,,
105121920,3,MATERNAL AND CHILD HEALTH CENTER,3,,,,,,,,,,,,,,
105121920,4,PUBLIC HOSPITAL,3,,,,,,,,,,,,,,
105121920,5,PUBLIC DISPENSARY,3,,,,,,,,,,,,,,
105121920,6,PRIVATE MEDICAL PRACTITIONER,1,0.0,1.0,0.0,0.0,0.0,0.0,1.0,1.0,1.0,0.0,0.0,1.0,1.0,1.0
105121920,7,PRIVATE CLINIC,3,,,,,,,,,,,,,,
105121920,8,PRIVATE HOSPITAL,3,,,,,,,,,,,,,,
107162526,1,BASIC HEALTH UNIT (SMALLER),3,,,,,,,,,,,,,,
107162526,2,RURAL HEALTH CENTER (LARGE),3,,,,,,,,,,,,,,
107162526,3,MATERNAL AND CHILD HEALTH CENTER,3,,,,,,,,,,,,,,
107162526,4,PUBLIC HOSPITAL,3,,,,,,,,,,0.0,0.0,1.0,1.0,1.0
107162526,5,PUBLIC DISPENSARY,3,,,,,,,,,,,,,,
107162526,6,PRIVATE MEDICAL PRACTITIONER,3,,,,,,,,,,,,,,
107162526,7,PRIVATE CLINIC,1,0.0,1.0,0.0,0.0,0.0,1.0,1.0,1.0,1.0,,,,,
107162526,8,PRIVATE HOSPITAL,3,,,,,,,,,,,,,,
104081415,1,BASIC HEALTH UNIT (SMALLER),3,,,,,,,,,,,,,,
104081415,2,RURAL HEALTH CENTER (LARGE),3,,,,,,,,,,,,,,
104081415,3,MATERNAL AND CHILD HEALTH CENTER,3,,,,,,,,,,,,,,
104081415,4,PUBLIC HOSPITAL,3,,,,,,,,,,,,,,
104081415,5,PUBLIC DISPENSARY,3,,,,,,,,,,,,,,
104081415,6,PRIVATE MEDICAL PRACTITIONER,3,,,,,,,,,,0.0,0.0,1.0,0.0,1.0
104081415,7,PRIVATE CLINIC,1,0.0,1.0,0.0,0.0,0.0,1.0,1.0,1.0,1.0,,,,,
104081415,8,PRIVATE HOSPITAL,3,,,,,,,,,,,,,,
104091516,1,BASIC HEALTH UNIT (SMALLER),3,,,,,,,,,,,,,,
104091516,2,RURAL HEALTH CENTER (LARGE),3,,,,,,,,,,,,,,
104091516,3,MATERNAL AND CHILD HEALTH CENTER,3,,,,,,,,,,,,,,
104091516,4,PUBLIC HOSPITAL,3,,,,,,,,,,,,,,
104091516,5,PUBLIC DISPENSARY,1,1.0,1.0,0.0,0.0,0.0,0.0,1.0,1.0,1.0,,,,,
104091516,6,PRIVATE MEDICAL PRACTITIONER,3,,,,,,,,,,,,,,
104091516,7,PRIVATE CLINIC,1,1.0,1.0,0.0,0.0,0.0,0.0,1.0,1.0,1.0,,,,,
104091516,8,PRIVATE HOSPITAL,3,,,,,,,,,,,,,,
101010101,1,BASIC HEALTH UNIT (SMALLER),3,,,,,,,,,,,,,,
101010101,2,RURAL HEALTH CENTER (LARGE),3,,,,,,,,,,,,,,
101010101,3,MATERNAL AND CHILD HEALTH CENTER,3,,,,,,,,,,,,,,
101010101,4,PUBLIC HOSPITAL,3,,,,,,,,,,,,,,
101010101,5,PUBLIC DISPENSARY,3,,,,,,,,,,,,,,
101010101,6,PRIVATE MEDICAL PRACTITIONER,3,,,,,,,,,,,,,,
101010101,7,PRIVATE CLINIC,3,,,,,,,,,,,,,,
101010101,8,PRIVATE HOSPITAL,3,,,,,,,,,,,,,,
101010101,9,ATAE DOCTOR,1,0.0,1.0,0.0,0.0,0.0,0.0,1.0,1.0,1.0,,,,,
217446566,1,BASIC HEALTH UNIT (SMALLER),3,,,,,,,,,,,,,,
217446566,2,RURAL HEALTH CENTER (LARGE),3,,,,,,,,,,,,,,
217446566,3,MATERNAL AND CHILD HEALTH CENTER,3,,,,,,,,,,,,,,
217446566,4,PUBLIC HOSPITAL,1,1.0,1.0,1.0,1.0,1.0,1.0,1.0,1.0,1.0,,,,,
217446566,5,PUBLIC DISPENSARY,3,,,,,,,,,,,,,,
217446566,6,PRIVATE MEDICAL PRACTITIONER,3,,,,,,,,,,,,,,
217446566,7,PRIVATE CLINIC,1,0.0,1.0,0.0,0.0,0.0,1.0,1.0,1.0,1.0,,,,,
217446566,8,PRIVATE HOSPITAL,3,,,,,,,,,,,,,,
318466970,1,BASIC HEALTH UNIT (SMALLER),3,,,,,,,,,,,,,,
318466970,2,RURAL HEALTH CENTER (LARGE),3,,,,,,,,,,,,,,
318466970,3,MATERNAL AND CHILD HEALTH CENTER,3,,,,,,,,,,,,,,
318466970,4,PUBLIC HOSPITAL,3,,,,,,,,,,,,,,
318466970,5,PUBLIC DISPENSARY,3,,,,,,,,,,,,,,
318466970,6,PRIVATE MEDICAL PRACTITIONER,3,,,,,,,,,,,,,,
318466970,7,PRIVATE CLINIC,3,,,,,,,,,,,,,,
318466970,8,PRIVATE HOSPITAL,3,,,,,,,,,,,,,,
318467172,1,BASIC HEALTH UNIT (SMALLER),3,,,,,,,,,,,,,,
318467172,2,RURAL HEALTH CENTER (LARGE),3,,,,,,,,,,,,,,
318467172,3,MATERNAL AND CHILD HEALTH CENTER,3,,,,,,,,,,,,,,
318467172,4,PUBLIC HOSPITAL,3,,,,,,,,,,,,,,
318467172,5,PUBLIC DISPENSARY,3,,,,,,,,,,,,,,
318467172,6,PRIVATE MEDICAL PRACTITIONER,3,,,,,,,,,,,,,,
318467172,7,PRIVATE CLINIC,3,,,,,,,,,,,,,,
318467172,8,PRIVATE HOSPITAL,3,,,,,,,,,,,,,,
217456768,1,BASIC HEALTH UNIT (SMALLER),3,,,,,,,,,,,,,,
217456768,2,RURAL HEALTH CENTER (LARGE),3,,,,,,,,,,,,,,
217456768,3,MATERNAL AND CHILD HEALTH CENTER,3,,,,,,,,,,,,,,
217456768,4,PUBLIC HOSPITAL,3,,,,,,,,,,,,,,
217456768,5,PUBLIC DISPENSARY,1,1.0,1.0,0.0,0.0,0.0,1.0,1.0,1.0,1.0,,,,,
217456768,6,PRIVATE MEDICAL PRACTITIONER,3,,,,,,,,,,,,,,
217456768,7,PRIVATE CLINIC,3,,,,,,,,,,,,,,
217456768,8,PRIVATE HOSPITAL,3,,,,,,,,,,,,,,
112314748,1,BASIC HEALTH UNIT (SMALLER),3,,,,,,,,,,,,,,
112314748,2,RURAL HEALTH CENTER (LARGE),3,,,,,,,,,,,,,,
112314748,3,MATERNAL AND CHILD HEALTH CENTER,3,,,,,,,,,,,,,,
112314748,4,PUBLIC HOSPITAL,3,,,,,,,,,,,,,,
112314748,5,PUBLIC DISPENSARY,3,,,,,,,,,,,,,,
112314748,6,PRIVATE MEDICAL PRACTITIONER,3,,,,,,,,,,,,,,
112314748,7,PRIVATE CLINIC,3,,,,,,,,,,,,,,
112314748,8,PRIVATE HOSPITAL,3,,,,,,,,,,,,,,
213324950,1,BASIC HEALTH UNIT (SMALLER),3,,,,,,,,,,,,,,
213324950,2,RURAL HEALTH CENTER (LARGE),3,,,,,,,,,,,,,,
213324950,3,MATERNAL AND CHILD HEALTH CENTER,3,,,,,,,,,,,,,,
213324950,4,PUBLIC HOSPITAL,3,,,,,,,,,,,,,,
213324950,5,PUBLIC DISPENSARY,3,,,,,,,,,,,,,,
213324950,6,PRIVATE MEDICAL PRACTITIONER,3,,,,,,,,,,,,,,
213324950,7,PRIVATE CLINIC,3,,,,,,,,,,,,,,
213324950,8,PRIVATE HOSPITAL,3,,,,,,,,,,,,,,
213324849,1,BASIC HEALTH UNIT (SMALLER),3,,,,,,,,,,,,,,
213324849,2,RURAL HEALTH CENTER (LARGE),3,,,,,,,,,,,,,,
213324849,3,MATERNAL AND CHILD HEALTH CENTER,3,,,,,,,,,,,,,,
213324849,4,PUBLIC HOSPITAL,3,,,,,,,,,,,,,,
213324849,5,PUBLIC DISPENSARY,3,,,,,,,,,,,,,,
213324849,6,PRIVATE MEDICAL PRACTITIONER,3,,,,,,,,,,,,,,
213324849,7,PRIVATE CLINIC,3,,,,,,,,,,,,,,
213324849,8,PRIVATE HOSPITAL,3,,,,,,,,,,,,,,
112304546,1,BASIC HEALTH UNIT (SMALLER),3,,,,,,,,,,,,,,
112304546,2,RURAL HEALTH CENTER (LARGE),3,,,,,,,,,,,,,,
112304546,3,MATERNAL AND CHILD HEALTH CENTER,3,,,,,,,,,,,,,,
112304546,4,PUBLIC HOSPITAL,3,,,,,,,,,,,,,,
112304546,5,PUBLIC DISPENSARY,3,,,,,,,,,,,,,,
112304546,6,PRIVATE MEDICAL PRACTITIONER,3,,,,,,,,,,,,,,
112304546,7,PRIVATE CLINIC,3,,,,,,,,,,,,,,
112304546,8,PRIVATE HOSPITAL,3,,,,,,,,,,,,,,
217446465,1,BASIC HEALTH UNIT (SMALLER),1,1.0,1.0,0.0,0.0,0.0,1.0,1.0,1.0,1.0,,,,,
217446465,2,RURAL HEALTH CENTER (LARGE),3,,,,,,,,,,,,,,
217446465,3,MATERNAL AND CHILD HEALTH CENTER,3,,,,,,,,,,,,,,
217446465,4,PUBLIC HOSPITAL,3,,,,,,,,,,,,,,
217446465,5,PUBLIC DISPENSARY,3,,,,,,,,,,,,,,
217446465,6,PRIVATE MEDICAL PRACTITIONER,3,,,,,,,,,,,,,,
217446465,7,PRIVATE CLINIC,1,1.0,1.0,0.0,0.0,0.0,1.0,1.0,1.0,1.0,,,,,
217446465,8,PRIVATE HOSPITAL,3,,,,,,,,,,,,,,
214345253,1,BASIC HEALTH UNIT (SMALLER),1,1.0,0.0,0.0,1.0,1.0,0.0,0.0,1.0,0.0,,,,,
214345253,2,RURAL HEALTH CENTER (LARGE),3,,,,,,,,,,,,,,
214345253,3,MATERNAL AND CHILD HEALTH CENTER,3,,,,,,,,,,,,,,
214345253,4,PUBLIC HOSPITAL,1,1.0,1.0,1.0,1.0,1.0,1.0,1.0,1.0,1.0,,,,,
214345253,5,PUBLIC DISPENSARY,3,,,,,,,,,,,,,,
214345253,6,PRIVATE MEDICAL PRACTITIONER,1,0.0,1.0,0.0,0.0,0.0,1.0,0.0,1.0,1.0,,,,,
214345253,7,PRIVATE CLINIC,1,0.0,1.0,0.0,0.0,0.0,1.0,1.0,1.0,1.0,,,,,
214345253,8,PRIVATE HOSPITAL,3,,,,,,,,,,,,,,
215395859,1,BASIC HEALTH UNIT (SMALLER),3,,,,,,,,,,,,,,
215395859,2,RURAL HEALTH CENTER (LARGE),3,,,,,,,,,,,,,,
215395859,3,MATERNAL AND CHILD HEALTH CENTER,3,,,,,,,,,,,,,,
215395859,4,PUBLIC HOSPITAL,3,,,,,,,,,,,,,,
215395859,5,PUBLIC DISPENSARY,1,1.0,1.0,1.0,0.0,0.0,1.0,0.0,1.0,1.0,,,,,
215395859,6,PRIVATE MEDICAL PRACTITIONER,3,,,,,,,,,,,,,,
215395859,7,PRIVATE CLINIC,3,,,,,,,,,,,,,,
215395859,8,PRIVATE HOSPITAL,3,,,,,,,,,,,,,,
215405960,1,BASIC HEALTH UNIT (SMALLER),3,,,,,,,,,,,,,,
215405960,2,RURAL HEALTH CENTER (LARGE),3,,,,,,,,,,,,,,
215405960,3,MATERNAL AND CHILD HEALTH CENTER,3,,,,,,,,,,,,,,
215405960,4,PUBLIC HOSPITAL,3,,,,,,,,,,,,,,
215405960,5,PUBLIC DISPENSARY,3,,,,,,,,,,,,,,
215405960,6,PRIVATE MEDICAL PRACTITIONER,3,,,,,,,,,,,,,,
215405960,7,PRIVATE CLINIC,3,,,,,,,,,,,,,,
215405960,8,PRIVATE HOSPITAL,3,,,,,,,,,,,,,,
318466869,1,BASIC HEALTH UNIT (SMALLER),3,,,,,,,,,,,,,,
318466869,2,RURAL HEALTH CENTER (LARGE),3,,,,,,,,,,,,,,
318466869,3,MATERNAL AND CHILD HEALTH CENTER,3,,,,,,,,,,,,,,
318466869,4,PUBLIC HOSPITAL,3,,,,,,,,,,,,,,
318466869,5,PUBLIC DISPENSARY,3,,,,,,,,,,,,,,
318466869,6,PRIVATE MEDICAL PRACTITIONER,3,,,,,,,,,,,,,,
318466869,7,PRIVATE CLINIC,3,,,,,,,,,,,,,,
318466869,8,PRIVATE HOSPITAL,3,,,,,,,,,,,,,,
214365455,1,BASIC HEALTH UNIT (SMALLER),3,,,,,,,,,,,,,,
214365455,2,RURAL HEALTH CENTER (LARGE),3,,,,,,,,,,,,,,
214365455,3,MATERNAL AND CHILD HEALTH CENTER,1,1.0,1.0,1.0,1.0,1.0,1.0,0.0,1.0,1.0,,,,,
214365455,4,PUBLIC HOSPITAL,3,,,,,,,,,,,,,,
214365455,5,PUBLIC DISPENSARY,3,,,,,,,,,,,,,,
214365455,6,PRIVATE MEDICAL PRACTITIONER,1,0.0,1.0,0.0,0.0,0.0,1.0,0.0,1.0,1.0,,,,,
214365455,7,PRIVATE CLINIC,1,0.0,1.0,0.0,0.0,0.0,1.0,1.0,1.0,1.0,,,,,
214365455,8,PRIVATE HOSPITAL,3,,,,,,,,,,,,,,
217446667,1,BASIC HEALTH UNIT (SMALLER),1,1.0,1.0,0.0,0.0,0.0,1.0,1.0,1.0,1.0,,,,,
217446667,2,RURAL HEALTH CENTER (LARGE),3,,,,,,,,,,,,,,
217446667,3,MATERNAL AND CHILD HEALTH CENTER,3,,,,,,,,,,,,,,
217446667,4,PUBLIC HOSPITAL,3,,,,,,,,,,,,,,
217446667,5,PUBLIC DISPENSARY,3,,,,,,,,,,,,,,
217446667,6,PRIVATE MEDICAL PRACTITIONER,3,,,,,,,,,,,,,,
217446667,7,PRIVATE CLINIC,3,,,,,,,,,,,,,,
217446667,8,PRIVATE HOSPITAL,3,,,,,,,,,,,,,,
104081213,1,BASIC HEALTH UNIT (SMALLER),3,,,,,,,,,,,,,,
104081213,2,RURAL HEALTH CENTER (LARGE),3,,,,,,,,,,,,,,
104081213,3,MATERNAL AND CHILD HEALTH CENTER,3,,,,,,,,,,,,,,
104081213,4,PUBLIC HOSPITAL,3,,,,,,,,,,,,,,
104081213,5,PUBLIC DISPENSARY,3,,,,,,,,,,,,,,
104081213,6,PRIVATE MEDICAL PRACTITIONER,3,,,,,,,,,,,,,,
104081213,7,PRIVATE CLINIC,1,0.0,1.0,0.0,0.0,0.0,0.0,1.0,1.0,1.0,,,,,
104081213,8,PRIVATE HOSPITAL,3,,,,,,,,,,,,,,
101020304,1,BASIC HEALTH UNIT (SMALLER),3,,,,,,,,,,,,,,
101020304,2,RURAL HEALTH CENTER (LARGE),3,,,,,,,,,,,,,,
101020304,3,MATERNAL AND CHILD HEALTH CENTER,3,,,,,,,,,,,,,,
101020304,4,PUBLIC HOSPITAL,3,,,,,,,,,,,,,,
101020304,5,PUBLIC DISPENSARY,3,,,,,,,,,,,,,,
101020304,6,PRIVATE MEDICAL PRACTITIONER,3,,,,,,,,,,,,,,
101020304,7,PRIVATE CLINIC,3,,,,,,,,,,,,,,
101020304,8,PRIVATE HOSPITAL,3,,,,,,,,,,,,,,
101020304,9,ATAE DOCTOR,1,0.0,1.0,0.0,0.0,0.0,0.0,1.0,1.0,1.0,,,,,
104081314,1,BASIC HEALTH UNIT (SMALLER),1,1.0,1.0,0.0,0.0,0.0,0.0,1.0,1.0,1.0,,,,,
104081314,2,RURAL HEALTH CENTER (LARGE),3,,,,,,,,,,,,,,
104081314,3,MATERNAL AND CHILD HEALTH CENTER,3,,,,,,,,,,,,,,
104081314,4,PUBLIC HOSPITAL,3,,,,,,,,,,,,,,
104081314,5,PUBLIC DISPENSARY,3,,,,,,,,,,,,,,
104081314,6,PRIVATE MEDICAL PRACTITIONER,3,,,,,,,,,,,,,,
104081314,7,PRIVATE CLINIC,1,0.0,1.0,0.0,0.0,0.0,0.0,1.0,1.0,1.0,,,,,
104081314,8,PRIVATE HOSPITAL,3,,,,,,,,,,,,,,
102030607,1,BASIC HEALTH UNIT (SMALLER),3,,,,,,,,,,,,,,
102030607,2,RURAL HEALTH CENTER (LARGE),3,,,,,,,,,,,,,,
102030607,3,MATERNAL AND CHILD HEALTH CENTER,3,,,,,,,,,,,,,,
102030607,4,PUBLIC HOSPITAL,3,,,,,,,,,,,,,,
102030607,5,PUBLIC DISPENSARY,3,,,,,,,,,,,,,,
102030607,6,PRIVATE MEDICAL PRACTITIONER,3,,,,,,,,,,,,,,
102030607,7,PRIVATE CLINIC,3,,,,,,,,,,,,,,
102030607,8,PRIVATE HOSPITAL,3,,,,,,,,,,,,,,
102030607,9,ATAE DOCTOR,1,0.0,1.0,0.0,0.0,0.0,1.0,1.0,1.0,1.0,,,,,
102040708,1,BASIC HEALTH UNIT (SMALLER),3,,,,,,,,,,,,,,
102040708,2,RURAL HEALTH CENTER (LARGE),3,,,,,,,,,,,,,,
102040708,3,MATERNAL AND CHILD HEALTH CENTER,3,,,,,,,,,,,,,,
102040708,4,PUBLIC HOSPITAL,3,,,,,,,,,,,,,,
102040708,5,PUBLIC DISPENSARY,3,,,,,,,,,,,,,,
102040708,6,PRIVATE MEDICAL PRACTITIONER,3,,,,,,,,,,,,,,
102040708,7,PRIVATE CLINIC,3,,,,,,,,,,,,,,
102040708,8,PRIVATE HOSPITAL,3,,,,,,,,,,,,,,
102030506,1,BASIC HEALTH UNIT (SMALLER),3,,,,,,,,,,,,,,
102030506,2,RURAL HEALTH CENTER (LARGE),3,,,,,,,,,,,,,,
102030506,3,MATERNAL AND CHILD HEALTH CENTER,3,,,,,,,,,,,,,,
102030506,4,PUBLIC HOSPITAL,3,,,,,,,,,,,,,,
102030506,5,PUBLIC DISPENSARY,3,,,,,,,,,,,,,,
102030506,6,PRIVATE MEDICAL PRACTITIONER,3,,,,,,,,,,,,,,
102030506,7,PRIVATE CLINIC,3,,,,,,,,,,,,,,
102030506,8,PRIVATE HOSPITAL,3,,,,,,,,,,,,,,
106132021,1,BASIC HEALTH UNIT (SMALLER),3,,,,,,,,,,,,,,
106132021,2,RURAL HEALTH CENTER (LARGE),3,,,,,,,,,,,,,,
106132021,3,MATERNAL AND CHILD HEALTH CENTER,3,,,,,,,,,,,,,,
106132021,4,PUBLIC HOSPITAL,3,,,,,,,,,,,,,,
106132021,5,PUBLIC DISPENSARY,3,,,,,,,,,,,,,,
106132021,6,PRIVATE MEDICAL PRACTITIONER,3,,,,,,,,,,,,,,
106132021,7,PRIVATE CLINIC,3,,,,,,,,,,,,,,
106132021,8,PRIVATE HOSPITAL,3,,,,,,,,,,,,,,
112304647,1,BASIC HEALTH UNIT (SMALLER),3,,,,,,,,,,,,,,
112304647,2,RURAL HEALTH CENTER (LARGE),3,,,,,,,,,,,,,,
112304647,3,MATERNAL AND CHILD HEALTH CENTER,3,,,,,,,,,,,,,,
112304647,4,PUBLIC HOSPITAL,3,,,,,,,,,,,,,,
112304647,5,PUBLIC DISPENSARY,3,,,,,,,,,,,,,,
112304647,6,PRIVATE MEDICAL PRACTITIONER,3,,,,,,,,,,,,,,
112304647,7,PRIVATE CLINIC,3,,,,,,,,,,,,,,
112304647,8,PRIVATE HOSPITAL,3,,,,,,,,,,,,,,
112304647,9,ATAE DOCTOR,1,0.0,0.0,0.0,0.0,0.0,1.0,1.0,1.0,1.0,,,,,
103050809,1,BASIC HEALTH UNIT (SMALLER),3,,,,,,,,,,,,,,
103050809,2,RURAL HEALTH CENTER (LARGE),3,,,,,,,,,,,,,,
103050809,3,MATERNAL AND CHILD HEALTH CENTER,3,,,,,,,,,,,,,,
103050809,4,PUBLIC HOSPITAL,3,,,,,,,,,,,,,,
103050809,5,PUBLIC DISPENSARY,3,,,,,,,,,,,,,,
103050809,6,PRIVATE MEDICAL PRACTITIONER,3,,,,,,,,,,,,,,
103050809,7,PRIVATE CLINIC,3,,,,,,,,,,,,,,
103050809,8,PRIVATE HOSPITAL,3,,,,,,,,,,,,,,
105101718,1,BASIC HEALTH UNIT (SMALLER),3,,,,,,,,,,,,,,
105101718,2,RURAL HEALTH CENTER (LARGE),3,,,,,,,,,,,,,,
105101718,3,MATERNAL AND CHILD HEALTH CENTER,3,,,,,,,,,,,,,,
105101718,4,PUBLIC HOSPITAL,3,,,,,,,,,,,,,,
105101718,5,PUBLIC DISPENSARY,3,,,,,,,,,,,,,,
105101718,6,PRIVATE MEDICAL PRACTITIONER,3,,,,,,,,,,,,,,
105101718,7,PRIVATE CLINIC,1,0.0,1.0,0.0,0.0,0.0,1.0,0.0,1.0,1.0,,,,,
105101718,8,PRIVATE HOSPITAL,3,,,,,,,,,,,,,,
110243839,1,BASIC HEALTH UNIT (SMALLER),3,,,,,,,,,,,,,,
110243839,2,RURAL HEALTH CENTER (LARGE),3,,,,,,,,,,,,,,
110243839,3,MATERNAL AND CHILD HEALTH CENTER,3,,,,,,,,,,,,,,
110243839,4,PUBLIC HOSPITAL,3,,,,,,,,,,,,,,
110243839,5,PUBLIC DISPENSARY,3,,,,,,,,,,,,,,
110243839,6,PRIVATE MEDICAL PRACTITIONER,3,,,,,,,,,,,,,,
110243839,7,PRIVATE CLINIC,3,,,,,,,,,,,,,,
110243839,8,PRIVATE HOSPITAL,3,,,,,,,,,,,,,,
110243839,9,ATAE DOCTOR,1,0.0,0.0,0.0,0.0,0.0,0.0,0.0,1.0,1.0,,,,,
110243738,1,BASIC HEALTH UNIT (SMALLER),3,,,,,,,,,,,,,,
110243738,2,RURAL HEALTH CENTER (LARGE),3,,,,,,,,,,,,,,
110243738,3,MATERNAL AND CHILD HEALTH CENTER,3,,,,,,,,,,,,,,
110243738,4,PUBLIC HOSPITAL,3,,,,,,,,,,,,,,
110243738,5,PUBLIC DISPENSARY,3,,,,,,,,,,,,,,
110243738,6,PRIVATE MEDICAL PRACTITIONER,3,,,,,,,,,,,,,,
110243738,7,PRIVATE CLINIC,3,,,,,,,,,,,,,,
110243738,8,PRIVATE HOSPITAL,3,,,,,,,,,,,,,,
109233435,1,BASIC HEALTH UNIT (SMALLER),3,,,,,,,,,,,,,,
109233435,2,RURAL HEALTH CENTER (LARGE),3,,,,,,,,,,,,,,
109233435,3,MATERNAL AND CHILD HEALTH CENTER,3,,,,,,,,,,,,,,
109233435,4,PUBLIC HOSPITAL,3,,,,,,,,,,,,,,
109233435,5,PUBLIC DISPENSARY,3,,,,,,,,,,,,,,
109233435,6,PRIVATE MEDICAL PRACTITIONER,3,,,,,,,,,,,,,,
109233435,7,PRIVATE CLINIC,3,,,,,,,,,,,,,,
109233435,8,PRIVATE HOSPITAL,3,,,,,,,,,,,,,,
109233435,9,ATAE DOCTOR,1,0.0,1.0,0.0,0.0,0.0,0.0,1.0,1.0,1.0,,,,,
110253940,1,BASIC HEALTH UNIT (SMALLER),3,,,,,,,,,,,,,,
110253940,2,RURAL HEALTH CENTER (LARGE),3,,,,,,,,,,,,,,
110253940,3,MATERNAL AND CHILD HEALTH CENTER,3,,,,,,,,,,,,,,
110253940,4,PUBLIC HOSPITAL,3,,,,,,,,,,,,,,
110253940,5,PUBLIC DISPENSARY,3,,,,,,,,,,,,,,
110253940,6,PRIVATE MEDICAL PRACTITIONER,3,,,,,,,,,,,,,,
110253940,7,PRIVATE CLINIC,1,0.0,1.0,0.0,0.0,0.0,1.0,1.0,1.0,1.0,,,,,
110253940,8,PRIVATE HOSPITAL,3,,,,,,,,,,,,,,
110253940,10,HAKEEM,1,0.0,1.0,0.0,0.0,0.0,1.0,0.0,1.0,1.0,,,,,
216416061,1,BASIC HEALTH UNIT (SMALLER),3,,,,,,,,,,,,,,
216416061,2,RURAL HEALTH CENTER (LARGE),3,,,,,,,,,,,,,,
216416061,3,MATERNAL AND CHILD HEALTH CENTER,3,,,,,,,,,,,,,,
216416061,4,PUBLIC HOSPITAL,3,,,,,,,,,,,,,,
216416061,5,PUBLIC DISPENSARY,1,0.0,1.0,0.0,0.0,0.0,0.0,0.0,1.0,1.0,,,,,
216416061,6,PRIVATE MEDICAL PRACTITIONER,3,,,,,,,,,,,,,,
216416061,7,PRIVATE CLINIC,3,,,,,,,,,,,,,,
216416061,8,PRIVATE HOSPITAL,3,,,,,,,,,,,,,,
216416162,1,BASIC HEALTH UNIT (SMALLER),3,,,,,,,,,,,,,,
216416162,2,RURAL HEALTH CENTER (LARGE),3,,,,,,,,,,,,,,
216416162,3,MATERNAL AND CHILD HEALTH CENTER,3,,,,,,,,,,,,,,
216416162,4,PUBLIC HOSPITAL,3,,,,,,,,,,,,,,
216416162,5,PUBLIC DISPENSARY,3,,,,,,,,,,,,,,
216416162,6,PRIVATE MEDICAL PRACTITIONER,3,,,,,,,,,,,,,,
216416162,7,PRIVATE CLINIC,1,1.0,1.0,0.0,0.0,0.0,0.0,0.0,1.0,0.0,,,,,
216416162,8,PRIVATE HOSPITAL,3,,,,,,,,,,,,,,
216426263,1,BASIC HEALTH UNIT (SMALLER),3,,,,,,,,,,,,,,
216426263,2,RURAL HEALTH CENTER (LARGE),3,,,,,,,,,,,,,,
216426263,3,MATERNAL AND CHILD HEALTH CENTER,3,,,,,,,,,,,,,,
216426263,4,PUBLIC HOSPITAL,3,,,,,,,,,,,,,,
216426263,5,PUBLIC DISPENSARY,3,,,,,,,,,,,,,,
216426263,6,PRIVATE MEDICAL PRACTITIONER,3,,,,,,,,,,,,,,
216426263,7,PRIVATE CLINIC,3,,,,,,,,,,,,,,
216426263,8,PRIVATE HOSPITAL,3,,,,,,,,,,,,,,
214375556,1,BASIC HEALTH UNIT (SMALLER),3,,,,,,,,,,,,,,
214375556,2,RURAL HEALTH CENTER (LARGE),3,,,,,,,,,,,,,,
214375556,3,MATERNAL AND CHILD HEALTH CENTER,3,,,,,,,,,,,,,,
214375556,4,PUBLIC HOSPITAL,3,,,,,,,,,,,,,,
214375556,5,PUBLIC DISPENSARY,3,,,,,,,,,,,,,,
214375556,6,PRIVATE MEDICAL PRACTITIONER,3,,,,,,,,,,,,,,
214375556,7,PRIVATE CLINIC,3,,,,,,,,,,,,,,
214375556,8,PRIVATE HOSPITAL,3,,,,,,,,,,,,,,
318467071,1,BASIC HEALTH UNIT (SMALLER),3,,,,,,,,,,,,,,
318467071,2,RURAL HEALTH CENTER (LARGE),3,,,,,,,,,,,,,,
318467071,3,MATERNAL AND CHILD HEALTH CENTER,3,,,,,,,,,,,,,,
318467071,4,PUBLIC HOSPITAL,3,,,,,,,,,,,,,,
318467071,5,PUBLIC DISPENSARY,3,,,,,,,,,,,,,,
318467071,6,PRIVATE MEDICAL PRACTITIONER,3,,,,,,,,,,,,,,
318467071,7,PRIVATE CLINIC,3,,,,,,,,,,,,,,
318467071,8,PRIVATE HOSPITAL,3,,,,,,,,,,,,,,
319477273,1,BASIC HEALTH UNIT (SMALLER),3,,,,,,,,,,,,,,
319477273,2,RURAL HEALTH CENTER (LARGE),3,,,,,,,,,,,,,,
319477273,3,MATERNAL AND CHILD HEALTH CENTER,3,,,,,,,,,,,,,,
319477273,4,PUBLIC HOSPITAL,3,,,,,,,,,,,,,,
319477273,5,PUBLIC DISPENSARY,3,,,,,,,,,,,,,,
319477273,6,PRIVATE MEDICAL PRACTITIONER,3,,,,,,,,,,,,,,
319477273,7,PRIVATE CLINIC,3,,,,,,,,,,,,,,
319477273,8,PRIVATE HOSPITAL,3,,,,,,,,,,,,,,
107152425,1,BASIC HEALTH UNIT (SMALLER),3,,,,,,,,,,,,,,
107152425,2,RURAL HEALTH CENTER (LARGE),3,,,,,,,,,,,,,,
107152425,3,MATERNAL AND CHILD HEALTH CENTER,3,,,,,,,,,,,,,,
107152425,4,PUBLIC HOSPITAL,3,,,,,,,,,,,,,,
107152425,5,PUBLIC DISPENSARY,3,,,,,,,,,,,,,,
107152425,6,PRIVATE MEDICAL PRACTITIONER,3,,,,,,,,,,,,,,
107152425,7,PRIVATE CLINIC,3,,,,,,,,,,,,,,
107152425,8,PRIVATE HOSPITAL,3,,,,,,,,,,,,,,
319487476,1,BASIC HEALTH UNIT (SMALLER),1,1.0,1.0,1.0,1.0,1.0,1.0,1.0,1.0,1.0,,,,,
319487476,2,RURAL HEALTH CENTER (LARGE),3,,,,,,,,,,,,,,
319487476,3,MATERNAL AND CHILD HEALTH CENTER,3,,,,,,,,,,,,,,
319487476,4,PUBLIC HOSPITAL,1,1.0,1.0,1.0,1.0,1.0,1.0,1.0,1.0,1.0,,,,,
319487476,5,PUBLIC DISPENSARY,3,,,,,,,,,,,,,,
319487476,6,PRIVATE MEDICAL PRACTITIONER,1,0.0,1.0,0.0,0.0,0.0,0.0,1.0,1.0,1.0,,,,,
319487476,7,PRIVATE CLINIC,1,0.0,1.0,0.0,0.0,0.0,0.0,1.0,1.0,1.0,,,,,
319487476,8,PRIVATE HOSPITAL,1,1.0,1.0,1.0,1.0,1.0,1.0,1.0,1.0,1.0,,,,,
108203031,1,BASIC HEALTH UNIT (SMALLER),3,,,,,,,,,,,,,,
108203031,2,RURAL HEALTH CENTER (LARGE),3,,,,,,,,,,,,,,
108203031,3,MATERNAL AND CHILD HEALTH CENTER,3,,,,,,,,,,,,,,
108203031,4,PUBLIC HOSPITAL,3,,,,,,,,,,,,,,
108203031,5,PUBLIC DISPENSARY,3,,,,,,,,,,,,,,
108203031,6,PRIVATE MEDICAL PRACTITIONER,3,,,,,,,,,,,,,,
108203031,7,PRIVATE CLINIC,3,,,,,,,,,,,,,,
108203031,8,PRIVATE HOSPITAL,3,,,,,,,,,,,,,,
108213132,1,BASIC HEALTH UNIT (SMALLER),3,,,,,,,,,,,,,,
108213132,2,RURAL HEALTH CENTER (LARGE),3,,,,,,,,,,,,,,
108213132,3,MATERNAL AND CHILD HEALTH CENTER,3,,,,,,,,,,,,,,
108213132,4,PUBLIC HOSPITAL,3,,,,,,,,,,,,,,
108213132,5,PUBLIC DISPENSARY,3,,,,,,,,,,,,,,
108213132,6,PRIVATE MEDICAL PRACTITIONER,3,,,,,,,,,,,,,,
108213132,7,PRIVATE CLINIC,3,,,,,,,,,,,,,,
108213132,8,PRIVATE HOSPITAL,3,,,,,,,,,,,,,,
109223233,1,BASIC HEALTH UNIT (SMALLER),3,,,,,,,,,,,,,,
109223233,2,RURAL HEALTH CENTER (LARGE),3,,,,,,,,,,,,,,
109223233,3,MATERNAL AND CHILD HEALTH CENTER,3,,,,,,,,,,,,,,
109223233,4,PUBLIC HOSPITAL,3,,,,,,,,,,,,,,
109223233,5,PUBLIC DISPENSARY,3,,,,,,,,,,,,,,
109223233,6,PRIVATE MEDICAL PRACTITIONER,3,,,,,,,,,,,,,,
109223233,7,PRIVATE CLINIC,3,,,,,,,,,,,,,,
109223233,8,PRIVATE HOSPITAL,3,,,,,,,,,,,,,,
109233536,1,BASIC HEALTH UNIT (SMALLER),3,,,,,,,,,,,,,,
109233536,2,RURAL HEALTH CENTER (LARGE),3,,,,,,,,,,,,,,
109233536,3,MATERNAL AND CHILD HEALTH CENTER,3,,,,,,,,,,,,,,
109233536,4,PUBLIC HOSPITAL,3,,,,,,,,,,,,,,
109233536,5,PUBLIC DISPENSARY,3,,,,,,,,,,,,,,
109233536,6,PRIVATE MEDICAL PRACTITIONER,3,,,,,,,,,,,,,,
109233536,7,PRIVATE CLINIC,3,,,,,,,,,,,,,,
109233536,8,PRIVATE HOSPITAL,3,,,,,,,,,,,,,,
111274142,1,BASIC HEALTH UNIT (SMALLER),1,1.0,1.0,1.0,0.0,1.0,1.0,1.0,1.0,1.0,,,,,
111274142,2,RURAL HEALTH CENTER (LARGE),3,,,,,,,,,,,,,,
111274142,3,MATERNAL AND CHILD HEALTH CENTER,3,,,,,,,,,,,,,,
111274142,4,PUBLIC HOSPITAL,3,,,,,,,,,,,,,,
111274142,5,PUBLIC DISPENSARY,3,,,,,,,,,,,,,,
111274142,6,PRIVATE MEDICAL PRACTITIONER,3,,,,,,,,,,,,,,
111274142,7,PRIVATE CLINIC,1,0.0,0.0,0.0,0.0,0.0,0.0,1.0,1.0,1.0,,,,,
111274142,8,PRIVATE HOSPITAL,3,,,,,,,,,,,,,,
111274243,1,BASIC HEALTH UNIT (SMALLER),1,1.0,1.0,1.0,1.0,1.0,1.0,1.0,1.0,1.0,,,,,
111274243,2,RURAL HEALTH CENTER (LARGE),3,,,,,,,,,,,,,,
111274243,3,MATERNAL AND CHILD HEALTH CENTER,3,,,,,,,,,,,,,,
111274243,4,PUBLIC HOSPITAL,3,,,,,,,,,,,,,,
111274243,5,PUBLIC DISPENSARY,3,,,,,,,,,,,,,,
111274243,6,PRIVATE MEDICAL PRACTITIONER,3,,,,,,,,,,,,,,
111274243,7,PRIVATE CLINIC,1,0.0,0.0,0.0,0.0,0.0,1.0,1.0,1.0,1.0,,,,,
111274243,8,PRIVATE HOSPITAL,3,,,,,,,,,,,,,,
106132122,1,BASIC HEALTH UNIT (SMALLER),3,,,,,,,,,,,,,,
106132122,2,RURAL HEALTH CENTER (LARGE),3,,,,,,,,,,,,,,
106132122,3,MATERNAL AND CHILD HEALTH CENTER,3,,,,,,,,,,,,,,
106132122,4,PUBLIC HOSPITAL,3,,,,,,,,,,,,,,
106132122,5,PUBLIC DISPENSARY,3,,,,,,,,,,,,,,
106132122,6,PRIVATE MEDICAL PRACTITIONER,3,,,,,,,,,,,,,,
106132122,7,PRIVATE CLINIC,3,,,,,,,,,,,,,,
106132122,8,PRIVATE HOSPITAL,3,,,,,,,,,,,,,,
319477274,1,BASIC HEALTH UNIT (SMALLER),3,,,,,,,,,,,,,,
319477274,2,RURAL HEALTH CENTER (LARGE),3,,,,,,,,,,,,,,
319477274,3,MATERNAL AND CHILD HEALTH CENTER,3,,,,,,,,,,,,,,
319477274,4,PUBLIC HOSPITAL,3,,,,,,,,,,,,,,
319477274,5,PUBLIC DISPENSARY,3,,,,,,,,,,,,,,
319477274,6,PRIVATE MEDICAL PRACTITIONER,3,,,,,,,,,,,,,,
319477274,7,PRIVATE CLINIC,1,0.0,0.0,0.0,0.0,0.0,0.0,0.0,1.0,1.0,,,,,
319477274,8,PRIVATE HOSPITAL,3,,,,,,,,,,,,,,
106142223,1,BASIC HEALTH UNIT (SMALLER),3,,,,,,,,,,,,,,
106142223,2,RURAL HEALTH CENTER (LARGE),3,,,,,,,,,,,,,,
106142223,3,MATERNAL AND CHILD HEALTH CENTER,3,,,,,,,,,,,,,,
106142223,4,PUBLIC HOSPITAL,3,,,,,,,,,,,,,,
106142223,5,PUBLIC DISPENSARY,3,,,,,,,,,,,,,,
106142223,6,PRIVATE MEDICAL PRACTITIONER,1,0.0,0.0,0.0,0.0,0.0,1.0,1.0,1.0,1.0,,,,,
106142223,7,PRIVATE CLINIC,3,,,,,,,,,,,,,,
106142223,8,PRIVATE HOSPITAL,3,,,,,,,,,,,,,,
215385657,1,BASIC HEALTH UNIT (SMALLER),1,1.0,1.0,1.0,1.0,1.0,1.0,0.0,1.0,1.0,,,,,
215385657,2,RURAL HEALTH CENTER (LARGE),3,,,,,,,,,,,,,,
215385657,3,MATERNAL AND CHILD HEALTH CENTER,3,,,,,,,,,,,,,,
215385657,4,PUBLIC HOSPITAL,3,,,,,,,,,,,,,,
215385657,5,PUBLIC DISPENSARY,1,0.0,1.0,1.0,0.0,0.0,1.0,0.0,1.0,1.0,,,,,
215385657,6,PRIVATE MEDICAL PRACTITIONER,3,,,,,,,,,,,,,,
215385657,7,PRIVATE CLINIC,1,0.0,1.0,1.0,0.0,0.0,1.0,0.0,1.0,1.0,,,,,
215385657,8,PRIVATE HOSPITAL,3,,,,,,,,,,,,,,
215385657,9,ATAE DOCTOR,1,0.0,0.0,0.0,0.0,0.0,0.0,0.0,1.0,1.0,,,,,
111264041,1,BASIC HEALTH UNIT (SMALLER),1,1.0,1.0,1.0,1.0,1.0,1.0,1.0,1.0,1.0,,,,,
111264041,2,RURAL HEALTH CENTER (LARGE),3,,,,,,,,,,,,,,
111264041,3,MATERNAL AND CHILD HEALTH CENTER,3,,,,,,,,,,,,,,
111264041,4,PUBLIC HOSPITAL,3,,,,,,,,,,,,,,
111264041,5,PUBLIC DISPENSARY,3,,,,,,,,,,,,,,
111264041,6,PRIVATE MEDICAL PRACTITIONER,3,,,,,,,,,,,,,,
111264041,7,PRIVATE CLINIC,1,0.0,0.0,1.0,1.0,1.0,1.0,1.0,1.0,1.0,,,,,
111264041,8,PRIVATE HOSPITAL,3,,,,,,,,,,,,,,
103060910,1,BASIC HEALTH UNIT (SMALLER),3,,,,,,,,,,,,,,
103060910,2,RURAL HEALTH CENTER (LARGE),1,1.0,1.0,0.0,0.0,0.0,1.0,0.0,1.0,1.0,,,,,
103060910,3,MATERNAL AND CHILD HEALTH CENTER,3,,,,,,,,,,,,,,
103060910,4,PUBLIC HOSPITAL,3,,,,,,,,,,,,,,
103060910,5,PUBLIC DISPENSARY,3,,,,,,,,,,,,,,
103060910,6,PRIVATE MEDICAL PRACTITIONER,3,,,,,,,,,,,,,,
103060910,7,PRIVATE CLINIC,3,,,,,,,,,,,,,,
103060910,8,PRIVATE HOSPITAL,3,,,,,,,,,,,,,,
103071112,1,BASIC HEALTH UNIT (SMALLER),1,1.0,1.0,0.0,0.0,1.0,1.0,1.0,1.0,1.0,,,,,
103071112,2,RURAL HEALTH CENTER (LARGE),3,,,,,,,,,,,,,,
103071112,3,MATERNAL AND CHILD HEALTH CENTER,3,,,,,,,,,,,,,,
103071112,4,PUBLIC HOSPITAL,3,,,,,,,,,,,,,,
103071112,5,PUBLIC DISPENSARY,3,,,,,,,,,,,,,,
103071112,6,PRIVATE MEDICAL PRACTITIONER,3,,,,,,,,,,,,,,
103071112,7,PRIVATE CLINIC,1,0.0,1.0,0.0,0.0,0.0,1.0,0.0,1.0,1.0,,,,,
103071112,8,PRIVATE HOSPITAL,3,,,,,,,,,,,,,,
213335051,1,BASIC HEALTH UNIT (SMALLER),3,,,,,,,,,,,,,,
213335051,2,RURAL HEALTH CENTER (LARGE),3,,,,,,,,,,,,,,
213335051,3,MATERNAL AND CHILD HEALTH CENTER,3,,,,,,,,,,,,,,
213335051,4,PUBLIC HOSPITAL,3,,,,,,,,,,,,,,
213335051,5,PUBLIC DISPENSARY,3,,,,,,,,,,,,,,
213335051,6,PRIVATE MEDICAL PRACTITIONER,3,,,,,,,,,,,,,,
213335051,7,PRIVATE CLINIC,3,,,,,,,,,,,,,,
213335051,8,PRIVATE HOSPITAL,3,,,,,,,,,,,,,,
112294445,1,BASIC HEALTH UNIT (SMALLER),3,,,,,,,,,,,,,,
112294445,2,RURAL HEALTH CENTER (LARGE),3,,,,,,,,,,,,,,
112294445,3,MATERNAL AND CHILD HEALTH CENTER,3,,,,,,,,,,,,,,
112294445,4,PUBLIC HOSPITAL,3,,,,,,,,,,,,,,
112294445,5,PUBLIC DISPENSARY,3,,,,,,,,,,,,,,
112294445,6,PRIVATE MEDICAL PRACTITIONER,3,,,,,,,,,,,,,,
112294445,7,PRIVATE CLINIC,3,,,,,,,,,,,,,,
112294445,8,PRIVATE HOSPITAL,3,,,,,,,,,,,,,,
101010203,1,BASIC HEALTH UNIT (SMALLER),3,,,,,,,,,,,,,,
101010203,2,RURAL HEALTH CENTER (LARGE),3,,,,,,,,,,,,,,
101010203,3,MATERNAL AND CHILD HEALTH CENTER,3,,,,,,,,,,,,,,
101010203,4,PUBLIC HOSPITAL,3,,,,,,,,,,,,,,
101010203,5,PUBLIC DISPENSARY,3,,,,,,,,,,,,,,
101010203,6,PRIVATE MEDICAL PRACTITIONER,3,,,,,,,,,,,,,,
101010203,7,PRIVATE CLINIC,3,,,,,,,,,,,,,,
101010203,8,PRIVATE HOSPITAL,3,,,,,,,,,,,,,,
101010203,9,ATAE DOCTOR,1,0.0,1.0,0.0,0.0,0.0,0.0,0.0,1.0,1.0,,,,,
103061011,1,BASIC HEALTH UNIT (SMALLER),3,,,,,,,,,,,,,,
103061011,2,RURAL HEALTH CENTER (LARGE),3,,,,,,,,,,,,,,
103061011,3,MATERNAL AND CHILD HEALTH CENTER,3,,,,,,,,,,,,,,
103061011,4,PUBLIC HOSPITAL,3,,,,,,,,,,,,,,
103061011,5,PUBLIC DISPENSARY,3,,,,,,,,,,,,,,
103061011,6,PRIVATE MEDICAL PRACTITIONER,3,,,,,,,,,,,,,,
103061011,7,PRIVATE CLINIC,3,,,,,,,,,,,,,,
103061011,8,PRIVATE HOSPITAL,3,,,,,,,,,,,,,,
101010202,1,BASIC HEALTH UNIT (SMALLER),3,,,,,,,,,,,,,,
101010202,2,RURAL HEALTH CENTER (LARGE),3,,,,,,,,,,,,,,
101010202,3,MATERNAL AND CHILD HEALTH CENTER,3,,,,,,,,,,,,,,
101010202,4,PUBLIC HOSPITAL,3,,,,,,,,,,,,,,
101010202,5,PUBLIC DISPENSARY,3,,,,,,,,,,,,,,
101010202,6,PRIVATE MEDICAL PRACTITIONER,3,,,,,,,,,,,,,,
101010202,7,PRIVATE CLINIC,3,,,,,,,,,,,,,,
101010202,8,PRIVATE HOSPITAL,3,,,,,,,,,,,,,,
110243637,1,BASIC HEALTH UNIT (SMALLER),3,,,,,,,,,,,,,,
110243637,2,RURAL HEALTH CENTER (LARGE),3,,,,,,,,,,,,,,
110243637,3,MATERNAL AND CHILD HEALTH CENTER,3,,,,,,,,,,,,,,
110243637,4,PUBLIC HOSPITAL,3,,,,,,,,,,,,,,
110243637,5,PUBLIC DISPENSARY,3,,,,,,,,,,,,,,
110243637,6,PRIVATE MEDICAL PRACTITIONER,3,,,,,,,,,,,,,,
110243637,7,PRIVATE CLINIC,1,0.0,1.0,0.0,0.0,0.0,1.0,1.0,1.0,1.0,,,,,
110243637,8,PRIVATE HOSPITAL,3,,,,,,,,,,,,,,
109223334,1,BASIC HEALTH UNIT (SMALLER),3,,,,,,,,,,,,,,
109223334,2,RURAL HEALTH CENTER (LARGE),3,,,,,,,,,,,,,,
109223334,3,MATERNAL AND CHILD HEALTH CENTER,3,,,,,,,,,,,,,,
109223334,4,PUBLIC HOSPITAL,3,,,,,,,,,,,,,,
109223334,5,PUBLIC DISPENSARY,3,,,,,,,,,,,,,,
109223334,6,PRIVATE MEDICAL PRACTITIONER,3,,,,,,,,,,,,,,
109223334,7,PRIVATE CLINIC,3,,,,,,,,,,,,,,
109223334,8,PRIVATE HOSPITAL,3,,,,,,,,,,,,,,
319477375,1,BASIC HEALTH UNIT (SMALLER),3,,,,,,,,,,,,,,
319477375,2,RURAL HEALTH CENTER (LARGE),3,,,,,,,,,,,,,,
319477375,3,MATERNAL AND CHILD HEALTH CENTER,3,,,,,,,,,,,,,,
319477375,4,PUBLIC HOSPITAL,3,,,,,,,,,,,,,,
319477375,5,PUBLIC DISPENSARY,3,,,,,,,,,,,,,,
319477375,6,PRIVATE MEDICAL PRACTITIONER,3,,,,,,,,,,,,,,
319477375,7,PRIVATE CLINIC,3,,,,,,,,,,,,,,
319477375,8,PRIVATE HOSPITAL,3,,,,,,,,,,,,,,
108192930,1,BASIC HEALTH UNIT (SMALLER),3,,,,,,,,,,,,,,
108192930,2,RURAL HEALTH CENTER (LARGE),3,,,,,,,,,,,,,,
108192930,3,MATERNAL AND CHILD HEALTH CENTER,3,,,,,,,,,,,,,,
108192930,4,PUBLIC HOSPITAL,3,,,,,,,,,,,,,,
108192930,5,PUBLIC DISPENSARY,3,,,,,,,,,,,,,,
108192930,6,PRIVATE MEDICAL PRACTITIONER,1,0.0,1.0,0.0,0.0,0.0,1.0,1.0,1.0,1.0,,,,,
108192930,7,PRIVATE CLINIC,3,,,,,,,,,,,,,,
108192930,8,PRIVATE HOSPITAL,3,,,,,,,,,,,,,,
108182829,1,BASIC HEALTH UNIT (SMALLER),3,,,,,,,,,,,,,,
108182829,2,RURAL HEALTH CENTER (LARGE),3,,,,,,,,,,,,,,
108182829,3,MATERNAL AND CHILD HEALTH CENTER,3,,,,,,,,,,,,,,
108182829,4,PUBLIC HOSPITAL,3,,,,,,,,,,,,,,
108182829,5,PUBLIC DISPENSARY,3,,,,,,,,,,,,,,
108182829,6,PRIVATE MEDICAL PRACTITIONER,3,,,,,,,,,,,,,,
108182829,7,PRIVATE CLINIC,3,,,,,,,,,,,,,,
108182829,8,PRIVATE HOSPITAL,3,,,,,,,,,,,,,,
106142324,1,BASIC HEALTH UNIT (SMALLER),3,,,,,,,,,,,,,,
106142324,2,RURAL HEALTH CENTER (LARGE),3,,,,,,,,,,,,,,
106142324,3,MATERNAL AND CHILD HEALTH CENTER,3,,,,,,,,,,,,,,
106142324,4,PUBLIC HOSPITAL,3,,,,,,,,,,,,,,
106142324,5,PUBLIC DISPENSARY,3,,,,,,,,,,,,,,
106142324,6,PRIVATE MEDICAL PRACTITIONER,3,,,,,,,,,,,,,,
106142324,7,PRIVATE CLINIC,3,,,,,,,,,,,,,,
106142324,8,PRIVATE HOSPITAL,3,,,,,,,,,,,,,,
111284344,1,BASIC HEALTH UNIT (SMALLER),1,1.0,1.0,1.0,0.0,0.0,1.0,1.0,1.0,1.0,,,,,
111284344,2,RURAL HEALTH CENTER (LARGE),3,,,,,,,,,,,,,,
111284344,3,MATERNAL AND CHILD HEALTH CENTER,3,,,,,,,,,,,,,,
111284344,4,PUBLIC HOSPITAL,3,,,,,,,,,,,,,,
111284344,5,PUBLIC DISPENSARY,3,,,,,,,,,,,,,,
111284344,6,PRIVATE MEDICAL PRACTITIONER,3,,,,,,,,,,,,,,
111284344,7,PRIVATE CLINIC,1,0.0,0.0,0.0,0.0,0.0,1.0,1.0,1.0,1.0,,,,,
111284344,8,PRIVATE HOSPITAL,3,,,,,,,,,,,,,,
105101617,1,BASIC HEALTH UNIT (SMALLER),3,,,,,,,,,,,,,,
105101617,2,RURAL HEALTH CENTER (LARGE),3,,,,,,,,,,,,,,
105101617,3,MATERNAL AND CHILD HEALTH CENTER,3,,,,,,,,,,,,,,
105101617,4,PUBLIC HOSPITAL,3,,,,,,,,,,,,,,
105101617,5,PUBLIC DISPENSARY,3,,,,,,,,,,,,,,
105101617,6,PRIVATE MEDICAL PRACTITIONER,3,,,,,,,,,,,,,,
105101617,7,PRIVATE CLINIC,3,,,,,,,,,,,,,,
105101617,8,PRIVATE HOSPITAL,3,,,,,,,,,,,,,,
105101617,9,ATAE DOCTOR,1,0.0,1.0,0.0,0.0,0.0,0.0,1.0,1.0,1.0,,,,,
216436364,1,BASIC HEALTH UNIT (SMALLER),3,,,,,,,,,,,,,,
216436364,2,RURAL HEALTH CENTER (LARGE),3,,,,,,,,,,,,,,
216436364,3,MATERNAL AND CHILD HEALTH CENTER,3,,,,,,,,,,,,,,
216436364,4,PUBLIC HOSPITAL,3,,,,,,,,,,,,,,
216436364,5,PUBLIC DISPENSARY,3,,,,,,,,,,,,,,
216436364,6,PRIVATE MEDICAL PRACTITIONER,3,,,,,,,,,,,,,,
216436364,7,PRIVATE CLINIC,3,,,,,,,,,,,,,,
216436364,8,PRIVATE HOSPITAL,3,,,,,,,,,,,,,,
