CID,HF_ID,HF_ANC,HF_Dia,HF_DoBabies,HF_EOC,HF_FPS,HF_Imune,HF_MI,HF_MS,HF_MT,HF_PNC,HF_Status,HF_SupA_Med,HF_SupA_MedEqp,HF_SupA_MedPers,HF_TMInj,HF_Type
101010101.0,1.0,0.0,0.0,0.0,0.0,0.0,0.0,0.0,0.0,0.0,0.0,6.0,1.0,1.0,1.0,0.0,"Basic Health Unit, BASIC HEALTH UNIT (SMALLER)"
101010101.0,2.0,0.0,0.0,0.0,0.0,0.0,0.0,0.0,0.0,0.0,0.0,6.0,0.0,0.0,0.0,0.0,"Rural Health Center, RURAL HEALTH CENTER (LARGE)"
101010101.0,3.0,0.0,0.0,0.0,1.0,0.0,0.0,0.0,0.0,0.0,1.0,6.0,1.0,1.0,1.0,0.0,"Clinic, MATERNAL AND CHILD HEALTH CENTER"
101010101.0,4.0,0.0,0.0,0.0,0.0,0.0,0.0,0.0,0.0,0.0,0.0,6.0,0.0,0.0,0.0,0.0,"Dispensary/pharmacy, PUBLIC HOSPITAL"
101010101.0,5.0,0.0,0.0,0.0,0.0,0.0,0.0,0.0,0.0,0.0,0.0,6.0,1.0,1.0,1.0,0.0,"Private Medical Practitioner, PUBLIC DISPENSARY"
101010101.0,6.0,0.0,0.0,0.0,0.0,0.0,0.0,0.0,0.0,0.0,0.0,6.0,0.0,0.0,0.0,0.0,"Hospital, PRIVATE MEDICAL PRACTITIONER"
101010101.0,7.0,0.0,0.0,0.0,0.0,0.0,0.0,0.0,0.0,0.0,0.0,6.0,1.0,1.0,1.0,0.0,"Blood Bank, PRIVATE CLINIC"
101010101.0,8.0,0.0,0.0,0.0,0.0,0.0,0.0,0.0,0.0,0.0,0.0,3.0,0.0,0.0,0.0,0.0,PRIVATE HOSPITAL
101010101.0,9.0,0.0,1.0,0.0,0.0,0.0,0.0,1.0,1.0,0.0,0.0,1.0,0.0,0.0,0.0,1.0,ATAE DOCTOR
101010202.0,1.0,0.0,0.0,0.0,1.0,0.0,0.0,0.0,0.0,0.0,1.0,6.0,1.0,1.0,1.0,0.0,"Basic Health Unit, BASIC HEALTH UNIT (SMALLER)"
101010202.0,2.0,0.0,0.0,0.0,0.0,0.0,0.0,0.0,0.0,0.0,0.0,6.0,0.0,0.0,0.0,0.0,"Rural Health Center, RURAL HEALTH CENTER (LARGE)"
101010202.0,3.0,0.0,0.0,0.0,0.0,0.0,0.0,0.0,0.0,0.0,0.0,6.0,0.0,0.0,0.0,0.0,"Clinic, MATERNAL AND CHILD HEALTH CENTER"
101010202.0,4.0,0.0,0.0,0.0,0.0,0.0,0.0,0.0,0.0,0.0,0.0,6.0,0.0,0.0,0.0,0.0,"Dispensary/pharmacy, PUBLIC HOSPITAL"
101010202.0,5.0,0.0,0.0,0.0,0.0,0.0,0.0,0.0,0.0,0.0,0.0,6.0,0.0,0.0,0.0,0.0,"Private Medical Practitioner, PUBLIC DISPENSARY"
101010202.0,6.0,0.0,0.0,0.0,0.0,0.0,0.0,0.0,0.0,0.0,0.0,6.0,0.0,0.0,0.0,0.0,"Hospital, PRIVATE MEDICAL PRACTITIONER"
101010202.0,7.0,0.0,0.0,0.0,0.0,0.0,0.0,0.0,0.0,0.0,0.0,6.0,0.0,0.0,0.0,0.0,"Blood Bank, PRIVATE CLINIC"
101010202.0,8.0,0.0,0.0,0.0,0.0,0.0,0.0,0.0,0.0,0.0,0.0,3.0,0.0,0.0,0.0,0.0,PRIVATE HOSPITAL
101010203.0,1.0,0.0,0.0,0.0,0.0,0.0,0.0,0.0,0.0,0.0,0.0,6.0,0.0,0.0,0.0,0.0,"Basic Health Unit, BASIC HEALTH UNIT (SMALLER)"
101010203.0,2.0,0.0,0.0,0.0,0.0,0.0,0.0,0.0,0.0,0.0,0.0,6.0,0.0,0.0,0.0,0.0,"Rural Health Center, RURAL HEALTH CENTER (LARGE)"
101010203.0,3.0,0.0,0.0,0.0,0.0,0.0,0.0,0.0,0.0,0.0,0.0,6.0,0.0,0.0,0.0,0.0,"Clinic, MATERNAL AND CHILD HEALTH CENTER"
101010203.0,4.0,0.0,0.0,0.0,0.0,0.0,0.0,0.0,0.0,0.0,0.0,6.0,0.0,0.0,0.0,0.0,"Dispensary/pharmacy, PUBLIC HOSPITAL"
101010203.0,5.0,0.0,1.0,0.0,0.0,0.0,1.0,0.0,1.0,1.0,0.0,4.0,0.0,0.0,0.0,1.0,"Private Medical Practitioner, PUBLIC DISPENSARY"
101010203.0,6.0,0.0,0.0,0.0,0.0,0.0,0.0,0.0,0.0,0.0,0.0,6.0,0.0,0.0,0.0,0.0,"Hospital, PRIVATE MEDICAL PRACTITIONER"
101010203.0,7.0,0.0,0.0,0.0,0.0,0.0,0.0,0.0,0.0,0.0,0.0,6.0,0.0,0.0,0.0,0.0,"Blood Bank, PRIVATE CLINIC"
101010203.0,8.0,0.0,0.0,0.0,0.0,0.0,0.0,0.0,0.0,0.0,0.0,3.0,0.0,0.0,0.0,0.0,PRIVATE HOSPITAL
101010203.0,9.0,0.0,1.0,0.0,0.0,0.0,0.0,1.0,0.0,0.0,0.0,1.0,0.0,0.0,0.0,1.0,ATAE DOCTOR
101020304.0,1.0,0.0,0.0,0.0,0.0,0.0,0.0,0.0,0.0,0.0,0.0,6.0,0.0,0.0,0.0,0.0,"Basic Health Unit, BASIC HEALTH UNIT (SMALLER)"
101020304.0,2.0,0.0,0.0,0.0,0.0,0.0,0.0,0.0,0.0,0.0,0.0,6.0,0.0,0.0,0.0,0.0,"Rural Health Center, RURAL HEALTH CENTER (LARGE)"
101020304.0,3.0,0.0,0.0,0.0,0.0,0.0,0.0,0.0,0.0,0.0,0.0,6.0,0.0,0.0,0.0,0.0,"Clinic, MATERNAL AND CHILD HEALTH CENTER"
101020304.0,4.0,0.0,0.0,0.0,0.0,0.0,0.0,0.0,0.0,0.0,0.0,6.0,0.0,0.0,0.0,0.0,"Dispensary/pharmacy, PUBLIC HOSPITAL"
101020304.0,5.0,0.0,0.0,0.0,0.0,0.0,0.0,0.0,0.0,0.0,0.0,6.0,0.0,0.0,0.0,0.0,"Private Medical Practitioner, PUBLIC DISPENSARY"
101020304.0,6.0,0.0,0.0,0.0,0.0,0.0,0.0,0.0,0.0,0.0,0.0,6.0,0.0,0.0,0.0,0.0,"Hospital, PRIVATE MEDICAL PRACTITIONER"
101020304.0,7.0,0.0,0.0,0.0,0.0,0.0,0.0,0.0,0.0,0.0,0.0,6.0,0.0,0.0,0.0,0.0,"Blood Bank, PRIVATE CLINIC"
101020304.0,8.0,0.0,0.0,0.0,0.0,0.0,0.0,0.0,0.0,0.0,0.0,3.0,0.0,0.0,0.0,0.0,PRIVATE HOSPITAL
101020304.0,9.0,0.0,1.0,0.0,0.0,0.0,0.0,1.0,1.0,0.0,0.0,1.0,0.0,0.0,0.0,1.0,ATAE DOCTOR
102030405.0,1.0,1.0,1.0,1.0,0.0,1.0,1.0,1.0,1.0,1.0,0.0,4.0,0.0,0.0,0.0,1.0,"Basic Health Unit, BASIC HEALTH UNIT (SMALLER)"
102030405.0,2.0,1.0,1.0,1.0,0.0,1.0,1.0,1.0,1.0,1.0,0.0,4.0,0.0,0.0,0.0,1.0,"Rural Health Center, RURAL HEALTH CENTER (LARGE)"
102030405.0,3.0,1.0,1.0,1.0,0.0,0.0,0.0,1.0,1.0,0.0,0.0,4.0,1.0,0.0,1.0,1.0,"Clinic, MATERNAL AND CHILD HEALTH CENTER"
102030405.0,4.0,0.0,1.0,0.0,0.0,1.0,0.0,1.0,1.0,0.0,0.0,4.0,0.0,0.0,0.0,1.0,"Dispensary/pharmacy, PUBLIC HOSPITAL"
102030405.0,5.0,0.0,0.0,0.0,0.0,0.0,0.0,1.0,1.0,1.0,0.0,4.0,1.0,0.0,1.0,1.0,"Private Medical Practitioner, PUBLIC DISPENSARY"
102030405.0,6.0,1.0,1.0,1.0,0.0,1.0,1.0,1.0,1.0,1.0,0.0,4.0,0.0,0.0,0.0,1.0,"Hospital, PRIVATE MEDICAL PRACTITIONER"
102030405.0,7.0,0.0,0.0,0.0,0.0,0.0,0.0,1.0,1.0,0.0,0.0,2.0,0.0,0.0,0.0,1.0,"Blood Bank, PRIVATE CLINIC"
102030405.0,8.0,0.0,0.0,0.0,0.0,0.0,0.0,0.0,0.0,0.0,0.0,3.0,0.0,0.0,0.0,0.0,PRIVATE HOSPITAL
102030506.0,1.0,1.0,1.0,1.0,0.0,1.0,1.0,1.0,1.0,1.0,0.0,4.0,0.0,0.0,0.0,1.0,"Basic Health Unit, BASIC HEALTH UNIT (SMALLER)"
102030506.0,2.0,1.0,1.0,1.0,0.0,1.0,1.0,1.0,1.0,1.0,0.0,4.0,0.0,0.0,0.0,1.0,"Rural Health Center, RURAL HEALTH CENTER (LARGE)"
102030506.0,3.0,1.0,1.0,1.0,0.0,0.0,0.0,1.0,1.0,1.0,0.0,4.0,1.0,0.0,1.0,1.0,"Clinic, MATERNAL AND CHILD HEALTH CENTER"
102030506.0,4.0,1.0,0.0,1.0,0.0,0.0,1.0,1.0,1.0,1.0,0.0,4.0,0.0,0.0,0.0,1.0,"Dispensary/pharmacy, PUBLIC HOSPITAL"
102030506.0,5.0,1.0,1.0,1.0,0.0,0.0,0.0,1.0,1.0,1.0,0.0,4.0,0.0,0.0,0.0,1.0,"Private Medical Practitioner, PUBLIC DISPENSARY"
102030506.0,6.0,1.0,1.0,1.0,0.0,1.0,1.0,1.0,1.0,1.0,0.0,4.0,0.0,0.0,0.0,1.0,"Hospital, PRIVATE MEDICAL PRACTITIONER"
102030506.0,7.0,0.0,0.0,0.0,0.0,0.0,0.0,0.0,0.0,0.0,0.0,4.0,0.0,0.0,0.0,0.0,"Blood Bank, PRIVATE CLINIC"
102030506.0,8.0,0.0,0.0,0.0,0.0,0.0,0.0,0.0,0.0,0.0,0.0,3.0,0.0,0.0,0.0,0.0,PRIVATE HOSPITAL
102030607.0,1.0,1.0,1.0,1.0,0.0,1.0,1.0,1.0,1.0,1.0,0.0,4.0,0.0,0.0,0.0,1.0,"Basic Health Unit, BASIC HEALTH UNIT (SMALLER)"
102030607.0,2.0,1.0,1.0,1.0,0.0,1.0,1.0,1.0,1.0,1.0,0.0,4.0,0.0,0.0,0.0,1.0,"Rural Health Center, RURAL HEALTH CENTER (LARGE)"
102030607.0,3.0,1.0,1.0,1.0,0.0,0.0,0.0,1.0,1.0,1.0,0.0,4.0,0.0,0.0,0.0,1.0,"Clinic, MATERNAL AND CHILD HEALTH CENTER"
102030607.0,4.0,0.0,1.0,0.0,0.0,1.0,0.0,1.0,0.0,0.0,0.0,4.0,0.0,0.0,0.0,0.0,"Dispensary/pharmacy, PUBLIC HOSPITAL"
102030607.0,5.0,0.0,1.0,0.0,0.0,0.0,0.0,1.0,1.0,1.0,0.0,4.0,1.0,1.0,1.0,1.0,"Private Medical Practitioner, PUBLIC DISPENSARY"
102030607.0,6.0,1.0,1.0,1.0,0.0,1.0,1.0,1.0,1.0,1.0,0.0,4.0,0.0,0.0,0.0,1.0,"Hospital, PRIVATE MEDICAL PRACTITIONER"
102030607.0,7.0,0.0,0.0,0.0,0.0,0.0,0.0,0.0,0.0,0.0,0.0,4.0,0.0,0.0,0.0,0.0,"Blood Bank, PRIVATE CLINIC"
102030607.0,8.0,0.0,0.0,0.0,0.0,0.0,0.0,0.0,0.0,0.0,0.0,3.0,0.0,0.0,0.0,0.0,PRIVATE HOSPITAL
102030607.0,9.0,0.0,1.0,0.0,0.0,0.0,0.0,1.0,1.0,1.0,0.0,1.0,0.0,0.0,0.0,1.0,ATAE DOCTOR
102040708.0,1.0,0.0,1.0,0.0,0.0,0.0,1.0,1.0,1.0,0.0,0.0,5.0,0.0,0.0,0.0,1.0,"Basic Health Unit, BASIC HEALTH UNIT (SMALLER)"
102040708.0,2.0,1.0,1.0,1.0,0.0,1.0,1.0,1.0,1.0,1.0,0.0,4.0,0.0,0.0,0.0,1.0,"Rural Health Center, RURAL HEALTH CENTER (LARGE)"
102040708.0,3.0,1.0,0.0,1.0,0.0,0.0,0.0,1.0,1.0,1.0,0.0,4.0,0.0,0.0,0.0,1.0,"Clinic, MATERNAL AND CHILD HEALTH CENTER"
102040708.0,4.0,0.0,1.0,0.0,0.0,1.0,0.0,0.0,0.0,0.0,0.0,4.0,0.0,0.0,0.0,0.0,"Dispensary/pharmacy, PUBLIC HOSPITAL"
102040708.0,5.0,0.0,1.0,0.0,0.0,0.0,0.0,1.0,1.0,1.0,0.0,4.0,0.0,0.0,0.0,1.0,"Private Medical Practitioner, PUBLIC DISPENSARY"
102040708.0,6.0,1.0,1.0,1.0,0.0,1.0,1.0,1.0,1.0,1.0,0.0,4.0,1.0,0.0,1.0,1.0,"Hospital, PRIVATE MEDICAL PRACTITIONER"
102040708.0,7.0,0.0,0.0,0.0,0.0,0.0,0.0,0.0,0.0,0.0,0.0,4.0,0.0,0.0,0.0,0.0,"Blood Bank, PRIVATE CLINIC"
102040708.0,8.0,0.0,0.0,0.0,0.0,0.0,0.0,0.0,0.0,0.0,0.0,3.0,0.0,0.0,0.0,0.0,PRIVATE HOSPITAL
103050809.0,1.0,0.0,0.0,0.0,0.0,0.0,0.0,0.0,0.0,0.0,0.0,6.0,0.0,0.0,0.0,0.0,"Basic Health Unit, BASIC HEALTH UNIT (SMALLER)"
103050809.0,2.0,0.0,0.0,0.0,0.0,0.0,0.0,0.0,0.0,0.0,0.0,6.0,0.0,0.0,0.0,0.0,"Rural Health Center, RURAL HEALTH CENTER (LARGE)"
103050809.0,3.0,0.0,1.0,0.0,0.0,1.0,1.0,0.0,0.0,0.0,0.0,4.0,0.0,0.0,0.0,0.0,"Clinic, MATERNAL AND CHILD HEALTH CENTER"
103050809.0,4.0,0.0,0.0,0.0,0.0,0.0,0.0,0.0,0.0,0.0,0.0,6.0,0.0,0.0,0.0,0.0,"Dispensary/pharmacy, PUBLIC HOSPITAL"
103050809.0,5.0,0.0,0.0,0.0,0.0,0.0,0.0,0.0,0.0,0.0,0.0,6.0,1.0,0.0,1.0,0.0,"Private Medical Practitioner, PUBLIC DISPENSARY"
103050809.0,6.0,0.0,0.0,0.0,0.0,0.0,0.0,0.0,0.0,0.0,0.0,6.0,0.0,0.0,0.0,0.0,"Hospital, PRIVATE MEDICAL PRACTITIONER"
103050809.0,7.0,0.0,0.0,0.0,0.0,0.0,0.0,0.0,0.0,0.0,0.0,6.0,1.0,0.0,1.0,0.0,"Blood Bank, PRIVATE CLINIC"
103050809.0,8.0,0.0,0.0,0.0,0.0,0.0,0.0,0.0,0.0,0.0,0.0,3.0,0.0,0.0,0.0,0.0,PRIVATE HOSPITAL
103060910.0,1.0,1.0,1.0,1.0,0.0,1.0,1.0,1.0,1.0,1.0,0.0,4.0,0.0,0.0,0.0,1.0,"Basic Health Unit, BASIC HEALTH UNIT (SMALLER)"
103060910.0,2.0,0.0,1.0,0.0,0.0,0.0,1.0,1.0,0.0,1.0,0.0,4.0,0.0,0.0,0.0,1.0,"Rural Health Center, RURAL HEALTH CENTER (LARGE)"
103060910.0,3.0,0.0,0.0,0.0,0.0,0.0,0.0,0.0,0.0,0.0,0.0,6.0,0.0,0.0,0.0,0.0,"Clinic, MATERNAL AND CHILD HEALTH CENTER"
103060910.0,4.0,0.0,0.0,0.0,0.0,0.0,0.0,0.0,0.0,0.0,0.0,6.0,0.0,0.0,0.0,0.0,"Dispensary/pharmacy, PUBLIC HOSPITAL"
103060910.0,5.0,0.0,0.0,0.0,0.0,0.0,0.0,0.0,0.0,0.0,0.0,6.0,0.0,0.0,0.0,0.0,"Private Medical Practitioner, PUBLIC DISPENSARY"
103060910.0,6.0,0.0,0.0,0.0,0.0,0.0,0.0,0.0,0.0,0.0,0.0,6.0,0.0,0.0,0.0,0.0,"Hospital, PRIVATE MEDICAL PRACTITIONER"
103060910.0,7.0,0.0,0.0,0.0,0.0,0.0,0.0,0.0,0.0,0.0,0.0,6.0,0.0,0.0,0.0,0.0,"Blood Bank, PRIVATE CLINIC"
103060910.0,8.0,0.0,0.0,0.0,0.0,0.0,0.0,0.0,0.0,0.0,0.0,3.0,0.0,0.0,0.0,0.0,PRIVATE HOSPITAL
103061011.0,1.0,0.0,0.0,0.0,0.0,0.0,0.0,0.0,0.0,0.0,0.0,6.0,0.0,0.0,0.0,0.0,"Basic Health Unit, BASIC HEALTH UNIT (SMALLER)"
103061011.0,2.0,0.0,0.0,0.0,0.0,0.0,0.0,0.0,0.0,0.0,0.0,6.0,0.0,0.0,0.0,0.0,"Rural Health Center, RURAL HEALTH CENTER (LARGE)"
103061011.0,3.0,0.0,0.0,0.0,0.0,0.0,0.0,0.0,0.0,0.0,0.0,6.0,1.0,1.0,1.0,0.0,"Clinic, MATERNAL AND CHILD HEALTH CENTER"
103061011.0,4.0,0.0,0.0,0.0,0.0,0.0,0.0,0.0,0.0,0.0,0.0,6.0,0.0,0.0,0.0,0.0,"Dispensary/pharmacy, PUBLIC HOSPITAL"
103061011.0,5.0,0.0,0.0,0.0,0.0,0.0,1.0,1.0,1.0,0.0,0.0,4.0,0.0,0.0,0.0,1.0,"Private Medical Practitioner, PUBLIC DISPENSARY"
103061011.0,6.0,0.0,0.0,0.0,0.0,0.0,0.0,0.0,0.0,0.0,0.0,6.0,0.0,0.0,0.0,0.0,"Hospital, PRIVATE MEDICAL PRACTITIONER"
103061011.0,7.0,0.0,0.0,0.0,1.0,0.0,0.0,0.0,0.0,0.0,1.0,6.0,1.0,1.0,1.0,0.0,"Blood Bank, PRIVATE CLINIC"
103061011.0,8.0,0.0,0.0,0.0,0.0,0.0,0.0,0.0,0.0,0.0,0.0,3.0,0.0,0.0,0.0,0.0,PRIVATE HOSPITAL
103071112.0,1.0,1.0,1.0,0.0,0.0,0.0,1.0,1.0,1.0,1.0,0.0,4.0,0.0,0.0,0.0,1.0,"Basic Health Unit, BASIC HEALTH UNIT (SMALLER)"
103071112.0,2.0,0.0,0.0,0.0,0.0,0.0,0.0,0.0,0.0,0.0,0.0,6.0,0.0,0.0,0.0,0.0,"Rural Health Center, RURAL HEALTH CENTER (LARGE)"
103071112.0,3.0,1.0,1.0,1.0,0.0,1.0,1.0,1.0,1.0,1.0,0.0,4.0,0.0,0.0,0.0,1.0,"Clinic, MATERNAL AND CHILD HEALTH CENTER"
103071112.0,4.0,0.0,0.0,0.0,0.0,0.0,0.0,0.0,0.0,0.0,0.0,6.0,0.0,0.0,0.0,0.0,"Dispensary/pharmacy, PUBLIC HOSPITAL"
103071112.0,5.0,0.0,0.0,0.0,0.0,0.0,0.0,0.0,0.0,0.0,0.0,6.0,0.0,0.0,0.0,0.0,"Private Medical Practitioner, PUBLIC DISPENSARY"
103071112.0,6.0,1.0,1.0,1.0,0.0,1.0,1.0,1.0,1.0,1.0,0.0,4.0,0.0,0.0,0.0,1.0,"Hospital, PRIVATE MEDICAL PRACTITIONER"
103071112.0,7.0,0.0,1.0,0.0,0.0,0.0,0.0,1.0,0.0,1.0,0.0,4.0,0.0,0.0,0.0,1.0,"Blood Bank, PRIVATE CLINIC"
103071112.0,8.0,0.0,0.0,0.0,0.0,0.0,0.0,0.0,0.0,0.0,0.0,3.0,0.0,0.0,0.0,0.0,PRIVATE HOSPITAL
104081213.0,1.0,1.0,1.0,1.0,0.0,1.0,1.0,1.0,1.0,1.0,0.0,4.0,0.0,0.0,0.0,1.0,"Basic Health Unit, BASIC HEALTH UNIT (SMALLER)"
104081213.0,2.0,1.0,1.0,1.0,0.0,1.0,1.0,1.0,1.0,1.0,0.0,4.0,0.0,0.0,0.0,1.0,"Rural Health Center, RURAL HEALTH CENTER (LARGE)"
104081213.0,3.0,1.0,1.0,0.0,0.0,1.0,1.0,1.0,1.0,1.0,0.0,4.0,0.0,0.0,0.0,1.0,"Clinic, MATERNAL AND CHILD HEALTH CENTER"
104081213.0,4.0,0.0,1.0,0.0,0.0,1.0,1.0,1.0,1.0,1.0,0.0,4.0,0.0,0.0,0.0,1.0,"Dispensary/pharmacy, PUBLIC HOSPITAL"
104081213.0,5.0,1.0,1.0,1.0,0.0,1.0,1.0,1.0,1.0,1.0,0.0,4.0,0.0,0.0,0.0,1.0,"Private Medical Practitioner, PUBLIC DISPENSARY"
104081213.0,6.0,1.0,1.0,1.0,0.0,1.0,1.0,1.0,1.0,1.0,0.0,4.0,0.0,0.0,0.0,1.0,"Hospital, PRIVATE MEDICAL PRACTITIONER"
104081213.0,7.0,0.0,1.0,0.0,0.0,0.0,0.0,1.0,1.0,0.0,0.0,2.0,0.0,0.0,0.0,1.0,"Blood Bank, PRIVATE CLINIC"
104081213.0,8.0,0.0,0.0,0.0,0.0,0.0,0.0,0.0,0.0,0.0,0.0,3.0,0.0,0.0,0.0,0.0,PRIVATE HOSPITAL
104081314.0,1.0,1.0,2.0,1.0,0.0,1.0,2.0,2.0,2.0,1.0,0.0,2.0,0.0,0.0,0.0,2.0,"Basic Health Unit, BASIC HEALTH UNIT (SMALLER)"
104081314.0,2.0,1.0,1.0,1.0,0.0,1.0,1.0,1.0,1.0,1.0,0.0,4.0,0.0,0.0,0.0,1.0,"Rural Health Center, RURAL HEALTH CENTER (LARGE)"
104081314.0,3.0,1.0,1.0,0.0,0.0,1.0,1.0,1.0,1.0,1.0,0.0,5.0,0.0,0.0,0.0,1.0,"Clinic, MATERNAL AND CHILD HEALTH CENTER"
104081314.0,4.0,1.0,1.0,0.0,0.0,1.0,1.0,1.0,1.0,1.0,0.0,4.0,0.0,0.0,0.0,1.0,"Dispensary/pharmacy, PUBLIC HOSPITAL"
104081314.0,5.0,1.0,1.0,1.0,0.0,1.0,1.0,1.0,1.0,1.0,0.0,4.0,0.0,0.0,0.0,1.0,"Private Medical Practitioner, PUBLIC DISPENSARY"
104081314.0,6.0,1.0,1.0,1.0,0.0,1.0,1.0,1.0,1.0,1.0,0.0,4.0,0.0,0.0,0.0,1.0,"Hospital, PRIVATE MEDICAL PRACTITIONER"
104081314.0,7.0,0.0,1.0,0.0,0.0,0.0,0.0,1.0,1.0,0.0,0.0,4.0,0.0,0.0,0.0,1.0,"Blood Bank, PRIVATE CLINIC"
104081314.0,8.0,0.0,0.0,0.0,0.0,0.0,0.0,0.0,0.0,0.0,0.0,3.0,0.0,0.0,0.0,0.0,PRIVATE HOSPITAL
104081415.0,1.0,1.0,1.0,1.0,0.0,1.0,1.0,1.0,1.0,1.0,0.0,4.0,0.0,0.0,0.0,1.0,"Basic Health Unit, BASIC HEALTH UNIT (SMALLER)"
104081415.0,2.0,1.0,1.0,1.0,0.0,1.0,1.0,1.0,1.0,1.0,0.0,4.0,0.0,0.0,0.0,1.0,"Rural Health Center, RURAL HEALTH CENTER (LARGE)"
104081415.0,3.0,1.0,1.0,1.0,0.0,1.0,1.0,1.0,1.0,1.0,0.0,4.0,0.0,0.0,0.0,1.0,"Clinic, MATERNAL AND CHILD HEALTH CENTER"
104081415.0,4.0,1.0,1.0,0.0,0.0,1.0,1.0,1.0,1.0,1.0,0.0,4.0,0.0,0.0,0.0,1.0,"Dispensary/pharmacy, PUBLIC HOSPITAL"
104081415.0,5.0,1.0,1.0,1.0,0.0,1.0,1.0,1.0,1.0,1.0,0.0,4.0,0.0,0.0,0.0,1.0,"Private Medical Practitioner, PUBLIC DISPENSARY"
104081415.0,6.0,1.0,1.0,1.0,0.0,1.0,1.0,1.0,1.0,1.0,0.0,4.0,1.0,0.0,1.0,1.0,"Hospital, PRIVATE MEDICAL PRACTITIONER"
104081415.0,7.0,0.0,1.0,0.0,0.0,0.0,0.0,1.0,1.0,1.0,0.0,2.0,0.0,0.0,0.0,1.0,"Blood Bank, PRIVATE CLINIC"
104081415.0,8.0,0.0,0.0,0.0,0.0,0.0,0.0,0.0,0.0,0.0,0.0,3.0,0.0,0.0,0.0,0.0,PRIVATE HOSPITAL
104091516.0,1.0,1.0,1.0,1.0,0.0,1.0,1.0,1.0,1.0,1.0,0.0,4.0,0.0,0.0,0.0,1.0,"Basic Health Unit, BASIC HEALTH UNIT (SMALLER)"
104091516.0,2.0,1.0,1.0,1.0,0.0,1.0,1.0,1.0,1.0,1.0,0.0,4.0,0.0,0.0,0.0,1.0,"Rural Health Center, RURAL HEALTH CENTER (LARGE)"
104091516.0,3.0,1.0,1.0,0.0,0.0,0.0,1.0,1.0,1.0,1.0,0.0,5.0,0.0,0.0,0.0,1.0,"Clinic, MATERNAL AND CHILD HEALTH CENTER"
104091516.0,4.0,1.0,1.0,0.0,0.0,0.0,1.0,1.0,1.0,1.0,0.0,4.0,0.0,0.0,0.0,1.0,"Dispensary/pharmacy, PUBLIC HOSPITAL"
104091516.0,5.0,1.0,2.0,1.0,0.0,1.0,2.0,2.0,2.0,1.0,0.0,2.0,0.0,0.0,0.0,2.0,"Private Medical Practitioner, PUBLIC DISPENSARY"
104091516.0,6.0,1.0,1.0,1.0,0.0,1.0,1.0,1.0,1.0,1.0,0.0,5.0,0.0,0.0,0.0,1.0,"Hospital, PRIVATE MEDICAL PRACTITIONER"
104091516.0,7.0,0.0,1.0,0.0,0.0,0.0,1.0,1.0,1.0,0.0,0.0,3.0,0.0,0.0,0.0,1.0,"Blood Bank, PRIVATE CLINIC"
104091516.0,8.0,0.0,0.0,0.0,0.0,0.0,0.0,0.0,0.0,0.0,0.0,3.0,0.0,0.0,0.0,0.0,PRIVATE HOSPITAL
105101617.0,1.0,0.0,0.0,0.0,0.0,0.0,0.0,0.0,0.0,0.0,0.0,6.0,0.0,0.0,0.0,0.0,"Basic Health Unit, BASIC HEALTH UNIT (SMALLER)"
105101617.0,2.0,0.0,0.0,0.0,0.0,0.0,0.0,0.0,0.0,0.0,0.0,6.0,0.0,0.0,0.0,0.0,"Rural Health Center, RURAL HEALTH CENTER (LARGE)"
105101617.0,3.0,0.0,0.0,0.0,0.0,0.0,0.0,0.0,0.0,0.0,0.0,6.0,0.0,0.0,0.0,0.0,"Clinic, MATERNAL AND CHILD HEALTH CENTER"
105101617.0,4.0,0.0,0.0,0.0,0.0,0.0,0.0,0.0,0.0,0.0,0.0,6.0,0.0,0.0,0.0,0.0,"Dispensary/pharmacy, PUBLIC HOSPITAL"
105101617.0,5.0,0.0,0.0,0.0,0.0,0.0,0.0,0.0,0.0,0.0,0.0,6.0,0.0,0.0,0.0,0.0,"Private Medical Practitioner, PUBLIC DISPENSARY"
105101617.0,6.0,0.0,0.0,0.0,0.0,0.0,0.0,0.0,0.0,0.0,0.0,6.0,0.0,0.0,0.0,0.0,"Hospital, PRIVATE MEDICAL PRACTITIONER"
105101617.0,7.0,0.0,0.0,0.0,0.0,0.0,0.0,0.0,0.0,0.0,0.0,6.0,0.0,0.0,0.0,0.0,"Blood Bank, PRIVATE CLINIC"
105101617.0,8.0,0.0,0.0,0.0,0.0,0.0,0.0,0.0,0.0,0.0,0.0,3.0,0.0,0.0,0.0,0.0,PRIVATE HOSPITAL
105101617.0,9.0,0.0,1.0,0.0,0.0,0.0,0.0,1.0,1.0,0.0,0.0,1.0,0.0,0.0,0.0,1.0,ATAE DOCTOR
105101718.0,1.0,0.0,0.0,0.0,0.0,0.0,0.0,0.0,0.0,0.0,0.0,6.0,0.0,0.0,0.0,0.0,"Basic Health Unit, BASIC HEALTH UNIT (SMALLER)"
105101718.0,2.0,0.0,0.0,0.0,0.0,0.0,0.0,0.0,0.0,0.0,0.0,6.0,0.0,0.0,0.0,0.0,"Rural Health Center, RURAL HEALTH CENTER (LARGE)"
105101718.0,3.0,0.0,0.0,0.0,0.0,0.0,0.0,0.0,0.0,0.0,0.0,6.0,0.0,0.0,0.0,0.0,"Clinic, MATERNAL AND CHILD HEALTH CENTER"
105101718.0,4.0,0.0,0.0,0.0,0.0,0.0,0.0,0.0,0.0,0.0,0.0,6.0,0.0,0.0,0.0,0.0,"Dispensary/pharmacy, PUBLIC HOSPITAL"
105101718.0,5.0,0.0,0.0,0.0,0.0,0.0,0.0,0.0,0.0,0.0,0.0,6.0,0.0,0.0,0.0,0.0,"Private Medical Practitioner, PUBLIC DISPENSARY"
105101718.0,6.0,0.0,0.0,0.0,0.0,0.0,0.0,0.0,0.0,0.0,0.0,6.0,0.0,0.0,0.0,0.0,"Hospital, PRIVATE MEDICAL PRACTITIONER"
105101718.0,7.0,0.0,1.0,0.0,0.0,0.0,0.0,1.0,0.0,1.0,0.0,4.0,0.0,0.0,0.0,1.0,"Blood Bank, PRIVATE CLINIC"
105101718.0,8.0,0.0,0.0,0.0,0.0,0.0,0.0,0.0,0.0,0.0,0.0,3.0,0.0,0.0,0.0,0.0,PRIVATE HOSPITAL
105111819.0,1.0,0.0,0.0,0.0,0.0,0.0,0.0,0.0,0.0,0.0,0.0,6.0,0.0,0.0,0.0,0.0,"Basic Health Unit, BASIC HEALTH UNIT (SMALLER)"
105111819.0,2.0,0.0,0.0,0.0,0.0,0.0,0.0,0.0,0.0,0.0,0.0,6.0,0.0,0.0,0.0,0.0,"Rural Health Center, RURAL HEALTH CENTER (LARGE)"
105111819.0,3.0,0.0,0.0,0.0,0.0,0.0,0.0,0.0,0.0,0.0,0.0,6.0,0.0,0.0,0.0,0.0,"Clinic, MATERNAL AND CHILD HEALTH CENTER"
105111819.0,4.0,0.0,0.0,0.0,0.0,0.0,0.0,0.0,0.0,0.0,0.0,6.0,0.0,0.0,0.0,0.0,"Dispensary/pharmacy, PUBLIC HOSPITAL"
105111819.0,5.0,0.0,0.0,0.0,0.0,0.0,0.0,0.0,0.0,0.0,0.0,6.0,0.0,0.0,0.0,0.0,"Private Medical Practitioner, PUBLIC DISPENSARY"
105111819.0,6.0,0.0,0.0,0.0,0.0,0.0,0.0,0.0,0.0,0.0,0.0,6.0,0.0,0.0,0.0,0.0,"Hospital, PRIVATE MEDICAL PRACTITIONER"
105111819.0,7.0,0.0,0.0,0.0,0.0,0.0,0.0,0.0,0.0,0.0,0.0,6.0,0.0,0.0,0.0,0.0,"Blood Bank, PRIVATE CLINIC"
105111819.0,8.0,0.0,0.0,0.0,0.0,0.0,0.0,0.0,0.0,0.0,0.0,3.0,0.0,0.0,0.0,0.0,PRIVATE HOSPITAL
105121920.0,1.0,0.0,1.0,0.0,0.0,1.0,0.0,1.0,1.0,1.0,0.0,4.0,0.0,0.0,0.0,1.0,"Basic Health Unit, BASIC HEALTH UNIT (SMALLER)"
105121920.0,2.0,0.0,0.0,0.0,0.0,0.0,0.0,0.0,0.0,0.0,0.0,6.0,0.0,0.0,0.0,0.0,"Rural Health Center, RURAL HEALTH CENTER (LARGE)"
105121920.0,3.0,0.0,0.0,0.0,0.0,0.0,0.0,0.0,0.0,0.0,0.0,6.0,0.0,0.0,0.0,0.0,"Clinic, MATERNAL AND CHILD HEALTH CENTER"
105121920.0,4.0,0.0,0.0,0.0,0.0,0.0,0.0,0.0,0.0,0.0,0.0,6.0,0.0,0.0,0.0,0.0,"Dispensary/pharmacy, PUBLIC HOSPITAL"
105121920.0,5.0,0.0,0.0,0.0,0.0,0.0,0.0,0.0,0.0,0.0,0.0,6.0,1.0,0.0,0.0,0.0,"Private Medical Practitioner, PUBLIC DISPENSARY"
105121920.0,6.0,0.0,1.0,0.0,0.0,0.0,0.0,1.0,1.0,0.0,0.0,4.0,1.0,1.0,1.0,1.0,"Hospital, PRIVATE MEDICAL PRACTITIONER"
105121920.0,7.0,0.0,0.0,0.0,0.0,0.0,0.0,0.0,0.0,0.0,0.0,6.0,0.0,0.0,0.0,0.0,"Blood Bank, PRIVATE CLINIC"
105121920.0,8.0,0.0,0.0,0.0,0.0,0.0,0.0,0.0,0.0,0.0,0.0,3.0,0.0,0.0,0.0,0.0,PRIVATE HOSPITAL
106132021.0,1.0,1.0,1.0,1.0,0.0,1.0,1.0,1.0,1.0,1.0,0.0,4.0,0.0,0.0,0.0,1.0,"Basic Health Unit, BASIC HEALTH UNIT (SMALLER)"
106132021.0,2.0,1.0,1.0,1.0,0.0,1.0,1.0,1.0,1.0,1.0,0.0,4.0,0.0,0.0,0.0,1.0,"Rural Health Center, RURAL HEALTH CENTER (LARGE)"
106132021.0,3.0,1.0,1.0,0.0,0.0,0.0,1.0,1.0,1.0,1.0,0.0,4.0,0.0,0.0,0.0,1.0,"Clinic, MATERNAL AND CHILD HEALTH CENTER"
106132021.0,4.0,0.0,1.0,0.0,0.0,1.0,1.0,1.0,1.0,1.0,0.0,4.0,1.0,0.0,0.0,1.0,"Dispensary/pharmacy, PUBLIC HOSPITAL"
106132021.0,5.0,1.0,1.0,1.0,0.0,1.0,1.0,1.0,1.0,1.0,0.0,4.0,0.0,0.0,0.0,1.0,"Private Medical Practitioner, PUBLIC DISPENSARY"
106132021.0,6.0,0.0,0.0,0.0,1.0,0.0,0.0,0.0,0.0,0.0,1.0,6.0,1.0,0.0,0.0,0.0,"Hospital, PRIVATE MEDICAL PRACTITIONER"
106132021.0,7.0,0.0,0.0,0.0,0.0,0.0,0.0,0.0,0.0,0.0,0.0,6.0,0.0,0.0,0.0,0.0,"Blood Bank, PRIVATE CLINIC"
106132021.0,8.0,0.0,0.0,0.0,0.0,0.0,0.0,0.0,0.0,0.0,0.0,3.0,0.0,0.0,0.0,0.0,PRIVATE HOSPITAL
106132122.0,1.0,0.0,0.0,0.0,0.0,0.0,0.0,0.0,0.0,0.0,0.0,6.0,0.0,0.0,0.0,0.0,"Basic Health Unit, BASIC HEALTH UNIT (SMALLER)"
106132122.0,2.0,0.0,0.0,0.0,1.0,0.0,0.0,0.0,0.0,0.0,1.0,6.0,1.0,1.0,1.0,0.0,"Rural Health Center, RURAL HEALTH CENTER (LARGE)"
106132122.0,3.0,1.0,1.0,1.0,0.0,1.0,1.0,1.0,1.0,1.0,0.0,4.0,0.0,0.0,0.0,1.0,"Clinic, MATERNAL AND CHILD HEALTH CENTER"
106132122.0,4.0,1.0,1.0,1.0,0.0,1.0,1.0,1.0,1.0,1.0,0.0,4.0,1.0,0.0,1.0,1.0,"Dispensary/pharmacy, PUBLIC HOSPITAL"
106132122.0,5.0,1.0,1.0,1.0,0.0,1.0,1.0,1.0,1.0,1.0,0.0,4.0,1.0,1.0,1.0,1.0,"Private Medical Practitioner, PUBLIC DISPENSARY"
106132122.0,6.0,0.0,0.0,0.0,0.0,0.0,0.0,0.0,0.0,0.0,0.0,6.0,0.0,0.0,0.0,0.0,"Hospital, PRIVATE MEDICAL PRACTITIONER"
106132122.0,7.0,0.0,0.0,0.0,0.0,0.0,0.0,0.0,0.0,0.0,0.0,6.0,0.0,0.0,0.0,0.0,"Blood Bank, PRIVATE CLINIC"
106132122.0,8.0,0.0,0.0,0.0,0.0,0.0,0.0,0.0,0.0,0.0,0.0,3.0,0.0,0.0,0.0,0.0,PRIVATE HOSPITAL
106142223.0,1.0,0.0,0.0,0.0,0.0,0.0,0.0,0.0,0.0,0.0,0.0,6.0,0.0,0.0,0.0,0.0,"Basic Health Unit, BASIC HEALTH UNIT (SMALLER)"
106142223.0,2.0,0.0,0.0,0.0,0.0,0.0,0.0,0.0,0.0,0.0,0.0,6.0,0.0,0.0,0.0,0.0,"Rural Health Center, RURAL HEALTH CENTER (LARGE)"
106142223.0,3.0,0.0,0.0,0.0,0.0,1.0,1.0,1.0,0.0,0.0,0.0,4.0,0.0,0.0,0.0,1.0,"Clinic, MATERNAL AND CHILD HEALTH CENTER"
106142223.0,4.0,0.0,0.0,0.0,0.0,0.0,0.0,0.0,0.0,0.0,0.0,6.0,0.0,0.0,0.0,0.0,"Dispensary/pharmacy, PUBLIC HOSPITAL"
106142223.0,5.0,0.0,0.0,0.0,0.0,0.0,0.0,0.0,0.0,0.0,0.0,6.0,0.0,0.0,0.0,0.0,"Private Medical Practitioner, PUBLIC DISPENSARY"
106142223.0,6.0,0.0,0.0,0.0,0.0,0.0,0.0,1.0,1.0,1.0,0.0,4.0,0.0,0.0,0.0,1.0,"Hospital, PRIVATE MEDICAL PRACTITIONER"
106142223.0,7.0,0.0,0.0,0.0,0.0,0.0,0.0,0.0,0.0,0.0,0.0,6.0,0.0,0.0,0.0,0.0,"Blood Bank, PRIVATE CLINIC"
106142223.0,8.0,0.0,0.0,0.0,0.0,0.0,0.0,0.0,0.0,0.0,0.0,3.0,0.0,0.0,0.0,0.0,PRIVATE HOSPITAL
106142324.0,1.0,0.0,0.0,0.0,0.0,0.0,0.0,0.0,0.0,0.0,0.0,6.0,0.0,0.0,0.0,0.0,"Basic Health Unit, BASIC HEALTH UNIT (SMALLER)"
106142324.0,2.0,0.0,0.0,0.0,0.0,0.0,0.0,0.0,0.0,0.0,0.0,6.0,0.0,0.0,0.0,0.0,"Rural Health Center, RURAL HEALTH CENTER (LARGE)"
106142324.0,3.0,0.0,1.0,0.0,0.0,0.0,0.0,1.0,1.0,1.0,0.0,4.0,0.0,0.0,0.0,1.0,"Clinic, MATERNAL AND CHILD HEALTH CENTER"
106142324.0,4.0,0.0,0.0,0.0,0.0,0.0,0.0,0.0,0.0,0.0,0.0,5.0,0.0,0.0,0.0,0.0,"Dispensary/pharmacy, PUBLIC HOSPITAL"
106142324.0,5.0,0.0,1.0,0.0,0.0,0.0,0.0,1.0,1.0,1.0,0.0,4.0,0.0,0.0,0.0,1.0,"Private Medical Practitioner, PUBLIC DISPENSARY"
106142324.0,6.0,0.0,0.0,0.0,0.0,0.0,0.0,0.0,0.0,0.0,0.0,6.0,0.0,0.0,0.0,0.0,"Hospital, PRIVATE MEDICAL PRACTITIONER"
106142324.0,7.0,0.0,0.0,0.0,0.0,0.0,0.0,0.0,0.0,0.0,0.0,6.0,0.0,0.0,0.0,0.0,"Blood Bank, PRIVATE CLINIC"
106142324.0,8.0,0.0,0.0,0.0,0.0,0.0,0.0,0.0,0.0,0.0,0.0,3.0,0.0,0.0,0.0,0.0,PRIVATE HOSPITAL
107152425.0,1.0,0.0,0.0,0.0,0.0,0.0,0.0,0.0,0.0,0.0,0.0,6.0,0.0,0.0,0.0,0.0,"Basic Health Unit, BASIC HEALTH UNIT (SMALLER)"
107152425.0,2.0,1.0,1.0,1.0,0.0,1.0,1.0,1.0,1.0,1.0,0.0,4.0,0.0,0.0,0.0,1.0,"Rural Health Center, RURAL HEALTH CENTER (LARGE)"
107152425.0,3.0,0.0,1.0,0.0,0.0,0.0,0.0,1.0,1.0,1.0,0.0,4.0,0.0,0.0,0.0,1.0,"Clinic, MATERNAL AND CHILD HEALTH CENTER"
107152425.0,4.0,0.0,1.0,0.0,0.0,0.0,0.0,1.0,1.0,1.0,0.0,4.0,0.0,0.0,0.0,1.0,"Dispensary/pharmacy, PUBLIC HOSPITAL"
107152425.0,5.0,0.0,1.0,0.0,0.0,0.0,0.0,1.0,1.0,1.0,0.0,4.0,0.0,0.0,0.0,1.0,"Private Medical Practitioner, PUBLIC DISPENSARY"
107152425.0,6.0,0.0,0.0,0.0,0.0,0.0,0.0,0.0,0.0,0.0,0.0,6.0,0.0,0.0,0.0,0.0,"Hospital, PRIVATE MEDICAL PRACTITIONER"
107152425.0,7.0,0.0,0.0,0.0,0.0,0.0,0.0,0.0,0.0,0.0,0.0,6.0,0.0,0.0,0.0,0.0,"Blood Bank, PRIVATE CLINIC"
107152425.0,8.0,0.0,0.0,0.0,0.0,0.0,0.0,0.0,0.0,0.0,0.0,3.0,0.0,0.0,0.0,0.0,PRIVATE HOSPITAL
107152627.0,1.0,0.0,0.0,1.0,0.0,0.0,1.0,1.0,1.0,0.0,0.0,1.0,0.0,0.0,0.0,1.0,Basic Health Unit
107152627.0,2.0,0.0,0.0,0.0,0.0,0.0,0.0,0.0,0.0,0.0,0.0,3.0,0.0,0.0,0.0,0.0,Rural Health Center
107152627.0,3.0,0.0,0.0,0.0,0.0,0.0,0.0,1.0,1.0,0.0,0.0,1.0,0.0,0.0,0.0,1.0,Clinic
107152627.0,4.0,0.0,0.0,0.0,0.0,0.0,0.0,1.0,1.0,0.0,0.0,1.0,0.0,0.0,0.0,1.0,Dispensary/pharmacy
107152627.0,5.0,0.0,0.0,0.0,1.0,0.0,0.0,1.0,1.0,0.0,1.0,1.0,1.0,1.0,1.0,1.0,Private Medical Practitioner
107152627.0,6.0,0.0,0.0,0.0,0.0,0.0,0.0,0.0,0.0,0.0,0.0,3.0,0.0,0.0,0.0,0.0,Hospital
107152627.0,7.0,0.0,0.0,0.0,0.0,0.0,0.0,0.0,0.0,0.0,0.0,3.0,0.0,0.0,0.0,0.0,Blood Bank
107162526.0,1.0,0.0,0.0,0.0,0.0,0.0,0.0,0.0,0.0,0.0,0.0,6.0,1.0,0.0,1.0,0.0,"Basic Health Unit, BASIC HEALTH UNIT (SMALLER)"
107162526.0,2.0,0.0,0.0,0.0,0.0,0.0,0.0,0.0,0.0,0.0,0.0,6.0,1.0,1.0,1.0,0.0,"Rural Health Center, RURAL HEALTH CENTER (LARGE)"
107162526.0,3.0,0.0,0.0,0.0,0.0,0.0,0.0,0.0,0.0,0.0,0.0,6.0,0.0,0.0,0.0,0.0,"Clinic, MATERNAL AND CHILD HEALTH CENTER"
107162526.0,4.0,0.0,0.0,0.0,0.0,0.0,0.0,0.0,0.0,0.0,0.0,6.0,1.0,1.0,1.0,0.0,"Dispensary/pharmacy, PUBLIC HOSPITAL"
107162526.0,5.0,0.0,0.0,0.0,0.0,0.0,0.0,1.0,1.0,0.0,0.0,4.0,0.0,0.0,0.0,1.0,"Private Medical Practitioner, PUBLIC DISPENSARY"
107162526.0,6.0,0.0,0.0,0.0,0.0,0.0,0.0,0.0,0.0,0.0,0.0,6.0,0.0,0.0,0.0,0.0,"Hospital, PRIVATE MEDICAL PRACTITIONER"
107162526.0,7.0,0.0,1.0,0.0,0.0,0.0,0.0,1.0,1.0,1.0,0.0,4.0,0.0,0.0,0.0,1.0,"Blood Bank, PRIVATE CLINIC"
107162526.0,8.0,0.0,0.0,0.0,0.0,0.0,0.0,0.0,0.0,0.0,0.0,3.0,0.0,0.0,0.0,0.0,PRIVATE HOSPITAL
107172728.0,1.0,0.0,0.0,0.0,0.0,0.0,0.0,0.0,0.0,0.0,0.0,3.0,0.0,0.0,0.0,0.0,Basic Health Unit
107172728.0,2.0,0.0,0.0,0.0,0.0,0.0,0.0,0.0,0.0,0.0,0.0,3.0,0.0,0.0,0.0,0.0,Rural Health Center
107172728.0,3.0,0.0,0.0,0.0,0.0,0.0,0.0,0.0,0.0,0.0,0.0,3.0,0.0,0.0,0.0,0.0,Clinic
107172728.0,4.0,0.0,0.0,0.0,0.0,0.0,0.0,0.0,0.0,0.0,0.0,3.0,0.0,0.0,0.0,0.0,Dispensary/pharmacy
107172728.0,5.0,0.0,0.0,0.0,0.0,0.0,0.0,0.0,0.0,0.0,0.0,3.0,0.0,0.0,0.0,0.0,Private Medical Practitioner
107172728.0,6.0,0.0,0.0,0.0,0.0,0.0,0.0,0.0,0.0,0.0,0.0,3.0,0.0,0.0,0.0,0.0,Hospital
107172728.0,7.0,0.0,0.0,0.0,0.0,0.0,0.0,0.0,0.0,0.0,0.0,3.0,0.0,0.0,0.0,0.0,Blood Bank
108182829.0,1.0,0.0,0.0,0.0,0.0,0.0,0.0,0.0,0.0,0.0,0.0,6.0,0.0,0.0,0.0,0.0,"Basic Health Unit, BASIC HEALTH UNIT (SMALLER)"
108182829.0,2.0,0.0,0.0,0.0,0.0,0.0,0.0,0.0,0.0,0.0,0.0,6.0,0.0,0.0,0.0,0.0,"Rural Health Center, RURAL HEALTH CENTER (LARGE)"
108182829.0,3.0,0.0,0.0,0.0,0.0,0.0,0.0,0.0,0.0,0.0,0.0,6.0,0.0,0.0,0.0,0.0,"Clinic, MATERNAL AND CHILD HEALTH CENTER"
108182829.0,4.0,0.0,0.0,0.0,0.0,0.0,0.0,0.0,0.0,0.0,0.0,6.0,1.0,0.0,1.0,0.0,"Dispensary/pharmacy, PUBLIC HOSPITAL"
108182829.0,5.0,0.0,0.0,0.0,0.0,0.0,0.0,0.0,0.0,0.0,0.0,6.0,0.0,0.0,0.0,0.0,"Private Medical Practitioner, PUBLIC DISPENSARY"
108182829.0,6.0,0.0,0.0,0.0,0.0,0.0,0.0,0.0,0.0,0.0,0.0,6.0,0.0,0.0,0.0,0.0,"Hospital, PRIVATE MEDICAL PRACTITIONER"
108182829.0,7.0,0.0,0.0,0.0,0.0,0.0,0.0,0.0,0.0,0.0,0.0,6.0,0.0,0.0,0.0,0.0,"Blood Bank, PRIVATE CLINIC"
108182829.0,8.0,0.0,0.0,0.0,0.0,0.0,0.0,0.0,0.0,0.0,0.0,3.0,0.0,0.0,0.0,0.0,PRIVATE HOSPITAL
108192930.0,1.0,0.0,0.0,0.0,0.0,0.0,0.0,0.0,0.0,0.0,0.0,6.0,0.0,0.0,0.0,0.0,"Basic Health Unit, BASIC HEALTH UNIT (SMALLER)"
108192930.0,2.0,0.0,0.0,0.0,0.0,0.0,0.0,0.0,0.0,0.0,0.0,6.0,0.0,0.0,0.0,0.0,"Rural Health Center, RURAL HEALTH CENTER (LARGE)"
108192930.0,3.0,0.0,0.0,0.0,0.0,0.0,0.0,1.0,0.0,0.0,0.0,4.0,0.0,0.0,0.0,1.0,"Clinic, MATERNAL AND CHILD HEALTH CENTER"
108192930.0,4.0,0.0,0.0,0.0,0.0,0.0,0.0,0.0,0.0,0.0,0.0,6.0,0.0,0.0,0.0,0.0,"Dispensary/pharmacy, PUBLIC HOSPITAL"
108192930.0,5.0,0.0,0.0,0.0,0.0,0.0,0.0,0.0,0.0,0.0,0.0,6.0,0.0,0.0,0.0,0.0,"Private Medical Practitioner, PUBLIC DISPENSARY"
108192930.0,6.0,0.0,1.0,0.0,0.0,0.0,0.0,1.0,1.0,1.0,0.0,4.0,0.0,0.0,0.0,1.0,"Hospital, PRIVATE MEDICAL PRACTITIONER"
108192930.0,7.0,0.0,0.0,0.0,0.0,0.0,0.0,0.0,0.0,0.0,0.0,6.0,1.0,1.0,1.0,0.0,"Blood Bank, PRIVATE CLINIC"
108192930.0,8.0,0.0,0.0,0.0,0.0,0.0,0.0,0.0,0.0,0.0,0.0,3.0,0.0,0.0,0.0,0.0,PRIVATE HOSPITAL
108203031.0,1.0,0.0,0.0,0.0,0.0,0.0,0.0,0.0,0.0,0.0,0.0,6.0,1.0,0.0,1.0,0.0,"Basic Health Unit, BASIC HEALTH UNIT (SMALLER)"
108203031.0,2.0,0.0,0.0,0.0,0.0,0.0,0.0,0.0,0.0,0.0,0.0,6.0,0.0,0.0,0.0,0.0,"Rural Health Center, RURAL HEALTH CENTER (LARGE)"
108203031.0,3.0,0.0,0.0,0.0,0.0,0.0,0.0,1.0,0.0,0.0,0.0,4.0,0.0,0.0,0.0,1.0,"Clinic, MATERNAL AND CHILD HEALTH CENTER"
108203031.0,4.0,0.0,0.0,0.0,0.0,0.0,0.0,0.0,0.0,0.0,0.0,6.0,0.0,0.0,0.0,0.0,"Dispensary/pharmacy, PUBLIC HOSPITAL"
108203031.0,5.0,0.0,0.0,0.0,0.0,0.0,0.0,0.0,0.0,0.0,0.0,6.0,0.0,0.0,0.0,0.0,"Private Medical Practitioner, PUBLIC DISPENSARY"
108203031.0,6.0,0.0,0.0,0.0,0.0,0.0,0.0,0.0,0.0,0.0,0.0,6.0,0.0,0.0,0.0,0.0,"Hospital, PRIVATE MEDICAL PRACTITIONER"
108203031.0,7.0,0.0,0.0,0.0,0.0,0.0,0.0,0.0,0.0,0.0,0.0,6.0,1.0,0.0,1.0,0.0,"Blood Bank, PRIVATE CLINIC"
108203031.0,8.0,0.0,0.0,0.0,0.0,0.0,0.0,0.0,0.0,0.0,0.0,3.0,0.0,0.0,0.0,0.0,PRIVATE HOSPITAL
108213132.0,1.0,0.0,0.0,0.0,0.0,0.0,0.0,0.0,0.0,0.0,0.0,6.0,0.0,0.0,0.0,0.0,"Basic Health Unit, BASIC HEALTH UNIT (SMALLER)"
108213132.0,2.0,0.0,0.0,0.0,0.0,0.0,0.0,0.0,0.0,0.0,0.0,6.0,0.0,0.0,0.0,0.0,"Rural Health Center, RURAL HEALTH CENTER (LARGE)"
108213132.0,3.0,0.0,0.0,0.0,0.0,0.0,0.0,1.0,0.0,0.0,0.0,4.0,0.0,0.0,0.0,1.0,"Clinic, MATERNAL AND CHILD HEALTH CENTER"
108213132.0,4.0,0.0,0.0,0.0,0.0,0.0,0.0,0.0,0.0,0.0,0.0,6.0,0.0,0.0,0.0,0.0,"Dispensary/pharmacy, PUBLIC HOSPITAL"
108213132.0,5.0,0.0,0.0,0.0,0.0,0.0,0.0,0.0,0.0,0.0,0.0,6.0,0.0,0.0,0.0,0.0,"Private Medical Practitioner, PUBLIC DISPENSARY"
108213132.0,6.0,0.0,0.0,0.0,0.0,0.0,0.0,0.0,0.0,0.0,0.0,6.0,0.0,0.0,0.0,0.0,"Hospital, PRIVATE MEDICAL PRACTITIONER"
108213132.0,7.0,0.0,0.0,0.0,0.0,0.0,0.0,0.0,0.0,0.0,0.0,6.0,0.0,0.0,0.0,0.0,"Blood Bank, PRIVATE CLINIC"
108213132.0,8.0,0.0,0.0,0.0,0.0,0.0,0.0,0.0,0.0,0.0,0.0,3.0,0.0,0.0,0.0,0.0,PRIVATE HOSPITAL
109223233.0,1.0,0.0,0.0,0.0,0.0,0.0,0.0,0.0,0.0,0.0,0.0,6.0,0.0,0.0,0.0,0.0,"Basic Health Unit, BASIC HEALTH UNIT (SMALLER)"
109223233.0,2.0,0.0,0.0,0.0,0.0,0.0,0.0,0.0,0.0,0.0,0.0,6.0,0.0,0.0,0.0,0.0,"Rural Health Center, RURAL HEALTH CENTER (LARGE)"
109223233.0,3.0,0.0,0.0,0.0,0.0,0.0,0.0,0.0,0.0,0.0,0.0,6.0,0.0,0.0,0.0,0.0,"Clinic, MATERNAL AND CHILD HEALTH CENTER"
109223233.0,4.0,0.0,0.0,0.0,0.0,0.0,0.0,0.0,0.0,0.0,0.0,6.0,0.0,0.0,0.0,0.0,"Dispensary/pharmacy, PUBLIC HOSPITAL"
109223233.0,5.0,0.0,0.0,0.0,0.0,0.0,0.0,0.0,0.0,0.0,0.0,6.0,0.0,0.0,0.0,0.0,"Private Medical Practitioner, PUBLIC DISPENSARY"
109223233.0,6.0,0.0,0.0,0.0,0.0,0.0,0.0,0.0,0.0,0.0,0.0,6.0,0.0,0.0,0.0,0.0,"Hospital, PRIVATE MEDICAL PRACTITIONER"
109223233.0,7.0,0.0,0.0,0.0,0.0,0.0,0.0,0.0,0.0,0.0,0.0,6.0,0.0,0.0,0.0,0.0,"Blood Bank, PRIVATE CLINIC"
109223233.0,8.0,0.0,0.0,0.0,0.0,0.0,0.0,0.0,0.0,0.0,0.0,3.0,0.0,0.0,0.0,0.0,PRIVATE HOSPITAL
109223334.0,1.0,0.0,0.0,0.0,0.0,0.0,0.0,0.0,0.0,0.0,0.0,6.0,0.0,0.0,0.0,0.0,"Basic Health Unit, BASIC HEALTH UNIT (SMALLER)"
109223334.0,2.0,0.0,0.0,0.0,0.0,0.0,0.0,0.0,0.0,0.0,0.0,6.0,0.0,0.0,0.0,0.0,"Rural Health Center, RURAL HEALTH CENTER (LARGE)"
109223334.0,3.0,0.0,0.0,0.0,0.0,0.0,0.0,0.0,0.0,0.0,0.0,6.0,0.0,0.0,0.0,0.0,"Clinic, MATERNAL AND CHILD HEALTH CENTER"
109223334.0,4.0,0.0,0.0,0.0,0.0,0.0,0.0,0.0,0.0,0.0,0.0,6.0,0.0,0.0,0.0,0.0,"Dispensary/pharmacy, PUBLIC HOSPITAL"
109223334.0,5.0,0.0,0.0,0.0,0.0,0.0,0.0,0.0,0.0,0.0,0.0,6.0,0.0,0.0,0.0,0.0,"Private Medical Practitioner, PUBLIC DISPENSARY"
109223334.0,6.0,0.0,0.0,0.0,0.0,0.0,0.0,0.0,0.0,0.0,0.0,6.0,0.0,0.0,0.0,0.0,"Hospital, PRIVATE MEDICAL PRACTITIONER"
109223334.0,7.0,0.0,0.0,0.0,0.0,0.0,0.0,0.0,0.0,0.0,0.0,6.0,0.0,0.0,0.0,0.0,"Blood Bank, PRIVATE CLINIC"
109223334.0,8.0,0.0,0.0,0.0,0.0,0.0,0.0,0.0,0.0,0.0,0.0,3.0,0.0,0.0,0.0,0.0,PRIVATE HOSPITAL
109233435.0,1.0,0.0,0.0,0.0,0.0,0.0,0.0,0.0,0.0,0.0,0.0,6.0,0.0,0.0,0.0,0.0,"Basic Health Unit, BASIC HEALTH UNIT (SMALLER)"
109233435.0,2.0,0.0,0.0,0.0,0.0,0.0,0.0,0.0,0.0,0.0,0.0,6.0,0.0,0.0,0.0,0.0,"Rural Health Center, RURAL HEALTH CENTER (LARGE)"
109233435.0,3.0,0.0,0.0,0.0,0.0,0.0,0.0,0.0,0.0,0.0,0.0,6.0,0.0,0.0,0.0,0.0,"Clinic, MATERNAL AND CHILD HEALTH CENTER"
109233435.0,4.0,0.0,0.0,0.0,0.0,0.0,0.0,0.0,0.0,0.0,0.0,6.0,0.0,0.0,0.0,0.0,"Dispensary/pharmacy, PUBLIC HOSPITAL"
109233435.0,5.0,0.0,0.0,0.0,0.0,0.0,0.0,0.0,0.0,0.0,0.0,6.0,0.0,0.0,0.0,0.0,"Private Medical Practitioner, PUBLIC DISPENSARY"
109233435.0,6.0,0.0,0.0,0.0,0.0,0.0,0.0,0.0,0.0,0.0,0.0,6.0,0.0,0.0,0.0,0.0,"Hospital, PRIVATE MEDICAL PRACTITIONER"
109233435.0,7.0,0.0,0.0,0.0,0.0,0.0,0.0,0.0,0.0,0.0,0.0,6.0,0.0,0.0,0.0,0.0,"Blood Bank, PRIVATE CLINIC"
109233435.0,8.0,0.0,0.0,0.0,0.0,0.0,0.0,0.0,0.0,0.0,0.0,3.0,0.0,0.0,0.0,0.0,PRIVATE HOSPITAL
109233435.0,9.0,0.0,1.0,0.0,0.0,0.0,0.0,1.0,1.0,0.0,0.0,1.0,0.0,0.0,0.0,1.0,ATAE DOCTOR
109233536.0,1.0,0.0,0.0,0.0,0.0,0.0,0.0,0.0,0.0,0.0,0.0,6.0,0.0,0.0,0.0,0.0,"Basic Health Unit, BASIC HEALTH UNIT (SMALLER)"
109233536.0,2.0,0.0,0.0,0.0,0.0,0.0,0.0,0.0,0.0,0.0,0.0,6.0,0.0,0.0,0.0,0.0,"Rural Health Center, RURAL HEALTH CENTER (LARGE)"
109233536.0,3.0,0.0,0.0,0.0,0.0,0.0,0.0,0.0,0.0,0.0,0.0,6.0,0.0,0.0,0.0,0.0,"Clinic, MATERNAL AND CHILD HEALTH CENTER"
109233536.0,4.0,0.0,0.0,0.0,0.0,0.0,0.0,0.0,0.0,0.0,0.0,6.0,0.0,0.0,0.0,0.0,"Dispensary/pharmacy, PUBLIC HOSPITAL"
109233536.0,5.0,0.0,0.0,0.0,0.0,0.0,0.0,0.0,0.0,0.0,0.0,6.0,0.0,0.0,0.0,0.0,"Private Medical Practitioner, PUBLIC DISPENSARY"
109233536.0,6.0,0.0,0.0,0.0,0.0,0.0,0.0,0.0,0.0,0.0,0.0,6.0,0.0,0.0,0.0,0.0,"Hospital, PRIVATE MEDICAL PRACTITIONER"
109233536.0,7.0,0.0,0.0,0.0,0.0,0.0,0.0,0.0,0.0,0.0,0.0,6.0,0.0,0.0,0.0,0.0,"Blood Bank, PRIVATE CLINIC"
109233536.0,8.0,0.0,0.0,0.0,0.0,0.0,0.0,0.0,0.0,0.0,0.0,3.0,0.0,0.0,0.0,0.0,PRIVATE HOSPITAL
110243637.0,1.0,0.0,0.0,0.0,0.0,0.0,0.0,0.0,0.0,0.0,0.0,6.0,0.0,0.0,0.0,0.0,"Basic Health Unit, BASIC HEALTH UNIT (SMALLER)"
110243637.0,2.0,0.0,0.0,0.0,0.0,0.0,0.0,0.0,0.0,0.0,0.0,6.0,0.0,0.0,0.0,0.0,"Rural Health Center, RURAL HEALTH CENTER (LARGE)"
110243637.0,3.0,0.0,0.0,0.0,0.0,0.0,0.0,0.0,0.0,0.0,0.0,6.0,0.0,0.0,0.0,0.0,"Clinic, MATERNAL AND CHILD HEALTH CENTER"
110243637.0,4.0,0.0,0.0,0.0,0.0,0.0,0.0,0.0,0.0,0.0,0.0,6.0,0.0,0.0,0.0,0.0,"Dispensary/pharmacy, PUBLIC HOSPITAL"
110243637.0,5.0,0.0,0.0,0.0,0.0,0.0,0.0,0.0,0.0,0.0,0.0,6.0,0.0,0.0,0.0,0.0,"Private Medical Practitioner, PUBLIC DISPENSARY"
110243637.0,6.0,0.0,0.0,0.0,0.0,0.0,0.0,0.0,0.0,0.0,0.0,6.0,0.0,0.0,0.0,0.0,"Hospital, PRIVATE MEDICAL PRACTITIONER"
110243637.0,7.0,0.0,1.0,0.0,0.0,0.0,0.0,1.0,1.0,1.0,0.0,4.0,0.0,0.0,0.0,1.0,"Blood Bank, PRIVATE CLINIC"
110243637.0,8.0,0.0,0.0,0.0,0.0,0.0,0.0,0.0,0.0,0.0,0.0,3.0,0.0,0.0,0.0,0.0,PRIVATE HOSPITAL
110243738.0,1.0,0.0,0.0,0.0,0.0,0.0,0.0,0.0,0.0,0.0,0.0,6.0,1.0,0.0,1.0,0.0,"Basic Health Unit, BASIC HEALTH UNIT (SMALLER)"
110243738.0,2.0,0.0,0.0,0.0,0.0,0.0,0.0,0.0,0.0,0.0,0.0,6.0,0.0,0.0,0.0,0.0,"Rural Health Center, RURAL HEALTH CENTER (LARGE)"
110243738.0,3.0,0.0,0.0,0.0,0.0,0.0,0.0,0.0,0.0,0.0,0.0,6.0,0.0,0.0,0.0,0.0,"Clinic, MATERNAL AND CHILD HEALTH CENTER"
110243738.0,4.0,0.0,0.0,0.0,0.0,0.0,0.0,0.0,0.0,0.0,0.0,6.0,0.0,0.0,0.0,0.0,"Dispensary/pharmacy, PUBLIC HOSPITAL"
110243738.0,5.0,0.0,0.0,0.0,0.0,0.0,0.0,0.0,0.0,0.0,0.0,6.0,0.0,0.0,0.0,0.0,"Private Medical Practitioner, PUBLIC DISPENSARY"
110243738.0,6.0,0.0,0.0,0.0,0.0,0.0,0.0,0.0,0.0,0.0,0.0,6.0,0.0,0.0,0.0,0.0,"Hospital, PRIVATE MEDICAL PRACTITIONER"
110243738.0,7.0,0.0,0.0,0.0,0.0,0.0,0.0,0.0,0.0,0.0,0.0,6.0,0.0,0.0,0.0,0.0,"Blood Bank, PRIVATE CLINIC"
110243738.0,8.0,0.0,0.0,0.0,0.0,0.0,0.0,0.0,0.0,0.0,0.0,3.0,0.0,0.0,0.0,0.0,PRIVATE HOSPITAL
110243839.0,1.0,0.0,0.0,0.0,0.0,0.0,0.0,0.0,0.0,0.0,0.0,6.0,0.0,0.0,0.0,0.0,"Basic Health Unit, BASIC HEALTH UNIT (SMALLER)"
110243839.0,2.0,0.0,0.0,0.0,0.0,0.0,0.0,0.0,0.0,0.0,0.0,6.0,0.0,0.0,0.0,0.0,"Rural Health Center, RURAL HEALTH CENTER (LARGE)"
110243839.0,3.0,0.0,0.0,0.0,0.0,0.0,0.0,0.0,0.0,0.0,0.0,6.0,0.0,0.0,0.0,0.0,"Clinic, MATERNAL AND CHILD HEALTH CENTER"
110243839.0,4.0,0.0,1.0,0.0,0.0,0.0,0.0,1.0,1.0,1.0,0.0,4.0,0.0,0.0,0.0,1.0,"Dispensary/pharmacy, PUBLIC HOSPITAL"
110243839.0,5.0,0.0,1.0,0.0,0.0,0.0,0.0,1.0,1.0,1.0,0.0,4.0,0.0,0.0,0.0,1.0,"Private Medical Practitioner, PUBLIC DISPENSARY"
110243839.0,6.0,0.0,0.0,0.0,0.0,0.0,0.0,0.0,0.0,0.0,0.0,6.0,0.0,0.0,0.0,0.0,"Hospital, PRIVATE MEDICAL PRACTITIONER"
110243839.0,7.0,0.0,0.0,0.0,0.0,0.0,0.0,0.0,0.0,0.0,0.0,6.0,0.0,0.0,0.0,0.0,"Blood Bank, PRIVATE CLINIC"
110243839.0,8.0,0.0,0.0,0.0,0.0,0.0,0.0,0.0,0.0,0.0,0.0,3.0,0.0,0.0,0.0,0.0,PRIVATE HOSPITAL
110243839.0,9.0,0.0,0.0,0.0,0.0,0.0,0.0,1.0,0.0,0.0,0.0,1.0,0.0,0.0,0.0,1.0,ATAE DOCTOR
110253940.0,1.0,0.0,0.0,0.0,0.0,0.0,0.0,0.0,0.0,0.0,0.0,6.0,0.0,0.0,0.0,0.0,"Basic Health Unit, BASIC HEALTH UNIT (SMALLER)"
110253940.0,2.0,0.0,0.0,0.0,0.0,0.0,0.0,0.0,0.0,0.0,0.0,6.0,1.0,0.0,1.0,0.0,"Rural Health Center, RURAL HEALTH CENTER (LARGE)"
110253940.0,3.0,0.0,1.0,0.0,0.0,0.0,0.0,1.0,1.0,1.0,0.0,4.0,0.0,0.0,0.0,1.0,"Clinic, MATERNAL AND CHILD HEALTH CENTER"
110253940.0,4.0,0.0,0.0,0.0,0.0,0.0,0.0,0.0,0.0,0.0,0.0,6.0,0.0,0.0,0.0,0.0,"Dispensary/pharmacy, PUBLIC HOSPITAL"
110253940.0,5.0,0.0,0.0,0.0,0.0,0.0,0.0,0.0,0.0,0.0,0.0,6.0,0.0,0.0,0.0,0.0,"Private Medical Practitioner, PUBLIC DISPENSARY"
110253940.0,6.0,0.0,0.0,0.0,0.0,0.0,0.0,0.0,0.0,0.0,0.0,6.0,0.0,0.0,0.0,0.0,"Hospital, PRIVATE MEDICAL PRACTITIONER"
110253940.0,7.0,0.0,1.0,0.0,0.0,0.0,0.0,1.0,1.0,1.0,0.0,4.0,0.0,0.0,0.0,1.0,"Blood Bank, PRIVATE CLINIC"
110253940.0,8.0,0.0,0.0,0.0,0.0,0.0,0.0,0.0,0.0,0.0,0.0,3.0,0.0,0.0,0.0,0.0,PRIVATE HOSPITAL
110253940.0,10.0,0.0,1.0,0.0,0.0,0.0,0.0,1.0,0.0,1.0,0.0,1.0,0.0,0.0,0.0,1.0,HAKEEM
111264041.0,1.0,1.0,2.0,1.0,0.0,2.0,2.0,2.0,1.0,1.0,0.0,2.0,0.0,0.0,0.0,2.0,"Basic Health Unit, BASIC HEALTH UNIT (SMALLER)"
111264041.0,2.0,1.0,1.0,0.0,0.0,1.0,1.0,1.0,1.0,1.0,0.0,4.0,0.0,0.0,0.0,1.0,"Rural Health Center, RURAL HEALTH CENTER (LARGE)"
111264041.0,3.0,0.0,1.0,0.0,0.0,0.0,1.0,1.0,1.0,1.0,0.0,4.0,0.0,0.0,0.0,1.0,"Clinic, MATERNAL AND CHILD HEALTH CENTER"
111264041.0,4.0,0.0,0.0,0.0,0.0,0.0,0.0,0.0,0.0,0.0,0.0,4.0,0.0,0.0,0.0,0.0,"Dispensary/pharmacy, PUBLIC HOSPITAL"
111264041.0,5.0,0.0,0.0,0.0,0.0,0.0,0.0,0.0,0.0,0.0,0.0,6.0,1.0,0.0,1.0,0.0,"Private Medical Practitioner, PUBLIC DISPENSARY"
111264041.0,6.0,1.0,1.0,1.0,0.0,1.0,1.0,1.0,1.0,1.0,0.0,4.0,0.0,0.0,0.0,1.0,"Hospital, PRIVATE MEDICAL PRACTITIONER"
111264041.0,7.0,1.0,0.0,1.0,0.0,1.0,0.0,1.0,1.0,1.0,0.0,4.0,0.0,0.0,0.0,1.0,"Blood Bank, PRIVATE CLINIC"
111264041.0,8.0,0.0,0.0,0.0,0.0,0.0,0.0,0.0,0.0,0.0,0.0,3.0,0.0,0.0,0.0,0.0,PRIVATE HOSPITAL
111274142.0,1.0,2.0,2.0,0.0,0.0,2.0,2.0,2.0,2.0,2.0,0.0,2.0,0.0,0.0,0.0,2.0,"Basic Health Unit, BASIC HEALTH UNIT (SMALLER)"
111274142.0,2.0,0.0,0.0,0.0,0.0,0.0,0.0,0.0,0.0,0.0,0.0,6.0,0.0,0.0,0.0,0.0,"Rural Health Center, RURAL HEALTH CENTER (LARGE)"
111274142.0,3.0,0.0,1.0,0.0,0.0,0.0,0.0,1.0,1.0,0.0,0.0,4.0,0.0,0.0,0.0,1.0,"Clinic, MATERNAL AND CHILD HEALTH CENTER"
111274142.0,4.0,0.0,0.0,0.0,0.0,0.0,0.0,0.0,0.0,0.0,0.0,6.0,0.0,0.0,0.0,0.0,"Dispensary/pharmacy, PUBLIC HOSPITAL"
111274142.0,5.0,0.0,0.0,0.0,0.0,0.0,0.0,0.0,0.0,0.0,0.0,6.0,0.0,0.0,0.0,0.0,"Private Medical Practitioner, PUBLIC DISPENSARY"
111274142.0,6.0,0.0,0.0,0.0,0.0,0.0,0.0,0.0,0.0,0.0,0.0,6.0,0.0,0.0,0.0,0.0,"Hospital, PRIVATE MEDICAL PRACTITIONER"
111274142.0,7.0,0.0,0.0,0.0,0.0,0.0,0.0,1.0,1.0,0.0,0.0,4.0,0.0,0.0,0.0,1.0,"Blood Bank, PRIVATE CLINIC"
111274142.0,8.0,0.0,0.0,0.0,0.0,0.0,0.0,0.0,0.0,0.0,0.0,3.0,0.0,0.0,0.0,0.0,PRIVATE HOSPITAL
111274243.0,1.0,1.0,2.0,1.0,0.0,2.0,2.0,2.0,1.0,2.0,0.0,2.0,0.0,0.0,0.0,2.0,"Basic Health Unit, BASIC HEALTH UNIT (SMALLER)"
111274243.0,2.0,0.0,0.0,0.0,0.0,0.0,0.0,0.0,0.0,0.0,0.0,6.0,0.0,0.0,0.0,0.0,"Rural Health Center, RURAL HEALTH CENTER (LARGE)"
111274243.0,3.0,0.0,1.0,0.0,0.0,0.0,1.0,1.0,1.0,1.0,0.0,4.0,0.0,0.0,0.0,1.0,"Clinic, MATERNAL AND CHILD HEALTH CENTER"
111274243.0,4.0,0.0,0.0,0.0,0.0,0.0,0.0,0.0,0.0,0.0,0.0,6.0,0.0,0.0,0.0,0.0,"Dispensary/pharmacy, PUBLIC HOSPITAL"
111274243.0,5.0,0.0,1.0,0.0,0.0,0.0,1.0,1.0,1.0,1.0,0.0,4.0,0.0,0.0,0.0,1.0,"Private Medical Practitioner, PUBLIC DISPENSARY"
111274243.0,6.0,0.0,0.0,0.0,0.0,0.0,0.0,0.0,0.0,0.0,0.0,5.0,0.0,0.0,0.0,0.0,"Hospital, PRIVATE MEDICAL PRACTITIONER"
111274243.0,7.0,0.0,0.0,0.0,0.0,0.0,0.0,1.0,1.0,1.0,0.0,4.0,0.0,0.0,0.0,1.0,"Blood Bank, PRIVATE CLINIC"
111274243.0,8.0,0.0,0.0,0.0,0.0,0.0,0.0,0.0,0.0,0.0,0.0,3.0,0.0,0.0,0.0,0.0,PRIVATE HOSPITAL
111284344.0,1.0,0.0,2.0,0.0,0.0,2.0,2.0,2.0,1.0,2.0,0.0,2.0,1.0,0.0,1.0,2.0,"Basic Health Unit, BASIC HEALTH UNIT (SMALLER)"
111284344.0,2.0,1.0,1.0,1.0,0.0,1.0,1.0,1.0,1.0,1.0,0.0,4.0,0.0,0.0,0.0,1.0,"Rural Health Center, RURAL HEALTH CENTER (LARGE)"
111284344.0,3.0,0.0,0.0,0.0,0.0,0.0,0.0,0.0,0.0,0.0,0.0,6.0,0.0,0.0,0.0,0.0,"Clinic, MATERNAL AND CHILD HEALTH CENTER"
111284344.0,4.0,0.0,0.0,0.0,0.0,0.0,0.0,0.0,0.0,0.0,0.0,6.0,0.0,0.0,0.0,0.0,"Dispensary/pharmacy, PUBLIC HOSPITAL"
111284344.0,5.0,0.0,0.0,0.0,0.0,0.0,0.0,0.0,0.0,0.0,0.0,6.0,0.0,0.0,0.0,0.0,"Private Medical Practitioner, PUBLIC DISPENSARY"
111284344.0,6.0,1.0,1.0,1.0,0.0,1.0,1.0,1.0,1.0,1.0,0.0,4.0,0.0,0.0,0.0,1.0,"Hospital, PRIVATE MEDICAL PRACTITIONER"
111284344.0,7.0,0.0,0.0,0.0,0.0,0.0,0.0,1.0,1.0,1.0,0.0,4.0,0.0,0.0,0.0,1.0,"Blood Bank, PRIVATE CLINIC"
111284344.0,8.0,0.0,0.0,0.0,0.0,0.0,0.0,0.0,0.0,0.0,0.0,3.0,0.0,0.0,0.0,0.0,PRIVATE HOSPITAL
112294445.0,1.0,0.0,0.0,0.0,0.0,0.0,0.0,0.0,0.0,0.0,0.0,6.0,1.0,1.0,1.0,0.0,"Basic Health Unit, BASIC HEALTH UNIT (SMALLER)"
112294445.0,2.0,0.0,0.0,0.0,0.0,0.0,0.0,0.0,0.0,0.0,0.0,6.0,0.0,0.0,0.0,0.0,"Rural Health Center, RURAL HEALTH CENTER (LARGE)"
112294445.0,3.0,0.0,0.0,0.0,0.0,0.0,0.0,0.0,0.0,0.0,0.0,6.0,1.0,0.0,1.0,0.0,"Clinic, MATERNAL AND CHILD HEALTH CENTER"
112294445.0,4.0,0.0,0.0,0.0,0.0,0.0,0.0,0.0,0.0,0.0,0.0,6.0,0.0,0.0,0.0,0.0,"Dispensary/pharmacy, PUBLIC HOSPITAL"
112294445.0,5.0,0.0,0.0,0.0,0.0,0.0,0.0,0.0,0.0,0.0,0.0,6.0,0.0,0.0,0.0,0.0,"Private Medical Practitioner, PUBLIC DISPENSARY"
112294445.0,6.0,0.0,0.0,0.0,0.0,0.0,0.0,0.0,0.0,0.0,0.0,6.0,0.0,0.0,0.0,0.0,"Hospital, PRIVATE MEDICAL PRACTITIONER"
112294445.0,7.0,0.0,0.0,0.0,0.0,0.0,0.0,0.0,0.0,0.0,0.0,6.0,0.0,0.0,0.0,0.0,"Blood Bank, PRIVATE CLINIC"
112294445.0,8.0,0.0,0.0,0.0,0.0,0.0,0.0,0.0,0.0,0.0,0.0,3.0,0.0,0.0,0.0,0.0,PRIVATE HOSPITAL
112304546.0,1.0,0.0,0.0,0.0,0.0,0.0,0.0,0.0,0.0,0.0,0.0,6.0,1.0,0.0,0.0,0.0,"Basic Health Unit, BASIC HEALTH UNIT (SMALLER)"
112304546.0,2.0,0.0,0.0,0.0,0.0,0.0,0.0,0.0,0.0,0.0,0.0,6.0,0.0,0.0,0.0,0.0,"Rural Health Center, RURAL HEALTH CENTER (LARGE)"
112304546.0,3.0,0.0,0.0,0.0,0.0,0.0,0.0,0.0,0.0,0.0,0.0,6.0,0.0,0.0,0.0,0.0,"Clinic, MATERNAL AND CHILD HEALTH CENTER"
112304546.0,4.0,0.0,0.0,0.0,0.0,0.0,0.0,0.0,0.0,0.0,0.0,6.0,0.0,0.0,0.0,0.0,"Dispensary/pharmacy, PUBLIC HOSPITAL"
112304546.0,5.0,0.0,0.0,0.0,0.0,0.0,0.0,0.0,0.0,0.0,0.0,6.0,0.0,0.0,0.0,0.0,"Private Medical Practitioner, PUBLIC DISPENSARY"
112304546.0,6.0,0.0,0.0,0.0,0.0,0.0,0.0,0.0,0.0,0.0,0.0,6.0,0.0,0.0,0.0,0.0,"Hospital, PRIVATE MEDICAL PRACTITIONER"
112304546.0,7.0,0.0,0.0,0.0,0.0,0.0,0.0,0.0,0.0,0.0,0.0,6.0,0.0,0.0,0.0,0.0,"Blood Bank, PRIVATE CLINIC"
112304546.0,8.0,0.0,0.0,0.0,0.0,0.0,0.0,0.0,0.0,0.0,0.0,3.0,0.0,0.0,0.0,0.0,PRIVATE HOSPITAL
112304647.0,1.0,0.0,0.0,0.0,0.0,0.0,0.0,0.0,0.0,0.0,0.0,6.0,0.0,0.0,0.0,0.0,"Basic Health Unit, BASIC HEALTH UNIT (SMALLER)"
112304647.0,2.0,0.0,0.0,0.0,0.0,0.0,0.0,0.0,0.0,0.0,0.0,6.0,0.0,0.0,0.0,0.0,"Rural Health Center, RURAL HEALTH CENTER (LARGE)"
112304647.0,3.0,0.0,0.0,0.0,0.0,0.0,0.0,0.0,0.0,0.0,0.0,6.0,0.0,0.0,0.0,0.0,"Clinic, MATERNAL AND CHILD HEALTH CENTER"
112304647.0,4.0,0.0,0.0,0.0,0.0,0.0,0.0,0.0,0.0,0.0,0.0,6.0,0.0,0.0,1.0,0.0,"Dispensary/pharmacy, PUBLIC HOSPITAL"
112304647.0,5.0,0.0,0.0,0.0,0.0,0.0,0.0,0.0,0.0,0.0,0.0,6.0,0.0,0.0,0.0,0.0,"Private Medical Practitioner, PUBLIC DISPENSARY"
112304647.0,6.0,0.0,0.0,0.0,0.0,0.0,0.0,0.0,0.0,0.0,0.0,6.0,0.0,0.0,0.0,0.0,"Hospital, PRIVATE MEDICAL PRACTITIONER"
112304647.0,7.0,0.0,0.0,0.0,0.0,0.0,0.0,0.0,0.0,0.0,0.0,6.0,0.0,0.0,0.0,0.0,"Blood Bank, PRIVATE CLINIC"
112304647.0,8.0,0.0,0.0,0.0,0.0,0.0,0.0,0.0,0.0,0.0,0.0,3.0,0.0,0.0,0.0,0.0,PRIVATE HOSPITAL
112304647.0,9.0,0.0,0.0,0.0,0.0,0.0,0.0,1.0,1.0,1.0,0.0,1.0,0.0,0.0,0.0,1.0,ATAE DOCTOR
112314748.0,1.0,1.0,1.0,1.0,0.0,1.0,1.0,1.0,0.0,0.0,0.0,4.0,0.0,0.0,0.0,1.0,"Basic Health Unit, BASIC HEALTH UNIT (SMALLER)"
112314748.0,2.0,0.0,0.0,0.0,0.0,0.0,0.0,0.0,0.0,0.0,0.0,6.0,0.0,0.0,0.0,0.0,"Rural Health Center, RURAL HEALTH CENTER (LARGE)"
112314748.0,3.0,1.0,1.0,1.0,0.0,1.0,0.0,1.0,1.0,1.0,0.0,4.0,0.0,0.0,0.0,1.0,"Clinic, MATERNAL AND CHILD HEALTH CENTER"
112314748.0,4.0,0.0,1.0,0.0,0.0,0.0,0.0,1.0,0.0,0.0,0.0,4.0,0.0,0.0,0.0,1.0,"Dispensary/pharmacy, PUBLIC HOSPITAL"
112314748.0,5.0,0.0,0.0,0.0,0.0,0.0,0.0,0.0,0.0,0.0,0.0,6.0,0.0,0.0,0.0,0.0,"Private Medical Practitioner, PUBLIC DISPENSARY"
112314748.0,6.0,0.0,0.0,0.0,0.0,0.0,0.0,0.0,0.0,0.0,0.0,6.0,0.0,0.0,0.0,0.0,"Hospital, PRIVATE MEDICAL PRACTITIONER"
112314748.0,7.0,0.0,0.0,0.0,0.0,0.0,0.0,0.0,0.0,0.0,0.0,6.0,0.0,0.0,0.0,0.0,"Blood Bank, PRIVATE CLINIC"
112314748.0,8.0,0.0,0.0,0.0,0.0,0.0,0.0,0.0,0.0,0.0,0.0,3.0,0.0,0.0,0.0,0.0,PRIVATE HOSPITAL
213324849.0,1.0,0.0,0.0,0.0,0.0,0.0,0.0,0.0,0.0,0.0,0.0,6.0,0.0,0.0,0.0,0.0,"Basic Health Unit, BASIC HEALTH UNIT (SMALLER)"
213324849.0,2.0,0.0,0.0,0.0,0.0,0.0,0.0,0.0,0.0,0.0,0.0,6.0,0.0,0.0,0.0,0.0,"Rural Health Center, RURAL HEALTH CENTER (LARGE)"
213324849.0,3.0,0.0,0.0,0.0,0.0,0.0,0.0,0.0,0.0,0.0,0.0,6.0,0.0,0.0,0.0,0.0,"Clinic, MATERNAL AND CHILD HEALTH CENTER"
213324849.0,4.0,0.0,0.0,0.0,0.0,0.0,0.0,0.0,0.0,0.0,0.0,6.0,0.0,0.0,0.0,0.0,"Dispensary/pharmacy, PUBLIC HOSPITAL"
213324849.0,5.0,0.0,0.0,0.0,0.0,0.0,0.0,0.0,0.0,0.0,0.0,6.0,0.0,0.0,0.0,0.0,"Private Medical Practitioner, PUBLIC DISPENSARY"
213324849.0,6.0,0.0,0.0,0.0,0.0,0.0,0.0,0.0,0.0,0.0,0.0,6.0,0.0,0.0,0.0,0.0,"Hospital, PRIVATE MEDICAL PRACTITIONER"
213324849.0,7.0,0.0,0.0,0.0,0.0,0.0,0.0,0.0,0.0,0.0,0.0,6.0,0.0,0.0,0.0,0.0,"Blood Bank, PRIVATE CLINIC"
213324849.0,8.0,0.0,0.0,0.0,0.0,0.0,0.0,0.0,0.0,0.0,0.0,3.0,0.0,0.0,0.0,0.0,PRIVATE HOSPITAL
213324950.0,1.0,0.0,0.0,0.0,0.0,0.0,0.0,0.0,0.0,0.0,0.0,3.0,0.0,0.0,0.0,0.0,BASIC HEALTH UNIT (SMALLER)
213324950.0,2.0,0.0,0.0,0.0,0.0,0.0,0.0,0.0,0.0,0.0,0.0,3.0,0.0,0.0,0.0,0.0,RURAL HEALTH CENTER (LARGE)
213324950.0,3.0,0.0,0.0,0.0,0.0,0.0,0.0,0.0,0.0,0.0,0.0,3.0,0.0,0.0,0.0,0.0,MATERNAL AND CHILD HEALTH CENTER
213324950.0,4.0,0.0,0.0,0.0,0.0,0.0,0.0,0.0,0.0,0.0,0.0,3.0,0.0,0.0,0.0,0.0,PUBLIC HOSPITAL
213324950.0,5.0,0.0,0.0,0.0,0.0,0.0,0.0,0.0,0.0,0.0,0.0,3.0,0.0,0.0,0.0,0.0,PUBLIC DISPENSARY
213324950.0,6.0,0.0,0.0,0.0,0.0,0.0,0.0,0.0,0.0,0.0,0.0,3.0,0.0,0.0,0.0,0.0,PRIVATE MEDICAL PRACTITIONER
213324950.0,7.0,0.0,0.0,0.0,0.0,0.0,0.0,0.0,0.0,0.0,0.0,3.0,0.0,0.0,0.0,0.0,PRIVATE CLINIC
213324950.0,8.0,0.0,0.0,0.0,0.0,0.0,0.0,0.0,0.0,0.0,0.0,3.0,0.0,0.0,0.0,0.0,PRIVATE HOSPITAL
213324952.0,1.0,0.0,0.0,0.0,0.0,0.0,0.0,0.0,0.0,0.0,0.0,6.0,0.0,0.0,0.0,0.0,"Basic Health Unit, BASIC HEALTH UNIT (SMALLER)"
213324952.0,2.0,0.0,0.0,0.0,0.0,0.0,0.0,0.0,0.0,0.0,0.0,6.0,0.0,0.0,0.0,0.0,"Rural Health Center, RURAL HEALTH CENTER (LARGE)"
213324952.0,3.0,0.0,0.0,0.0,0.0,0.0,0.0,0.0,0.0,0.0,0.0,6.0,0.0,0.0,0.0,0.0,"Clinic, MATERNAL AND CHILD HEALTH CENTER"
213324952.0,4.0,0.0,0.0,0.0,0.0,0.0,0.0,0.0,0.0,0.0,0.0,6.0,0.0,0.0,0.0,0.0,"Dispensary/pharmacy, PUBLIC HOSPITAL"
213324952.0,5.0,0.0,0.0,0.0,0.0,0.0,0.0,0.0,0.0,0.0,0.0,6.0,0.0,0.0,0.0,0.0,"Private Medical Practitioner, PUBLIC DISPENSARY"
213324952.0,6.0,0.0,0.0,0.0,0.0,0.0,0.0,0.0,0.0,0.0,0.0,6.0,0.0,0.0,0.0,0.0,"Hospital, PRIVATE MEDICAL PRACTITIONER"
213324952.0,7.0,0.0,0.0,0.0,0.0,0.0,0.0,0.0,0.0,0.0,0.0,6.0,0.0,0.0,0.0,0.0,"Blood Bank, PRIVATE CLINIC"
213324952.0,8.0,0.0,0.0,0.0,0.0,0.0,0.0,0.0,0.0,0.0,0.0,3.0,0.0,0.0,0.0,0.0,PRIVATE HOSPITAL
213334950.0,1.0,0.0,0.0,0.0,0.0,0.0,0.0,0.0,0.0,0.0,0.0,3.0,0.0,0.0,0.0,0.0,Basic Health Unit
213334950.0,2.0,0.0,0.0,0.0,0.0,0.0,0.0,0.0,0.0,0.0,0.0,3.0,0.0,0.0,0.0,0.0,Rural Health Center
213334950.0,3.0,0.0,0.0,0.0,0.0,0.0,0.0,0.0,0.0,0.0,0.0,3.0,0.0,0.0,0.0,0.0,Clinic
213334950.0,4.0,0.0,0.0,0.0,0.0,0.0,0.0,0.0,0.0,0.0,0.0,3.0,0.0,0.0,0.0,0.0,Dispensary/pharmacy
213334950.0,5.0,0.0,0.0,0.0,0.0,0.0,0.0,0.0,0.0,0.0,0.0,3.0,0.0,0.0,0.0,0.0,Private Medical Practitioner
213334950.0,6.0,0.0,0.0,0.0,0.0,0.0,0.0,0.0,0.0,0.0,0.0,3.0,0.0,0.0,0.0,0.0,Hospital
213334950.0,7.0,0.0,0.0,0.0,0.0,0.0,0.0,0.0,0.0,0.0,0.0,3.0,0.0,0.0,0.0,0.0,Blood Bank
213335051.0,1.0,0.0,0.0,0.0,0.0,0.0,0.0,0.0,0.0,0.0,0.0,6.0,0.0,0.0,0.0,0.0,"Basic Health Unit, BASIC HEALTH UNIT (SMALLER)"
213335051.0,2.0,0.0,0.0,0.0,0.0,0.0,0.0,0.0,0.0,0.0,0.0,6.0,0.0,0.0,0.0,0.0,"Rural Health Center, RURAL HEALTH CENTER (LARGE)"
213335051.0,3.0,0.0,0.0,0.0,0.0,0.0,0.0,0.0,0.0,0.0,0.0,6.0,0.0,0.0,0.0,0.0,"Clinic, MATERNAL AND CHILD HEALTH CENTER"
213335051.0,4.0,0.0,0.0,0.0,0.0,0.0,0.0,0.0,0.0,0.0,0.0,6.0,0.0,0.0,0.0,0.0,"Dispensary/pharmacy, PUBLIC HOSPITAL"
213335051.0,5.0,0.0,0.0,0.0,0.0,0.0,0.0,0.0,0.0,0.0,0.0,6.0,0.0,0.0,0.0,0.0,"Private Medical Practitioner, PUBLIC DISPENSARY"
213335051.0,6.0,0.0,0.0,0.0,0.0,0.0,0.0,0.0,0.0,0.0,0.0,6.0,0.0,0.0,0.0,0.0,"Hospital, PRIVATE MEDICAL PRACTITIONER"
213335051.0,7.0,0.0,0.0,0.0,0.0,0.0,0.0,0.0,0.0,0.0,0.0,6.0,0.0,0.0,0.0,0.0,"Blood Bank, PRIVATE CLINIC"
213335051.0,8.0,0.0,0.0,0.0,0.0,0.0,0.0,0.0,0.0,0.0,0.0,3.0,0.0,0.0,0.0,0.0,PRIVATE HOSPITAL
214345253.0,1.0,1.0,1.0,1.0,0.0,0.0,2.0,2.0,1.0,1.0,0.0,2.0,0.0,0.0,0.0,1.0,"Basic Health Unit, BASIC HEALTH UNIT (SMALLER)"
214345253.0,2.0,0.0,0.0,0.0,0.0,0.0,0.0,0.0,0.0,0.0,0.0,6.0,0.0,0.0,0.0,0.0,"Rural Health Center, RURAL HEALTH CENTER (LARGE)"
214345253.0,3.0,1.0,0.0,1.0,0.0,0.0,0.0,1.0,1.0,1.0,0.0,4.0,0.0,0.0,0.0,1.0,"Clinic, MATERNAL AND CHILD HEALTH CENTER"
214345253.0,4.0,1.0,2.0,1.0,1.0,1.0,2.0,2.0,1.0,2.0,1.0,2.0,0.0,0.0,0.0,2.0,"Dispensary/pharmacy, PUBLIC HOSPITAL"
214345253.0,5.0,0.0,0.0,0.0,0.0,0.0,0.0,1.0,1.0,1.0,0.0,4.0,0.0,0.0,0.0,1.0,"Private Medical Practitioner, PUBLIC DISPENSARY"
214345253.0,6.0,1.0,2.0,1.0,0.0,1.0,1.0,2.0,1.0,2.0,0.0,2.0,0.0,0.0,0.0,2.0,"Hospital, PRIVATE MEDICAL PRACTITIONER"
214345253.0,7.0,0.0,1.0,0.0,1.0,0.0,0.0,1.0,1.0,1.0,1.0,4.0,0.0,0.0,1.0,1.0,"Blood Bank, PRIVATE CLINIC"
214345253.0,8.0,0.0,0.0,0.0,0.0,0.0,0.0,0.0,0.0,0.0,0.0,3.0,0.0,0.0,0.0,0.0,PRIVATE HOSPITAL
214355354.0,1.0,0.0,1.0,0.0,0.0,1.0,1.0,1.0,1.0,1.0,0.0,1.0,0.0,0.0,0.0,1.0,Basic Health Unit
214355354.0,2.0,1.0,1.0,1.0,0.0,1.0,1.0,1.0,1.0,1.0,0.0,1.0,0.0,0.0,1.0,1.0,Rural Health Center
214355354.0,3.0,0.0,0.0,0.0,0.0,0.0,0.0,1.0,1.0,0.0,0.0,1.0,1.0,1.0,1.0,1.0,Clinic
214355354.0,4.0,1.0,1.0,1.0,1.0,1.0,1.0,1.0,1.0,1.0,1.0,1.0,1.0,1.0,1.0,1.0,Dispensary/pharmacy
214355354.0,5.0,0.0,0.0,0.0,0.0,0.0,0.0,1.0,1.0,0.0,0.0,1.0,0.0,0.0,0.0,1.0,Private Medical Practitioner
214355354.0,6.0,0.0,1.0,0.0,0.0,1.0,1.0,1.0,1.0,1.0,0.0,1.0,0.0,0.0,0.0,1.0,Hospital
214355354.0,7.0,0.0,0.0,0.0,0.0,0.0,0.0,0.0,0.0,0.0,0.0,3.0,0.0,0.0,0.0,0.0,Blood Bank
214365455.0,1.0,0.0,1.0,0.0,0.0,0.0,1.0,1.0,1.0,1.0,0.0,4.0,0.0,0.0,0.0,1.0,"Basic Health Unit, BASIC HEALTH UNIT (SMALLER)"
214365455.0,2.0,0.0,0.0,0.0,0.0,0.0,0.0,0.0,0.0,0.0,0.0,6.0,0.0,0.0,0.0,0.0,"Rural Health Center, RURAL HEALTH CENTER (LARGE)"
214365455.0,3.0,1.0,1.0,1.0,0.0,1.0,2.0,2.0,0.0,2.0,0.0,2.0,0.0,0.0,0.0,2.0,"Clinic, MATERNAL AND CHILD HEALTH CENTER"
214365455.0,4.0,0.0,0.0,0.0,0.0,0.0,0.0,1.0,0.0,1.0,0.0,5.0,0.0,0.0,0.0,1.0,"Dispensary/pharmacy, PUBLIC HOSPITAL"
214365455.0,5.0,0.0,0.0,0.0,0.0,0.0,1.0,1.0,0.0,1.0,0.0,4.0,0.0,0.0,0.0,1.0,"Private Medical Practitioner, PUBLIC DISPENSARY"
214365455.0,6.0,0.0,2.0,0.0,0.0,0.0,1.0,2.0,0.0,2.0,0.0,2.0,0.0,0.0,0.0,2.0,"Hospital, PRIVATE MEDICAL PRACTITIONER"
214365455.0,7.0,0.0,1.0,0.0,0.0,0.0,0.0,1.0,1.0,1.0,0.0,4.0,0.0,0.0,0.0,1.0,"Blood Bank, PRIVATE CLINIC"
214365455.0,8.0,0.0,0.0,0.0,0.0,0.0,0.0,0.0,0.0,0.0,0.0,3.0,0.0,0.0,0.0,0.0,PRIVATE HOSPITAL
214365556.0,1.0,1.0,1.0,1.0,0.0,1.0,1.0,1.0,0.0,1.0,0.0,1.0,0.0,0.0,0.0,1.0,Basic Health Unit
214365556.0,2.0,0.0,0.0,0.0,0.0,0.0,0.0,0.0,0.0,0.0,0.0,3.0,0.0,0.0,0.0,0.0,Rural Health Center
214365556.0,3.0,1.0,1.0,1.0,0.0,1.0,1.0,1.0,0.0,1.0,0.0,1.0,0.0,0.0,0.0,1.0,Clinic
214365556.0,4.0,1.0,1.0,1.0,0.0,1.0,1.0,1.0,0.0,1.0,0.0,1.0,0.0,0.0,0.0,1.0,Dispensary/pharmacy
214365556.0,5.0,0.0,0.0,0.0,0.0,0.0,0.0,1.0,0.0,1.0,0.0,1.0,0.0,0.0,0.0,1.0,Private Medical Practitioner
214365556.0,6.0,1.0,1.0,1.0,0.0,1.0,1.0,1.0,1.0,1.0,0.0,1.0,0.0,0.0,0.0,1.0,Hospital
214365556.0,7.0,0.0,0.0,0.0,0.0,0.0,0.0,0.0,0.0,0.0,0.0,1.0,0.0,0.0,0.0,0.0,Blood Bank
214375556.0,1.0,0.0,0.0,0.0,0.0,0.0,0.0,0.0,0.0,0.0,0.0,3.0,0.0,0.0,0.0,0.0,BASIC HEALTH UNIT (SMALLER)
214375556.0,2.0,0.0,0.0,0.0,0.0,0.0,0.0,0.0,0.0,0.0,0.0,3.0,0.0,0.0,0.0,0.0,RURAL HEALTH CENTER (LARGE)
214375556.0,3.0,0.0,0.0,0.0,0.0,0.0,0.0,0.0,0.0,0.0,0.0,3.0,0.0,0.0,0.0,0.0,MATERNAL AND CHILD HEALTH CENTER
214375556.0,4.0,0.0,0.0,0.0,0.0,0.0,0.0,0.0,0.0,0.0,0.0,3.0,0.0,0.0,0.0,0.0,PUBLIC HOSPITAL
214375556.0,5.0,0.0,0.0,0.0,0.0,0.0,0.0,0.0,0.0,0.0,0.0,3.0,0.0,0.0,0.0,0.0,PUBLIC DISPENSARY
214375556.0,6.0,0.0,0.0,0.0,0.0,0.0,0.0,0.0,0.0,0.0,0.0,3.0,0.0,0.0,0.0,0.0,PRIVATE MEDICAL PRACTITIONER
214375556.0,7.0,0.0,0.0,0.0,0.0,0.0,0.0,0.0,0.0,0.0,0.0,3.0,0.0,0.0,0.0,0.0,PRIVATE CLINIC
214375556.0,8.0,0.0,0.0,0.0,0.0,0.0,0.0,0.0,0.0,0.0,0.0,3.0,0.0,0.0,0.0,0.0,PRIVATE HOSPITAL
215385657.0,1.0,1.0,1.0,1.0,0.0,1.0,1.0,2.0,1.0,1.0,0.0,5.0,0.0,0.0,0.0,2.0,"Basic Health Unit, BASIC HEALTH UNIT (SMALLER)"
215385657.0,2.0,0.0,0.0,0.0,0.0,0.0,0.0,0.0,0.0,0.0,0.0,6.0,0.0,0.0,0.0,0.0,"Rural Health Center, RURAL HEALTH CENTER (LARGE)"
215385657.0,3.0,0.0,0.0,0.0,0.0,0.0,0.0,1.0,1.0,0.0,0.0,4.0,0.0,0.0,0.0,1.0,"Clinic, MATERNAL AND CHILD HEALTH CENTER"
215385657.0,4.0,0.0,0.0,0.0,0.0,0.0,0.0,1.0,1.0,0.0,0.0,4.0,0.0,0.0,0.0,1.0,"Dispensary/pharmacy, PUBLIC HOSPITAL"
215385657.0,5.0,0.0,1.0,0.0,0.0,1.0,0.0,1.0,0.0,1.0,0.0,4.0,0.0,0.0,0.0,1.0,"Private Medical Practitioner, PUBLIC DISPENSARY"
215385657.0,6.0,0.0,1.0,0.0,0.0,0.0,1.0,1.0,1.0,1.0,0.0,5.0,0.0,0.0,0.0,1.0,"Hospital, PRIVATE MEDICAL PRACTITIONER"
215385657.0,7.0,0.0,1.0,0.0,0.0,1.0,0.0,1.0,0.0,1.0,0.0,4.0,0.0,0.0,0.0,1.0,"Blood Bank, PRIVATE CLINIC"
215385657.0,8.0,0.0,0.0,0.0,0.0,0.0,0.0,0.0,0.0,0.0,0.0,3.0,0.0,0.0,0.0,0.0,PRIVATE HOSPITAL
215385657.0,9.0,0.0,0.0,0.0,0.0,0.0,0.0,1.0,0.0,0.0,0.0,1.0,0.0,0.0,0.0,1.0,ATAE DOCTOR
215395758.0,1.0,1.0,2.0,1.0,0.0,1.0,2.0,2.0,2.0,2.0,0.0,2.0,0.0,0.0,0.0,2.0,"Basic Health Unit, BASIC HEALTH UNIT (SMALLER)"
215395758.0,2.0,0.0,0.0,0.0,0.0,0.0,0.0,0.0,0.0,0.0,0.0,6.0,0.0,0.0,0.0,0.0,"Rural Health Center, RURAL HEALTH CENTER (LARGE)"
215395758.0,3.0,1.0,2.0,1.0,0.0,1.0,1.0,2.0,2.0,2.0,0.0,2.0,0.0,0.0,0.0,2.0,"Clinic, MATERNAL AND CHILD HEALTH CENTER"
215395758.0,4.0,0.0,0.0,0.0,0.0,0.0,0.0,1.0,0.0,0.0,0.0,4.0,0.0,0.0,0.0,1.0,"Dispensary/pharmacy, PUBLIC HOSPITAL"
215395758.0,5.0,0.0,1.0,1.0,0.0,0.0,1.0,2.0,2.0,1.0,0.0,2.0,0.0,0.0,0.0,2.0,"Private Medical Practitioner, PUBLIC DISPENSARY"
215395758.0,6.0,0.0,0.0,0.0,0.0,0.0,0.0,0.0,0.0,0.0,0.0,6.0,0.0,0.0,0.0,0.0,"Hospital, PRIVATE MEDICAL PRACTITIONER"
215395758.0,7.0,0.0,1.0,0.0,0.0,0.0,1.0,1.0,1.0,1.0,0.0,4.0,0.0,0.0,0.0,1.0,"Blood Bank, PRIVATE CLINIC"
215395758.0,8.0,1.0,1.0,1.0,0.0,1.0,1.0,1.0,1.0,1.0,0.0,1.0,0.0,0.0,0.0,1.0,PRIVATE HOSPITAL
215395859.0,1.0,1.0,1.0,1.0,0.0,1.0,1.0,1.0,1.0,1.0,0.0,4.0,0.0,0.0,0.0,1.0,"Basic Health Unit, BASIC HEALTH UNIT (SMALLER)"
215395859.0,2.0,0.0,0.0,0.0,0.0,0.0,0.0,0.0,0.0,0.0,0.0,6.0,1.0,1.0,1.0,0.0,"Rural Health Center, RURAL HEALTH CENTER (LARGE)"
215395859.0,3.0,0.0,1.0,0.0,0.0,0.0,1.0,1.0,1.0,1.0,0.0,4.0,0.0,0.0,0.0,1.0,"Clinic, MATERNAL AND CHILD HEALTH CENTER"
215395859.0,4.0,0.0,0.0,0.0,0.0,0.0,0.0,1.0,1.0,0.0,0.0,4.0,0.0,0.0,0.0,1.0,"Dispensary/pharmacy, PUBLIC HOSPITAL"
215395859.0,5.0,0.0,1.0,0.0,0.0,1.0,1.0,1.0,0.0,1.0,0.0,4.0,0.0,0.0,0.0,1.0,"Private Medical Practitioner, PUBLIC DISPENSARY"
215395859.0,6.0,0.0,0.0,0.0,0.0,0.0,0.0,0.0,0.0,0.0,0.0,6.0,0.0,0.0,0.0,0.0,"Hospital, PRIVATE MEDICAL PRACTITIONER"
215395859.0,7.0,0.0,0.0,0.0,0.0,0.0,0.0,0.0,0.0,0.0,0.0,6.0,0.0,0.0,0.0,0.0,"Blood Bank, PRIVATE CLINIC"
215395859.0,8.0,0.0,0.0,0.0,0.0,0.0,0.0,0.0,0.0,0.0,0.0,3.0,0.0,0.0,0.0,0.0,PRIVATE HOSPITAL
215405960.0,1.0,0.0,0.0,0.0,0.0,0.0,0.0,1.0,1.0,0.0,0.0,4.0,1.0,1.0,1.0,1.0,"Basic Health Unit, BASIC HEALTH UNIT (SMALLER)"
215405960.0,2.0,0.0,0.0,0.0,0.0,0.0,0.0,0.0,0.0,0.0,0.0,6.0,0.0,0.0,0.0,0.0,"Rural Health Center, RURAL HEALTH CENTER (LARGE)"
215405960.0,3.0,0.0,0.0,0.0,1.0,0.0,0.0,0.0,0.0,0.0,1.0,6.0,1.0,1.0,1.0,0.0,"Clinic, MATERNAL AND CHILD HEALTH CENTER"
215405960.0,4.0,0.0,0.0,0.0,0.0,0.0,0.0,0.0,0.0,0.0,0.0,6.0,0.0,0.0,0.0,0.0,"Dispensary/pharmacy, PUBLIC HOSPITAL"
215405960.0,5.0,0.0,0.0,0.0,0.0,0.0,0.0,0.0,0.0,0.0,0.0,6.0,0.0,0.0,0.0,0.0,"Private Medical Practitioner, PUBLIC DISPENSARY"
215405960.0,6.0,0.0,0.0,0.0,0.0,0.0,0.0,0.0,0.0,0.0,0.0,6.0,0.0,0.0,0.0,0.0,"Hospital, PRIVATE MEDICAL PRACTITIONER"
215405960.0,7.0,0.0,0.0,0.0,0.0,0.0,0.0,0.0,0.0,0.0,0.0,6.0,0.0,0.0,0.0,0.0,"Blood Bank, PRIVATE CLINIC"
215405960.0,8.0,0.0,0.0,0.0,0.0,0.0,0.0,0.0,0.0,0.0,0.0,3.0,0.0,0.0,0.0,0.0,PRIVATE HOSPITAL
216416061.0,1.0,0.0,0.0,0.0,0.0,0.0,0.0,0.0,0.0,0.0,0.0,6.0,0.0,0.0,0.0,0.0,"Basic Health Unit, BASIC HEALTH UNIT (SMALLER)"
216416061.0,2.0,0.0,0.0,0.0,0.0,0.0,0.0,0.0,0.0,0.0,0.0,6.0,1.0,1.0,1.0,0.0,"Rural Health Center, RURAL HEALTH CENTER (LARGE)"
216416061.0,3.0,0.0,0.0,0.0,0.0,0.0,0.0,0.0,0.0,0.0,0.0,6.0,0.0,0.0,0.0,0.0,"Clinic, MATERNAL AND CHILD HEALTH CENTER"
216416061.0,4.0,0.0,0.0,0.0,0.0,0.0,0.0,1.0,1.0,0.0,0.0,4.0,0.0,0.0,0.0,1.0,"Dispensary/pharmacy, PUBLIC HOSPITAL"
216416061.0,5.0,0.0,1.0,0.0,0.0,0.0,0.0,1.0,0.0,0.0,0.0,4.0,0.0,0.0,0.0,1.0,"Private Medical Practitioner, PUBLIC DISPENSARY"
216416061.0,6.0,0.0,0.0,0.0,0.0,0.0,0.0,0.0,0.0,0.0,0.0,6.0,0.0,0.0,0.0,0.0,"Hospital, PRIVATE MEDICAL PRACTITIONER"
216416061.0,7.0,0.0,0.0,0.0,0.0,0.0,0.0,0.0,0.0,0.0,0.0,6.0,0.0,0.0,0.0,0.0,"Blood Bank, PRIVATE CLINIC"
216416061.0,8.0,0.0,0.0,0.0,0.0,0.0,0.0,0.0,0.0,0.0,0.0,3.0,0.0,0.0,0.0,0.0,PRIVATE HOSPITAL
216416162.0,1.0,0.0,0.0,0.0,0.0,0.0,0.0,0.0,0.0,0.0,0.0,6.0,0.0,0.0,0.0,0.0,"Basic Health Unit, BASIC HEALTH UNIT (SMALLER)"
216416162.0,2.0,0.0,0.0,0.0,0.0,0.0,0.0,0.0,0.0,0.0,0.0,6.0,0.0,0.0,0.0,0.0,"Rural Health Center, RURAL HEALTH CENTER (LARGE)"
216416162.0,3.0,0.0,0.0,0.0,0.0,0.0,0.0,0.0,0.0,0.0,0.0,6.0,0.0,0.0,0.0,0.0,"Clinic, MATERNAL AND CHILD HEALTH CENTER"
216416162.0,4.0,0.0,0.0,0.0,0.0,0.0,0.0,0.0,0.0,0.0,0.0,6.0,0.0,0.0,0.0,0.0,"Dispensary/pharmacy, PUBLIC HOSPITAL"
216416162.0,5.0,0.0,0.0,0.0,0.0,0.0,0.0,0.0,0.0,0.0,0.0,6.0,0.0,0.0,0.0,0.0,"Private Medical Practitioner, PUBLIC DISPENSARY"
216416162.0,6.0,0.0,0.0,0.0,0.0,0.0,0.0,0.0,0.0,0.0,0.0,6.0,0.0,0.0,0.0,0.0,"Hospital, PRIVATE MEDICAL PRACTITIONER"
216416162.0,7.0,0.0,1.0,0.0,0.0,0.0,1.0,1.0,0.0,0.0,0.0,4.0,0.0,0.0,0.0,0.0,"Blood Bank, PRIVATE CLINIC"
216416162.0,8.0,0.0,0.0,0.0,0.0,0.0,0.0,0.0,0.0,0.0,0.0,3.0,0.0,0.0,0.0,0.0,PRIVATE HOSPITAL
216426263.0,1.0,0.0,0.0,0.0,0.0,0.0,0.0,0.0,0.0,0.0,0.0,6.0,0.0,0.0,0.0,0.0,"Basic Health Unit, BASIC HEALTH UNIT (SMALLER)"
216426263.0,2.0,0.0,0.0,0.0,0.0,0.0,0.0,0.0,0.0,0.0,0.0,6.0,0.0,0.0,0.0,0.0,"Rural Health Center, RURAL HEALTH CENTER (LARGE)"
216426263.0,3.0,0.0,0.0,0.0,0.0,0.0,0.0,0.0,0.0,0.0,0.0,6.0,0.0,0.0,0.0,0.0,"Clinic, MATERNAL AND CHILD HEALTH CENTER"
216426263.0,4.0,0.0,0.0,0.0,0.0,0.0,0.0,0.0,0.0,0.0,0.0,6.0,1.0,0.0,0.0,0.0,"Dispensary/pharmacy, PUBLIC HOSPITAL"
216426263.0,5.0,0.0,0.0,0.0,0.0,0.0,0.0,0.0,0.0,0.0,0.0,6.0,0.0,0.0,0.0,0.0,"Private Medical Practitioner, PUBLIC DISPENSARY"
216426263.0,6.0,0.0,0.0,0.0,0.0,0.0,0.0,0.0,0.0,0.0,0.0,6.0,0.0,0.0,0.0,0.0,"Hospital, PRIVATE MEDICAL PRACTITIONER"
216426263.0,7.0,0.0,0.0,0.0,0.0,0.0,0.0,0.0,0.0,0.0,0.0,6.0,0.0,0.0,0.0,0.0,"Blood Bank, PRIVATE CLINIC"
216426263.0,8.0,0.0,0.0,0.0,0.0,0.0,0.0,0.0,0.0,0.0,0.0,3.0,0.0,0.0,0.0,0.0,PRIVATE HOSPITAL
216436364.0,1.0,0.0,0.0,0.0,0.0,0.0,0.0,0.0,0.0,0.0,0.0,6.0,0.0,0.0,0.0,0.0,"Basic Health Unit, BASIC HEALTH UNIT (SMALLER)"
216436364.0,2.0,0.0,0.0,0.0,0.0,0.0,0.0,0.0,0.0,0.0,0.0,6.0,0.0,0.0,0.0,0.0,"Rural Health Center, RURAL HEALTH CENTER (LARGE)"
216436364.0,3.0,0.0,0.0,0.0,0.0,0.0,0.0,0.0,0.0,0.0,0.0,6.0,0.0,0.0,0.0,0.0,"Clinic, MATERNAL AND CHILD HEALTH CENTER"
216436364.0,4.0,0.0,0.0,0.0,0.0,0.0,0.0,0.0,0.0,0.0,0.0,6.0,1.0,0.0,1.0,0.0,"Dispensary/pharmacy, PUBLIC HOSPITAL"
216436364.0,5.0,0.0,0.0,0.0,0.0,0.0,0.0,0.0,0.0,0.0,0.0,6.0,0.0,0.0,0.0,0.0,"Private Medical Practitioner, PUBLIC DISPENSARY"
216436364.0,6.0,0.0,0.0,0.0,0.0,0.0,0.0,0.0,0.0,0.0,0.0,6.0,0.0,0.0,0.0,0.0,"Hospital, PRIVATE MEDICAL PRACTITIONER"
216436364.0,7.0,0.0,0.0,0.0,1.0,0.0,0.0,0.0,0.0,0.0,1.0,6.0,1.0,1.0,1.0,0.0,"Blood Bank, PRIVATE CLINIC"
216436364.0,8.0,0.0,0.0,0.0,0.0,0.0,0.0,0.0,0.0,0.0,0.0,3.0,0.0,0.0,0.0,0.0,PRIVATE HOSPITAL
217446465.0,1.0,0.0,1.0,0.0,0.0,0.0,1.0,1.0,1.0,1.0,0.0,4.0,0.0,0.0,0.0,1.0,"Basic Health Unit, BASIC HEALTH UNIT (SMALLER)"
217446465.0,2.0,0.0,0.0,0.0,0.0,0.0,0.0,0.0,0.0,0.0,0.0,6.0,0.0,0.0,0.0,0.0,"Rural Health Center, RURAL HEALTH CENTER (LARGE)"
217446465.0,3.0,0.0,0.0,0.0,0.0,0.0,0.0,0.0,0.0,0.0,0.0,6.0,0.0,0.0,0.0,0.0,"Clinic, MATERNAL AND CHILD HEALTH CENTER"
217446465.0,4.0,0.0,0.0,0.0,0.0,0.0,0.0,0.0,0.0,0.0,0.0,6.0,1.0,1.0,1.0,0.0,"Dispensary/pharmacy, PUBLIC HOSPITAL"
217446465.0,5.0,0.0,0.0,0.0,0.0,0.0,0.0,0.0,0.0,0.0,0.0,6.0,0.0,0.0,0.0,0.0,"Private Medical Practitioner, PUBLIC DISPENSARY"
217446465.0,6.0,0.0,0.0,0.0,0.0,0.0,0.0,0.0,0.0,0.0,0.0,6.0,1.0,1.0,1.0,0.0,"Hospital, PRIVATE MEDICAL PRACTITIONER"
217446465.0,7.0,0.0,1.0,0.0,0.0,0.0,1.0,1.0,1.0,1.0,0.0,4.0,0.0,0.0,0.0,1.0,"Blood Bank, PRIVATE CLINIC"
217446465.0,8.0,0.0,0.0,0.0,0.0,0.0,0.0,0.0,0.0,0.0,0.0,3.0,0.0,0.0,0.0,0.0,PRIVATE HOSPITAL
217446566.0,1.0,0.0,0.0,0.0,0.0,0.0,0.0,0.0,0.0,0.0,0.0,6.0,1.0,0.0,1.0,0.0,"Basic Health Unit, BASIC HEALTH UNIT (SMALLER)"
217446566.0,2.0,0.0,0.0,0.0,1.0,0.0,0.0,0.0,0.0,0.0,1.0,6.0,1.0,1.0,1.0,0.0,"Rural Health Center, RURAL HEALTH CENTER (LARGE)"
217446566.0,3.0,0.0,0.0,0.0,0.0,0.0,0.0,0.0,0.0,0.0,0.0,6.0,0.0,0.0,0.0,0.0,"Clinic, MATERNAL AND CHILD HEALTH CENTER"
217446566.0,4.0,1.0,1.0,1.0,0.0,1.0,1.0,1.0,1.0,1.0,0.0,2.0,0.0,0.0,0.0,1.0,"Dispensary/pharmacy, PUBLIC HOSPITAL"
217446566.0,5.0,0.0,1.0,0.0,0.0,0.0,0.0,1.0,0.0,0.0,0.0,4.0,0.0,0.0,0.0,0.0,"Private Medical Practitioner, PUBLIC DISPENSARY"
217446566.0,6.0,0.0,0.0,0.0,0.0,0.0,0.0,0.0,0.0,0.0,0.0,6.0,0.0,0.0,0.0,0.0,"Hospital, PRIVATE MEDICAL PRACTITIONER"
217446566.0,7.0,0.0,1.0,0.0,0.0,0.0,0.0,1.0,1.0,1.0,0.0,4.0,0.0,0.0,0.0,1.0,"Blood Bank, PRIVATE CLINIC"
217446566.0,8.0,0.0,0.0,0.0,0.0,0.0,0.0,0.0,0.0,0.0,0.0,3.0,0.0,0.0,0.0,0.0,PRIVATE HOSPITAL
217446667.0,1.0,0.0,1.0,0.0,1.0,0.0,1.0,1.0,1.0,1.0,1.0,4.0,1.0,1.0,1.0,1.0,"Basic Health Unit, BASIC HEALTH UNIT (SMALLER)"
217446667.0,2.0,0.0,0.0,0.0,0.0,0.0,0.0,0.0,0.0,0.0,0.0,6.0,0.0,0.0,0.0,0.0,"Rural Health Center, RURAL HEALTH CENTER (LARGE)"
217446667.0,3.0,0.0,1.0,0.0,0.0,0.0,1.0,1.0,1.0,1.0,0.0,4.0,0.0,0.0,0.0,1.0,"Clinic, MATERNAL AND CHILD HEALTH CENTER"
217446667.0,4.0,0.0,0.0,0.0,0.0,0.0,0.0,0.0,0.0,0.0,0.0,6.0,1.0,1.0,1.0,0.0,"Dispensary/pharmacy, PUBLIC HOSPITAL"
217446667.0,5.0,0.0,1.0,0.0,0.0,0.0,1.0,1.0,1.0,1.0,0.0,4.0,0.0,0.0,0.0,1.0,"Private Medical Practitioner, PUBLIC DISPENSARY"
217446667.0,6.0,1.0,1.0,1.0,0.0,1.0,1.0,1.0,1.0,1.0,0.0,4.0,0.0,0.0,0.0,1.0,"Hospital, PRIVATE MEDICAL PRACTITIONER"
217446667.0,7.0,0.0,0.0,0.0,0.0,0.0,0.0,0.0,0.0,0.0,0.0,6.0,0.0,0.0,0.0,0.0,"Blood Bank, PRIVATE CLINIC"
217446667.0,8.0,0.0,0.0,0.0,0.0,0.0,0.0,0.0,0.0,0.0,0.0,3.0,0.0,0.0,0.0,0.0,PRIVATE HOSPITAL
217456768.0,1.0,0.0,1.0,0.0,0.0,1.0,1.0,1.0,0.0,0.0,0.0,4.0,0.0,0.0,0.0,0.0,"Basic Health Unit, BASIC HEALTH UNIT (SMALLER)"
217456768.0,2.0,0.0,0.0,0.0,0.0,0.0,0.0,0.0,0.0,0.0,0.0,6.0,0.0,0.0,0.0,0.0,"Rural Health Center, RURAL HEALTH CENTER (LARGE)"
217456768.0,3.0,0.0,0.0,0.0,0.0,0.0,0.0,0.0,0.0,0.0,0.0,6.0,0.0,0.0,0.0,0.0,"Clinic, MATERNAL AND CHILD HEALTH CENTER"
217456768.0,4.0,0.0,0.0,0.0,0.0,0.0,0.0,0.0,0.0,0.0,0.0,4.0,1.0,1.0,1.0,0.0,"Dispensary/pharmacy, PUBLIC HOSPITAL"
217456768.0,5.0,0.0,1.0,0.0,0.0,0.0,1.0,1.0,1.0,1.0,0.0,4.0,0.0,0.0,0.0,1.0,"Private Medical Practitioner, PUBLIC DISPENSARY"
217456768.0,6.0,0.0,0.0,0.0,0.0,0.0,0.0,0.0,0.0,0.0,0.0,6.0,0.0,0.0,0.0,0.0,"Hospital, PRIVATE MEDICAL PRACTITIONER"
217456768.0,7.0,0.0,0.0,0.0,0.0,0.0,0.0,0.0,0.0,0.0,0.0,6.0,0.0,0.0,0.0,0.0,"Blood Bank, PRIVATE CLINIC"
217456768.0,8.0,0.0,0.0,0.0,0.0,0.0,0.0,0.0,0.0,0.0,0.0,3.0,0.0,0.0,0.0,0.0,PRIVATE HOSPITAL
318466869.0,1.0,0.0,0.0,0.0,0.0,0.0,0.0,0.0,0.0,0.0,0.0,6.0,0.0,0.0,0.0,0.0,"Basic Health Unit, BASIC HEALTH UNIT (SMALLER)"
318466869.0,2.0,0.0,0.0,0.0,0.0,0.0,0.0,0.0,0.0,0.0,0.0,6.0,0.0,0.0,0.0,0.0,"Rural Health Center, RURAL HEALTH CENTER (LARGE)"
318466869.0,3.0,0.0,0.0,0.0,0.0,0.0,0.0,0.0,0.0,0.0,0.0,6.0,1.0,1.0,1.0,0.0,"Clinic, MATERNAL AND CHILD HEALTH CENTER"
318466869.0,4.0,0.0,1.0,0.0,0.0,1.0,0.0,1.0,1.0,1.0,0.0,4.0,0.0,0.0,0.0,1.0,"Dispensary/pharmacy, PUBLIC HOSPITAL"
318466869.0,5.0,0.0,0.0,0.0,0.0,0.0,0.0,0.0,0.0,0.0,0.0,6.0,0.0,0.0,0.0,0.0,"Private Medical Practitioner, PUBLIC DISPENSARY"
318466869.0,6.0,0.0,0.0,0.0,0.0,0.0,0.0,0.0,0.0,0.0,0.0,6.0,0.0,0.0,0.0,0.0,"Hospital, PRIVATE MEDICAL PRACTITIONER"
318466869.0,7.0,0.0,0.0,0.0,0.0,0.0,0.0,0.0,0.0,0.0,0.0,6.0,0.0,0.0,0.0,0.0,"Blood Bank, PRIVATE CLINIC"
318466869.0,8.0,0.0,0.0,0.0,0.0,0.0,0.0,0.0,0.0,0.0,0.0,3.0,0.0,0.0,0.0,0.0,PRIVATE HOSPITAL
318466970.0,1.0,1.0,1.0,1.0,0.0,1.0,1.0,1.0,1.0,1.0,0.0,4.0,0.0,0.0,0.0,1.0,"Basic Health Unit, BASIC HEALTH UNIT (SMALLER)"
318466970.0,2.0,0.0,0.0,0.0,0.0,0.0,0.0,0.0,0.0,0.0,0.0,6.0,0.0,0.0,0.0,0.0,"Rural Health Center, RURAL HEALTH CENTER (LARGE)"
318466970.0,3.0,0.0,1.0,0.0,0.0,1.0,1.0,1.0,1.0,1.0,0.0,4.0,0.0,0.0,0.0,1.0,"Clinic, MATERNAL AND CHILD HEALTH CENTER"
318466970.0,4.0,0.0,1.0,0.0,0.0,1.0,1.0,1.0,1.0,0.0,0.0,4.0,0.0,0.0,0.0,1.0,"Dispensary/pharmacy, PUBLIC HOSPITAL"
318466970.0,5.0,1.0,1.0,1.0,0.0,1.0,1.0,1.0,1.0,1.0,0.0,4.0,0.0,0.0,0.0,1.0,"Private Medical Practitioner, PUBLIC DISPENSARY"
318466970.0,6.0,1.0,1.0,1.0,0.0,1.0,1.0,1.0,1.0,1.0,0.0,4.0,0.0,0.0,0.0,1.0,"Hospital, PRIVATE MEDICAL PRACTITIONER"
318466970.0,7.0,0.0,0.0,0.0,0.0,0.0,0.0,0.0,0.0,0.0,0.0,6.0,0.0,0.0,0.0,0.0,"Blood Bank, PRIVATE CLINIC"
318466970.0,8.0,0.0,0.0,0.0,0.0,0.0,0.0,0.0,0.0,0.0,0.0,3.0,0.0,0.0,0.0,0.0,PRIVATE HOSPITAL
318467071.0,1.0,0.0,1.0,0.0,0.0,1.0,1.0,1.0,1.0,0.0,0.0,4.0,0.0,0.0,0.0,1.0,"Basic Health Unit, BASIC HEALTH UNIT (SMALLER)"
318467071.0,2.0,1.0,1.0,1.0,0.0,1.0,1.0,1.0,1.0,1.0,0.0,4.0,0.0,0.0,0.0,1.0,"Rural Health Center, RURAL HEALTH CENTER (LARGE)"
318467071.0,3.0,0.0,1.0,0.0,0.0,0.0,1.0,1.0,1.0,0.0,0.0,4.0,0.0,0.0,0.0,1.0,"Clinic, MATERNAL AND CHILD HEALTH CENTER"
318467071.0,4.0,0.0,1.0,0.0,0.0,1.0,1.0,1.0,1.0,0.0,0.0,4.0,0.0,0.0,0.0,1.0,"Dispensary/pharmacy, PUBLIC HOSPITAL"
318467071.0,5.0,0.0,1.0,0.0,0.0,1.0,1.0,1.0,1.0,0.0,0.0,4.0,0.0,0.0,0.0,1.0,"Private Medical Practitioner, PUBLIC DISPENSARY"
318467071.0,6.0,1.0,1.0,1.0,0.0,1.0,1.0,1.0,1.0,1.0,0.0,4.0,0.0,0.0,0.0,1.0,"Hospital, PRIVATE MEDICAL PRACTITIONER"
318467071.0,7.0,0.0,0.0,0.0,0.0,0.0,0.0,0.0,0.0,0.0,0.0,6.0,0.0,0.0,0.0,0.0,"Blood Bank, PRIVATE CLINIC"
318467071.0,8.0,0.0,0.0,0.0,0.0,0.0,0.0,0.0,0.0,0.0,0.0,3.0,0.0,0.0,0.0,0.0,PRIVATE HOSPITAL
318467172.0,1.0,1.0,1.0,1.0,0.0,1.0,1.0,1.0,1.0,1.0,0.0,4.0,0.0,0.0,0.0,1.0,"Basic Health Unit, BASIC HEALTH UNIT (SMALLER)"
318467172.0,2.0,1.0,1.0,1.0,0.0,1.0,1.0,1.0,1.0,1.0,0.0,4.0,0.0,0.0,0.0,1.0,"Rural Health Center, RURAL HEALTH CENTER (LARGE)"
318467172.0,3.0,0.0,0.0,0.0,0.0,0.0,0.0,1.0,1.0,0.0,0.0,4.0,0.0,0.0,0.0,1.0,"Clinic, MATERNAL AND CHILD HEALTH CENTER"
318467172.0,4.0,0.0,1.0,0.0,0.0,1.0,0.0,1.0,1.0,0.0,0.0,4.0,0.0,0.0,0.0,1.0,"Dispensary/pharmacy, PUBLIC HOSPITAL"
318467172.0,5.0,1.0,1.0,1.0,0.0,1.0,1.0,1.0,1.0,1.0,0.0,4.0,0.0,0.0,0.0,1.0,"Private Medical Practitioner, PUBLIC DISPENSARY"
318467172.0,6.0,1.0,1.0,1.0,0.0,1.0,1.0,1.0,1.0,1.0,0.0,4.0,0.0,0.0,0.0,1.0,"Hospital, PRIVATE MEDICAL PRACTITIONER"
318467172.0,7.0,0.0,0.0,0.0,0.0,0.0,0.0,0.0,0.0,0.0,0.0,4.0,0.0,0.0,0.0,0.0,"Blood Bank, PRIVATE CLINIC"
318467172.0,8.0,0.0,0.0,0.0,0.0,0.0,0.0,0.0,0.0,0.0,0.0,3.0,0.0,0.0,0.0,0.0,PRIVATE HOSPITAL
319477273.0,1.0,0.0,0.0,0.0,0.0,0.0,0.0,0.0,0.0,0.0,0.0,6.0,0.0,0.0,0.0,0.0,"Basic Health Unit, BASIC HEALTH UNIT (SMALLER)"
319477273.0,2.0,0.0,0.0,0.0,0.0,0.0,0.0,0.0,0.0,0.0,0.0,6.0,0.0,0.0,0.0,0.0,"Rural Health Center, RURAL HEALTH CENTER (LARGE)"
319477273.0,3.0,0.0,0.0,0.0,0.0,0.0,0.0,0.0,0.0,0.0,0.0,6.0,0.0,0.0,0.0,0.0,"Clinic, MATERNAL AND CHILD HEALTH CENTER"
319477273.0,4.0,0.0,0.0,0.0,0.0,0.0,0.0,0.0,0.0,0.0,0.0,6.0,0.0,0.0,0.0,0.0,"Dispensary/pharmacy, PUBLIC HOSPITAL"
319477273.0,5.0,0.0,0.0,0.0,0.0,0.0,0.0,0.0,0.0,0.0,0.0,6.0,0.0,0.0,0.0,0.0,"Private Medical Practitioner, PUBLIC DISPENSARY"
319477273.0,6.0,0.0,0.0,0.0,0.0,0.0,0.0,0.0,0.0,0.0,0.0,6.0,0.0,0.0,0.0,0.0,"Hospital, PRIVATE MEDICAL PRACTITIONER"
319477273.0,7.0,0.0,0.0,0.0,0.0,0.0,0.0,0.0,0.0,0.0,0.0,6.0,0.0,0.0,0.0,0.0,"Blood Bank, PRIVATE CLINIC"
319477273.0,8.0,0.0,0.0,0.0,0.0,0.0,0.0,0.0,0.0,0.0,0.0,3.0,0.0,0.0,0.0,0.0,PRIVATE HOSPITAL
319477274.0,1.0,0.0,0.0,0.0,0.0,0.0,0.0,0.0,0.0,0.0,0.0,6.0,0.0,0.0,0.0,0.0,"Basic Health Unit, BASIC HEALTH UNIT (SMALLER)"
319477274.0,2.0,0.0,0.0,0.0,0.0,0.0,0.0,0.0,0.0,0.0,0.0,6.0,0.0,0.0,0.0,0.0,"Rural Health Center, RURAL HEALTH CENTER (LARGE)"
319477274.0,3.0,0.0,0.0,0.0,0.0,0.0,0.0,0.0,0.0,0.0,0.0,6.0,0.0,0.0,0.0,0.0,"Clinic, MATERNAL AND CHILD HEALTH CENTER"
319477274.0,4.0,0.0,0.0,0.0,0.0,0.0,0.0,0.0,0.0,0.0,0.0,6.0,0.0,0.0,0.0,0.0,"Dispensary/pharmacy, PUBLIC HOSPITAL"
319477274.0,5.0,0.0,0.0,0.0,0.0,0.0,0.0,0.0,0.0,0.0,0.0,6.0,0.0,0.0,0.0,0.0,"Private Medical Practitioner, PUBLIC DISPENSARY"
319477274.0,6.0,0.0,0.0,0.0,0.0,0.0,0.0,0.0,0.0,0.0,0.0,6.0,0.0,0.0,0.0,0.0,"Hospital, PRIVATE MEDICAL PRACTITIONER"
319477274.0,7.0,0.0,0.0,0.0,0.0,0.0,0.0,1.0,0.0,0.0,0.0,4.0,0.0,0.0,0.0,1.0,"Blood Bank, PRIVATE CLINIC"
319477274.0,8.0,0.0,0.0,0.0,0.0,0.0,0.0,0.0,0.0,0.0,0.0,3.0,0.0,0.0,0.0,0.0,PRIVATE HOSPITAL
319477374.0,1.0,1.0,1.0,1.0,0.0,1.0,1.0,1.0,1.0,1.0,0.0,1.0,0.0,0.0,0.0,1.0,Basic Health Unit
319477374.0,2.0,1.0,1.0,1.0,0.0,1.0,1.0,1.0,1.0,1.0,0.0,1.0,0.0,0.0,0.0,1.0,Rural Health Center
319477374.0,3.0,1.0,1.0,1.0,0.0,1.0,1.0,1.0,1.0,1.0,0.0,1.0,0.0,0.0,0.0,1.0,Clinic
319477374.0,4.0,1.0,1.0,1.0,0.0,1.0,1.0,1.0,1.0,1.0,0.0,1.0,0.0,0.0,0.0,1.0,Dispensary/pharmacy
319477374.0,5.0,1.0,1.0,1.0,0.0,1.0,1.0,1.0,1.0,1.0,0.0,1.0,0.0,0.0,0.0,1.0,Private Medical Practitioner
319477374.0,6.0,1.0,1.0,1.0,0.0,1.0,1.0,1.0,1.0,1.0,0.0,1.0,0.0,0.0,0.0,1.0,Hospital
319477374.0,7.0,0.0,0.0,0.0,0.0,0.0,0.0,0.0,0.0,0.0,0.0,3.0,0.0,0.0,0.0,0.0,Blood Bank
319477375.0,1.0,0.0,0.0,0.0,0.0,0.0,0.0,0.0,0.0,0.0,0.0,3.0,0.0,0.0,0.0,0.0,BASIC HEALTH UNIT (SMALLER)
319477375.0,2.0,0.0,0.0,0.0,0.0,0.0,0.0,0.0,0.0,0.0,0.0,3.0,0.0,0.0,0.0,0.0,RURAL HEALTH CENTER (LARGE)
319477375.0,3.0,0.0,0.0,0.0,0.0,0.0,0.0,0.0,0.0,0.0,0.0,3.0,0.0,0.0,0.0,0.0,MATERNAL AND CHILD HEALTH CENTER
319477375.0,4.0,0.0,0.0,0.0,0.0,0.0,0.0,0.0,0.0,0.0,0.0,3.0,0.0,0.0,0.0,0.0,PUBLIC HOSPITAL
319477375.0,5.0,0.0,0.0,0.0,0.0,0.0,0.0,0.0,0.0,0.0,0.0,3.0,0.0,0.0,0.0,0.0,PUBLIC DISPENSARY
319477375.0,6.0,0.0,0.0,0.0,0.0,0.0,0.0,0.0,0.0,0.0,0.0,3.0,0.0,0.0,0.0,0.0,PRIVATE MEDICAL PRACTITIONER
319477375.0,7.0,0.0,0.0,0.0,0.0,0.0,0.0,0.0,0.0,0.0,0.0,3.0,0.0,0.0,0.0,0.0,PRIVATE CLINIC
319477375.0,8.0,0.0,0.0,0.0,0.0,0.0,0.0,0.0,0.0,0.0,0.0,3.0,0.0,0.0,0.0,0.0,PRIVATE HOSPITAL
319487476.0,1.0,1.0,1.0,1.0,0.0,1.0,1.0,1.0,1.0,1.0,0.0,4.0,0.0,0.0,0.0,1.0,"Basic Health Unit, BASIC HEALTH UNIT (SMALLER)"
319487476.0,2.0,0.0,0.0,0.0,0.0,0.0,0.0,0.0,0.0,0.0,0.0,6.0,0.0,0.0,0.0,0.0,"Rural Health Center, RURAL HEALTH CENTER (LARGE)"
319487476.0,3.0,0.0,0.0,0.0,0.0,0.0,0.0,0.0,0.0,0.0,0.0,6.0,1.0,0.0,1.0,0.0,"Clinic, MATERNAL AND CHILD HEALTH CENTER"
319487476.0,4.0,2.0,2.0,2.0,0.0,2.0,2.0,2.0,2.0,2.0,0.0,2.0,0.0,0.0,0.0,2.0,"Dispensary/pharmacy, PUBLIC HOSPITAL"
319487476.0,5.0,0.0,0.0,0.0,0.0,0.0,0.0,0.0,0.0,0.0,0.0,6.0,0.0,0.0,0.0,0.0,"Private Medical Practitioner, PUBLIC DISPENSARY"
319487476.0,6.0,0.0,1.0,0.0,0.0,0.0,0.0,1.0,1.0,0.0,0.0,4.0,0.0,0.0,0.0,1.0,"Hospital, PRIVATE MEDICAL PRACTITIONER"
319487476.0,7.0,0.0,1.0,0.0,0.0,0.0,0.0,1.0,1.0,0.0,0.0,4.0,0.0,0.0,0.0,1.0,"Blood Bank, PRIVATE CLINIC"
319487476.0,8.0,1.0,1.0,1.0,0.0,1.0,1.0,1.0,1.0,1.0,0.0,1.0,0.0,0.0,0.0,1.0,PRIVATE HOSPITAL
